"","公司代號","Open","High","Low","ClosePrice","Volume","Adjusted","day","MA28"
"1","2801",17.700001,17.75,17.549999,17.75,4666904,17.75,"2020-12-01",17.6874998214286
"2","2809",38.299999,38.5,38.099998,38.5,1187252,38.5,"2020-12-01",38.9428572142857
"3","2812",10.95,11,10.9,10.95,2548858,10.95,"2020-12-01",10.9491405714286
"4","2820",15,15,14.85,14.85,601946,14.85,"2020-12-01",14.7875
"5","2834",9.95,9.95,9.84,9.91,9517646,9.91,"2020-12-01",9.78142857142857
"6","2836",9.853404,9.853404,9.805572,9.805572,200130,9.660524,"2020-12-01",9.73553221428569
"7","2838",10.4,10.45,10.4,10.45,1789282,10.45,"2020-12-01",10.2625
"8","2845",10.75,10.8,10.65,10.7,1801434,10.7,"2020-12-01",10.5982142857143
"9","2849",15.65,15.7,15.5,15.6,27026,15.6,"2020-12-01",15.1
"10","2897",6.6,6.62,6.59,6.62,1214930,6.62,"2020-12-01",6.52571428571429
"11","5876",39,39.900002,39,39.900002,3376646,39.900002,"2020-12-01",39.2910711428571
"12","2855",15.8,15.85,15.7,15.85,3341558,15.85,"2020-12-01",15.1946428571429
"13","6005",12,12.2,11.9,12.2,8599797,12.2,"2020-12-01",11.3660714285714
"14","6024",37.849998,37.849998,37.599998,37.700001,168880,37.700001,"2020-12-01",37.2803574285714
"15","1101",42.799999,43.150002,42.700001,43.150002,10022196,43.150002,"2020-12-01",41.8392858928572
"16","1102",43.400002,43.700001,43.299999,43.299999,3600919,43.299999,"2020-12-01",42.8660716071429
"17","1103",18.25,18.450001,18.1,18.299999,971776,18.299999,"2020-12-01",16.8571428214286
"18","1104",23,23.200001,22.799999,23.200001,2331395,23.200001,"2020-12-01",21.5821427857143
"19","1108",11.85,12,11.7,11.9,2589748,11.9,"2020-12-01",11.4392857142857
"20","1109",20.549999,20.700001,20.4,20.700001,918645,20.700001,"2020-12-01",19.6535716428572
"21","1110",17.4,17.799999,17.4,17.6,134483,17.6,"2020-12-01",17.0928572142857
"22","1201",21.65,21.9,21.4,21.65,2148414,21.65,"2020-12-01",20.6160714642857
"23","1203",36.799999,36.799999,36.650002,36.650002,31409,36.650002,"2020-12-01",35.8964286785714
"24","1210",46.549999,46.799999,46.5,46.599998,1167591,46.599998,"2020-12-01",45.9517863214286
"25","1213",8.36,8.5,8.35,8.35,13001,8.35,"2020-12-01",8.6632142857143
"26","1215",71.400002,71.5,70.599998,71.099998,557122,71.099998,"2020-12-01",70.6714283928571
"27","1216",65.199997,66.099998,65.199997,66.099998,9346794,66.099998,"2020-12-01",64.9821429285716
"28","1217",8.38,8.39,8.23,8.28,3041396,8.28,"2020-12-01",7.77428571428571
"29","1218",23.5,23.549999,23.4,23.450001,1014741,23.450001,"2020-12-01",22.6660715357142
"30","1219",19.5,19.549999,19.4,19.549999,585807,19.549999,"2020-12-01",19.0589285714285
"31","1220",12.35,12.45,12.25,12.4,1246001,12.4,"2020-12-01",12.0964285714286
"32","1225",31.950001,32.049999,31.85,32,46002,32,"2020-12-01",31.9178571785712
"33","1227",62.400002,62.400002,61.799999,62,1338221,62,"2020-12-01",62.48928575
"34","1229",41.5,41.599998,41.299999,41.549999,1207135,41.549999,"2020-12-01",40.9249998928571
"35","1231",45.25,45.75,45.150002,45.599998,535492,45.599998,"2020-12-01",43.6375002857143
"36","1232",124,124.5,124,124.5,36708,124.5,"2020-12-01",123.821428571429
"37","1233",36,36,35.900002,35.900002,26000,35.900002,"2020-12-01",36.0785716428571
"38","1234",33.099998,33.099998,32.950001,33,168507,33,"2020-12-01",32.9053570714286
"39","1235",23.744076,24.075829,23.744076,24.028437,29631,23.530672,"2020-12-01",23.8574811428571
"40","1236",13.65,13.65,13.6,13.6,34202,13.6,"2020-12-01",13.4946428571429
"41","1256",315,319,314,319,41407,319,"2020-12-01",300.339285714286
"42","1301",85.699997,87.599998,85.699997,87.599998,7172352,87.599998,"2020-12-01",84.4928571785715
"43","1303",64.599998,66,64.599998,66,5984125,66,"2020-12-01",63.0392854642857
"44","1304",20.1,20.200001,19.65,20.200001,9338589,20.200001,"2020-12-01",19.0482145
"45","1305",23.700001,23.75,23.049999,23.15,8853813,23.15,"2020-12-01",22.7464286428572
"46","1307",22.85,23,22.700001,22.799999,251865,22.799999,"2020-12-01",21.5714285
"47","1308",19.6,19.6,19.15,19.25,1633914,19.25,"2020-12-01",19.2553570714285
"48","1309",33,33.049999,31.799999,32.200001,10298991,32.200001,"2020-12-01",31.8732143571428
"49","1310",17.700001,17.75,17.25,17.5,2634054,17.5,"2020-12-01",16.8321426785714
"50","1312",23.6,23.75,23.15,23.549999,8535817,23.549999,"2020-12-01",23.0732142142857
"51","1313",17.5,17.5,16.9,17.299999,13050221,17.299999,"2020-12-01",14.8571428928571
"52","1314",9.2,9.2,9.03,9.15,28530247,9.15,"2020-12-01",8.80249999999999
"53","1315",72.699997,72.699997,71.699997,71.900002,460066,71.900002,"2020-12-01",71.2530616428572
"54","1316",12.6,12.6,12.2,12.5,851157,12.5,"2020-12-01",11.5535714285714
"55","1319",39.900002,39.900002,38.900002,39.299999,1434350,39.299999,"2020-12-01",38.65714275
"56","1321",36.299999,36.299999,35.700001,35.75,323004,35.75,"2020-12-01",35.3071433214286
"57","1323",33.200001,33.200001,32.950001,33.099998,53303,33.099998,"2020-12-01",32.9553571428571
"58","1324",10.2,10.4,10.2,10.3,101000,10.3,"2020-12-01",9.96107142857142
"59","1325",107.5,109.5,105.5,106,3205197,106,"2020-12-01",122.053571428571
"60","1326",77.5,78.900002,77.5,78.900002,6640572,78.900002,"2020-12-01",74.8785725714286
"61","1337",9.74,9.74,9.74,9.74,3257209,9.74,"2020-12-01",7.71321428571429
"62","1338",59,59.299999,58.099998,58.299999,489003,58.299999,"2020-12-01",56.6714283571428
"63","1339",42.900002,42.950001,42.5,42.849998,139000,42.849998,"2020-12-01",42.7607135357143
"64","1340",14,14.2,13.5,13.6,1488241,13.6,"2020-12-01",12.5785714285714
"65","1341",58.599998,58.599998,58.400002,58.400002,8001,58.400002,"2020-12-01",58.4857142142857
"66","1342",62.200001,62.799999,62,62.200001,173300,62.200001,"2020-12-01",73.6321419285715
"67","1402",27.5,27.6,27.200001,27.5,6434965,27.5,"2020-12-01",27.0642858571429
"68","1410",33.299999,33.849998,33.299999,33.450001,18000,33.450001,"2020-12-01",33.8321433571429
"69","1413",8.65,8.68,8.64,8.64,75000,8.64,"2020-12-01",8.76678571428572
"70","1414",15.6,15.6,15.15,15.15,2314873,15.15,"2020-12-01",14.60571425
"71","1416",11.9,12.1,11.85,11.95,521030,11.95,"2020-12-01",11.8214285714286
"72","1417",11.55,11.75,11.5,11.6,855700,11.6,"2020-12-01",11.1589285714286
"73","1418",7.16,7.2,7.16,7.16,20001,7.16,"2020-12-01",7.58535714285712
"74","1419",42.5,42.5,42.099998,42.150002,12357,42.150002,"2020-12-01",43.0857145357143
"75","1423",15.8,15.8,15.45,15.5,70001,15.5,"2020-12-01",15.3892857142857
"76","1432",17.200001,17.200001,16.85,17,330708,17,"2020-12-01",19.5517857142857
"77","1434",30.9,31.200001,30.75,31.049999,4512636,31.049999,"2020-12-01",31.5874999642857
"78","1435",19.35,19.450001,19.25,19.25,287231,19.25,"2020-12-01",19.69821425
"79","1436",40.900002,40.900002,39.349998,39.650002,176261,39.650002,"2020-12-01",38.4196432142858
"80","1437",24.549999,24.549999,24.4,24.5,106817,24.5,"2020-12-01",23.8928569642857
"81","1438",12.7,12.85,12.6,12.7,122000,12.7,"2020-12-01",12.6107142857143
"82","1439",28.6,29.049999,28.450001,28.75,118000,28.75,"2020-12-01",27.4696428928571
"83","1440",14.95,15.05,14.55,14.55,11233934,14.55,"2020-12-01",13.8589285714286
"84","1441",8.65,8.65,8,8.26,1346635,8.26,"2020-12-01",8.13035714285714
"85","1442",18.65,18.65,18.15,18.299999,1337704,18.299999,"2020-12-01",18.7392858214286
"86","1443",10.15,10.3,10,10.15,657500,10.15,"2020-12-01",9.61214285714284
"87","1444",12.3,12.45,12.1,12.35,11162753,12.35,"2020-12-01",12.9232142857143
"88","1445",10.95,10.95,10.8,10.85,155003,10.85,"2020-12-01",10.7992857142857
"89","1446",30.799999,31.049999,30.65,30.65,110076,30.65,"2020-12-01",33.3928571071429
"90","1447",8.24,8.24,8.03,8.15,3293625,8.15,"2020-12-01",7.91392857142856
"91","1449",31.9,31.950001,30.200001,30.200001,515278,30.200001,"2020-12-01",31.0721253214286
"92","1451",16.799999,17.049999,16.799999,17,306321,17,"2020-12-01",16.3964284285714
"93","1452",16.85,16.9,16.65,16.799999,362520,16.799999,"2020-12-01",15.7196428214286
"94","1453",8.75,8.75,8.62,8.67,243245,8.67,"2020-12-01",8.57357142857142
"95","1454",8.38,8.38,8.29,8.32,195360,8.32,"2020-12-01",8.45428571428573
"96","1455",9.39,9.43,9.25,9.27,1681901,9.27,"2020-12-01",8.61607142857141
"97","1456",19.5,19.5,18.35,19.5,5554037,19.5,"2020-12-01",11.0825
"98","1457",15.2,15.25,14.95,15,873700,15,"2020-12-01",14.3535714285714
"99","1459",8.54,8.58,8.42,8.5,318345,8.5,"2020-12-01",8.25964285714288
"100","1460",9.56,9.56,9.43,9.45,964306,9.45,"2020-12-01",9.54250000000001
"101","1463",12.3,12.3,12.15,12.15,98000,12.15,"2020-12-01",12.2303571428571
"102","1464",19,19.049999,18.799999,18.950001,334842,18.950001,"2020-12-01",18.6035713214286
"103","1465",12.95,13.05,12.9,13.05,59476,13.05,"2020-12-01",12.9321428571428
"104","1466",17.950001,18.1,17.549999,17.75,788862,17.75,"2020-12-01",20.9303571428571
"105","1467",19.049999,19.049999,18.549999,18.6,892195,18.6,"2020-12-01",18.6303570714286
"106","1468",12,12.25,12,12.25,57000,12.25,"2020-12-01",12.1982142857143
"107","1470",18.049999,18.049999,18.049999,18.049999,1000,18.049999,"2020-12-01",17.8517859642857
"108","1471",5.98,5.99,5.79,5.92,971995,5.92,"2020-12-01",5.38285714285715
"109","1472",9.85,10.15,9.85,10.05,97000,10.05,"2020-12-01",10.5989285714286
"110","1473",18.1,18.200001,18,18.1,210090,18.1,"2020-12-01",17.9839285357143
"111","1474",13.05,13.25,13,13,1876433,13,"2020-12-01",12.6857142857143
"112","1475",23,23.700001,23,23.700001,2000,23.700001,"2020-12-01",23.1142859642856
"113","1476",401.5,405,399,399.5,693353,399.5,"2020-12-01",401
"114","1477",178.89035,187.199463,178.89035,182.800522,2621640,182.800522,"2020-12-01",184.825433392857
"115","1503",50.200001,50.200001,49.599998,49.849998,159802,49.849998,"2020-12-01",50.57678525
"116","1504",29.549999,29.700001,29.450001,29.549999,4016847,29.549999,"2020-12-01",30.0107141785714
"117","1506",10.5,10.5,10.3,10.35,266101,10.35,"2020-12-01",10.6428571428571
"118","1507",61.299999,61.700001,61.099998,61.099998,90611,61.099998,"2020-12-01",64.9357144642857
"119","1512",4.15,4.35,4.15,4.34,138004,4.34,"2020-12-01",4.59285714285714
"120","1513",58.799999,59.700001,57.200001,58,31615138,58,"2020-12-01",50.8160715357142
"121","1514",27.6,27.75,27.1,27.25,1866048,27.25,"2020-12-01",27.5571431071429
"122","1515",77.5,78,76.599998,77,878050,77,"2020-12-01",78.6714289285713
"123","1516",20.700001,20.700001,20.1,20.35,135682,20.35,"2020-12-01",21.8035715
"124","1517",15.45,15.65,15,15,4832181,15,"2020-12-01",14.3892857142857
"125","1519",53.5,54.5,52.099998,53.599998,4489543,53.599998,"2020-12-01",51.0714280357143
"126","1521",56.099998,56.5,56.099998,56.200001,28697,56.200001,"2020-12-01",55.3607143928571
"127","1522",22.049999,22.049999,21.75,21.799999,323104,21.799999,"2020-12-01",21.4749999285714
"128","1524",10.05,10.05,9.85,9.94,463534,9.94,"2020-12-01",9.67037285714287
"129","1525",71.300003,72,69.400002,69.699997,190395,69.699997,"2020-12-01",66.7071417499999
"130","1526",51.200001,51.200001,50,50.700001,859006,50.700001,"2020-12-01",50.5053572142857
"131","1527",43,43.450001,42.349998,43,608203,43,"2020-12-01",40.7285713214286
"132","1528",8.37,8.39,8.26,8.33,403401,8.33,"2020-12-01",8.09035714285716
"133","1529",17.700001,17.799999,17,17.200001,534330,17.200001,"2020-12-01",14.8607143214286
"134","1530",30.549999,30.6,30.299999,30.5,73304,30.5,"2020-12-01",30.0910712142857
"135","1531",12.3,12.5,12.2,12.4,400691,12.4,"2020-12-01",11.6732142857143
"136","1532",34.700001,34.799999,33.799999,34.450001,1202335,34.450001,"2020-12-01",33.6071428571428
"137","1533",33.75,33.950001,33.400002,33.5,246349,33.5,"2020-12-01",32.339285642857
"138","1535",34.549999,34.549999,34.349998,34.5,19158,34.5,"2020-12-01",33.7017854285714
"139","1536",97.152428,97.546555,95.378853,95.477386,1204681,95.477386,"2020-12-01",92.3877084642856
"140","1537",141,141.5,140.5,141.5,111283,141.5,"2020-12-01",138.892857142857
"141","1538",7.58,7.59,7.5,7.5,16704,7.5,"2020-12-01",8.23655050000001
"142","1539",19.85,20.25,19.799999,20,134114,20,"2020-12-01",19.7839284642857
"143","1540",15.15,15.15,15.05,15.1,62450,15.1,"2020-12-01",14.8678571428572
"144","1541",51,51.900002,51,51.900002,47020,51.900002,"2020-12-01",51.5821426428571
"145","1558",139,139.5,138.5,139,50215,139,"2020-12-01",138
"146","1560",61.900002,62.799999,61.299999,62.599998,771500,62.599998,"2020-12-01",59.6642860000001
"147","1568",25.450001,25.450001,24.15,24.85,2882470,24.85,"2020-12-01",18.5410713928572
"148","1582",86.5,86.699997,85.599998,86.099998,490000,86.099998,"2020-12-01",86.5535719999999
"149","1583",60.900002,60.900002,60.599998,60.599998,3000,60.599998,"2020-12-01",59.8607143928572
"150","1587",27.4,27.75,27.25,27.75,644154,27.75,"2020-12-01",26.5571428571428
"151","1589",89,89,86.599998,88.400002,4269640,88.400002,"2020-12-01",92.4928575000001
"152","1590",835,852,828,850,833257,850,"2020-12-01",778.357142857143
"153","1592",9.29,9.43,9.03,9.4,981000,9.4,"2020-12-01",10.0767857142857
"154","1597",89.199997,92.300003,88.199997,89,3298000,89,"2020-12-01",77.0857146071429
"155","1598",121.5,122,118.5,119,1870200,119,"2020-12-01",130.821428571429
"156","1603",28.25,28.299999,28.1,28.299999,29856,28.299999,"2020-12-01",28.47857125
"157","1604",26.9,26.9,26.25,26.4,2407552,26.4,"2020-12-01",25.1267857142857
"158","1605",19.549999,19.549999,18.9,19.200001,13349175,19.200001,"2020-12-01",18.0553572857143
"159","1608",12.65,12.85,12.1,12.3,8641888,12.3,"2020-12-01",11.0535714285714
"160","1609",21.4,21.6,20.65,20.85,24630283,20.85,"2020-12-01",19.8910716785715
"161","1611",11.9,11.9,11.6,11.65,1881385,11.65,"2020-12-01",11.2017857142857
"162","1612",17.9,18.450001,17.5,18.15,7751383,18.15,"2020-12-01",15.6875000357143
"163","1614",38.200001,38.700001,37.900002,38.700001,539765,38.700001,"2020-12-01",35.8964286785714
"164","1615",24.200001,24.25,23.950001,24,193600,24,"2020-12-01",22.2946431071429
"165","1616",6.65,6.65,6.29,6.36,1308679,6.36,"2020-12-01",5.66285714285714
"166","1617",15,15,14.2,14.6,338500,14.6,"2020-12-01",13.2035714285714
"167","1618",14.3,14.75,13.15,13.3,13584756,13.3,"2020-12-01",11.8142857142857
"168","1626",25.9,26.15,25.450001,26,221000,26,"2020-12-01",24.4285714642857
"169","1701",23.6,23.65,23.35,23.4,939441,23.4,"2020-12-01",23.3196428571429
"170","1702",45.150002,45.150002,44.799999,45.099998,287010,45.099998,"2020-12-01",44.2410716071429
"171","1707",181.5,182.5,174,176.5,1517222,176.5,"2020-12-01",168.785714285714
"172","1708",22.65,22.65,22.549999,22.6,178144,22.6,"2020-12-01",22.4571427857143
"173","1709",14.75,14.8,14.6,14.75,697980,14.75,"2020-12-01",14.3410714285715
"174","1710",17.799999,17.799999,17.549999,17.700001,1784639,17.700001,"2020-12-01",17.13571425
"175","1711",17.200001,17.35,16.9,17,2315922,17,"2020-12-01",16.5785714285714
"176","1712",21.1,21.1,20.6,20.799999,1015054,20.799999,"2020-12-01",20.22678575
"177","1713",18.950001,18.950001,18.200001,18.5,115072,18.5,"2020-12-01",18.2089284999999
"178","1714",10.3,10.35,10.1,10.2,4048721,10.2,"2020-12-01",10.34
"179","1717",34.849998,35,34.099998,34.900002,3576300,34.900002,"2020-12-01",34.3107143214286
"180","1720",38.900002,39.099998,38.75,38.849998,330602,38.849998,"2020-12-01",37.7571428928572
"181","1721",12.7059,12.7059,12.5294,12.6471,277485,9.34375,"2020-12-01",12
"182","1722",53.900002,53.900002,53.099998,53.099998,1845637,53.099998,"2020-12-01",52.2285711428571
"183","1723",102.5,102.5,100,101.5,585223,101.5,"2020-12-01",95.9535716428571
"184","1724",12.9,12.9,12.8,12.85,15200,12.85,"2020-12-01",12.7642857142857
"185","1725",15,15.1,15,15.1,12130,15.1,"2020-12-01",14.2642857142857
"186","1726",71.699997,72,71.5,72,9514,72,"2020-12-01",70.8321430000001
"187","1727",11.3,11.3,10.95,11.1,259094,11.1,"2020-12-01",10.8
"188","1730",71.800003,72,71.599998,71.800003,26000,71.800003,"2020-12-01",72.1285717142857
"189","1731",17.299999,17.4,17.1,17.15,446501,17.15,"2020-12-01",17.37678575
"190","1732",21.9,22.200001,21.5,21.700001,354000,21.700001,"2020-12-01",22.0767856428571
"191","1733",25.299999,25.4,25,25.4,155521,25.4,"2020-12-01",24.4053573571429
"192","1734",32.299999,32.450001,31.75,31.85,895512,31.85,"2020-12-01",32.9464286428572
"193","1735",17.200001,17.200001,17.200001,17.200001,1000,17.200001,"2020-12-01",17.0428575357143
"194","1736",82.199997,83.199997,80.5,83,1764535,83,"2020-12-01",75.2142857857143
"195","1737",32.900002,32.900002,32.549999,32.549999,336208,32.549999,"2020-12-01",32.5946429285714
"196","1760",97.300003,97.900002,94.699997,94.900002,1232100,94.900002,"2020-12-01",105.289285678571
"197","1762",63.099998,63.700001,62.599998,63.400002,1018001,63.400002,"2020-12-01",64.3285716428571
"198","1773",104.5,104.5,103,104,110574,104,"2020-12-01",101.81785725
"199","1776",16.049999,16.1,16,16,33000,16,"2020-12-01",15.7517856785714
"200","1783",23.5,23.5,23.299999,23.35,114000,23.35,"2020-12-01",22.8678570714286
"201","1786",64.800003,64.800003,64,64.699997,102473,64.699997,"2020-12-01",64.8071426785714
"202","1789",29.6,29.65,29,29,1558164,29,"2020-12-01",28.9839286428571
"203","1795",85,85.400002,83.300003,84,1440200,84,"2020-12-01",83.8535720357143
"204","1802",18,18.299999,17.15,17.299999,27435818,17.299999,"2020-12-01",14.4303571071428
"205","1805",10.1,10.15,10,10.05,36010,10.05,"2020-12-01",10.0225
"206","1806",7.25,7.28,6.94,7.03,2078477,7.03,"2020-12-01",6.37357142857143
"207","1808",61.5,62.200001,61.5,61.5,142889,61.5,"2020-12-01",62.6357147857143
"208","1809",12.9,13.55,12.75,13.55,28169765,13.55,"2020-12-01",11.8446428571429
"209","1810",10.2,10.2,9.65,9.67,9233799,9.67,"2020-12-01",9.15821428571429
"210","1817",33.25,33.25,32.849998,32.950001,137000,32.950001,"2020-12-01",31.8910712857143
"211","1903",61.200001,61.299999,60,60.400002,471245,60.400002,"2020-12-01",67.1464288214287
"212","1904",32.049999,32.150002,31.75,31.950001,2809017,31.950001,"2020-12-01",32.7839285357143
"213","1905",10.35,10.4,10.05,10.2,4877898,10.2,"2020-12-01",9.67285714285717
"214","1906",15.75,15.9,15.6,15.65,705362,15.65,"2020-12-01",14.8482142857143
"215","1907",23.950001,24.5,23.85,24.450001,6284425,24.450001,"2020-12-01",21.6000000714286
"216","1909",19.1,19.6,18.799999,19.4,23643266,19.4,"2020-12-01",17.0294035
"217","2002",22.9,23.1,22.799999,23.1,21254393,23.1,"2020-12-01",21.5285714642857
"218","2006",33.349998,34,32.75,33.849998,8035729,33.849998,"2020-12-01",31.0714285
"219","2007",8.2,8.28,7.86,7.98,3914084,7.98,"2020-12-01",7.08607142857142
"220","2008",13.75,14.05,13.5,13.5,191034,13.5,"2020-12-01",13.2053571428571
"221","2009",17.6,17.6,16.35,17.6,53282708,17.6,"2020-12-01",10.6603571428572
"222","2010",13.8,13.85,13.3,13.45,4548736,13.45,"2020-12-01",12.1839285714286
"223","2012",17.5,17.9,17.35,17.65,465917,17.65,"2020-12-01",16.3446428928571
"224","2013",32.150002,32.599998,31.700001,32.150002,1458180,32.150002,"2020-12-01",30.8071426428571
"225","2014",12.05,12.05,11.65,11.9,16816639,11.9,"2020-12-01",10.4921428571429
"226","2015",58.700001,59,58.599998,58.799999,343451,58.799999,"2020-12-01",57.7678569642857
"227","2017",10.1,10.2,9.86,10,3087390,10,"2020-12-01",8.69071428571426
"228","2020",18.15,18.299999,17.799999,18,1476998,18,"2020-12-01",16.7160715714286
"229","2022",6.26,6.26,6.05,6.05,2775550,6.05,"2020-12-01",5.37178571428573
"230","2023",12.2,12.35,11.85,12,20033791,12,"2020-12-01",10.7278571428572
"231","2024",15.05,15.05,14.9,14.95,62506,14.95,"2020-12-01",14.8767857142857
"232","2027",28.5,28.950001,27.5,27.950001,53858535,27.950001,"2020-12-01",24.1910713571429
"233","2028",18.4,18.4,17.35,17.700001,4044904,17.700001,"2020-12-01",13.1750000714286
"234","2029",20.15,20.299999,19.9,19.950001,362261,19.950001,"2020-12-01",18.9124999285715
"235","2030",12.15,12.3,11.85,12,3400506,12,"2020-12-01",10.6517857142857
"236","2031",39,39.200001,37.400002,37.599998,6052452,37.599998,"2020-12-01",33.3375002857142
"237","2032",12.6,13.75,11.95,11.95,12088003,11.95,"2020-12-01",10.3967857142857
"238","2033",12.9,13.5,11.75,11.75,5336000,11.75,"2020-12-01",10.1446428571428
"239","2034",25.450001,25.9,25.15,25.299999,3067400,25.299999,"2020-12-01",23.7053571785714
"240","2038",15.15,15.7,14,14.1,32705747,14.1,"2020-12-01",10.5907142857143
"241","2049",310,314.5,306,314,2461289,314,"2020-12-01",283.732072
"242","2059",302,303,299.5,300,279116,300,"2020-12-01",290.660714285714
"243","2062",24.35,24.5,24.15,24.200001,161100,24.200001,"2020-12-01",24.3964283928571
"244","2069",17.299999,17.35,16.700001,16.799999,117000,16.799999,"2020-12-01",15.3267856785714
"245","2101",43.450001,43.599998,43.200001,43.25,925185,43.25,"2020-12-01",42.9196428571428
"246","2102",20.049999,20.700001,19.9,20.4,5871005,20.4,"2020-12-01",20.0892856428572
"247","2103",22.700001,22.85,22.15,22.85,3581600,22.85,"2020-12-01",21.2053570357143
"248","2104",23.200001,23.4,22.700001,23.4,5884059,23.4,"2020-12-01",21.2696429642857
"249","2105",42.549999,43.799999,42.5,43.5,9979352,43.5,"2020-12-01",39.728571142857
"250","2106",37.299999,38.150002,36.650002,37,3836475,37,"2020-12-01",33.7357141071429
"251","2107",25.049999,25.25,24.700001,24.950001,1832339,24.950001,"2020-12-01",22.1571428571428
"252","2108",61.5,62,60.5,60.599998,3448365,60.599998,"2020-12-01",65.6678570357142
"253","2109",12.8,12.95,12.7,12.75,603358,12.75,"2020-12-01",12.2571428571429
"254","2114",83.699997,83.900002,83.599998,83.800003,36035,83.800003,"2020-12-01",82.4785720714284
"255","2115",46.5,46.5,45.599998,45.700001,51008,45.700001,"2020-12-01",43.6339289285715
"256","2201",39,39.349998,38.599998,38.799999,2731490,38.799999,"2020-12-01",37.362499892857
"257","2204",48.5,48.75,48.150002,48.5,729900,48.5,"2020-12-01",46.914286
"258","2206",40.700001,40.75,35.400002,36.400002,62722760,36.400002,"2020-12-01",26.0892856428571
"259","2208",25,25.200001,24.75,24.9,859027,24.9,"2020-12-01",24.5803571071429
"260","2227",262.5,262.5,261,261.5,37002,261.5,"2020-12-01",254.053571428571
"261","2228",84.300003,84.599998,82.5,83,365090,83,"2020-12-01",82.4428563571429
"262","2231",215.5,220.5,212,216,3787362,216,"2020-12-01",188.053571428571
"263","2233",80,81.300003,79.400002,80.599998,564677,80.599998,"2020-12-01",80.5857146428572
"264","2236",18.35,18.75,18.049999,18.049999,19000,18.049999,"2020-12-01",16.7132572142858
"265","2239",96,98.800003,95.599998,97,536012,97,"2020-12-01",88.0857143571427
"266","2243",15.5,15.5,13.1,13.5,2635049,13.5,"2020-12-01",11.4767857142857
"267","2301",48.25,48.849998,48.25,48.849998,3898275,48.849998,"2020-12-01",47.47142825
"268","2302",19.6,19.799999,19.4,19.4,927715,19.4,"2020-12-01",19.00535725
"269","2303",41.5,41.900002,40.700001,41.549999,191854318,41.549999,"2020-12-01",33.55
"270","2305",8.12,8.12,8,8.05,561166,8.05,"2020-12-01",7.82321428571429
"271","2308",229,229,223,227,10924463,227,"2020-12-01",202.107142857143
"272","2312",11.25,12,11.2,11.85,64034694,11.85,"2020-12-01",10.9875
"273","2313",48.5,48.700001,47.25,48.200001,21546412,48.200001,"2020-12-01",45.88571425
"274","2314",29.9,32.650002,29.1,31.950001,26774405,31.950001,"2020-12-01",24.3142856071429
"275","2316",31.4,31.4,30.799999,31.1,427212,31.1,"2020-12-01",29.7624998571428
"276","2317",82.5,82.900002,82.199997,82.900002,24728091,82.900002,"2020-12-01",80.9857145357144
"277","2321",8.2,8.2,8.02,8.1,66115,8.1,"2020-12-01",8.9714285714286
"278","2323",8.58,8.74,8.52,8.69,24041993,8.69,"2020-12-01",8.19535714285715
"279","2324",19.299999,19.35,19.1,19.299999,9374647,19.299999,"2020-12-01",19.1160713571429
"280","2327",446,454,442,454,13959191,454,"2020-12-01",393.928571428571
"281","2328",21.200001,21.35,20.65,21,4279858,21,"2020-12-01",18.8607143214286
"282","2329",13.25,13.7,12.85,13.65,11594266,13.65,"2020-12-01",11.7553571428571
"283","2330",489.5,490,483.5,490,37018651,487.607422,"2020-12-01",465.964285714286
"284","2331",17.4,17.700001,17,17.6,5049330,17.6,"2020-12-01",17.5464283928571
"285","2332",24,25.65,23.9,24.450001,35090635,24.450001,"2020-12-01",20.2410711785714
"286","2337",39.5,39.799999,38.349998,39.599998,113997092,39.599998,"2020-12-01",33.7535718214285
"287","2338",37.299999,37.299999,34.599998,35.650002,19398677,35.650002,"2020-12-01",31.4750005357143
"288","2340",26.450001,27.65,26,27.4,24810847,27.4,"2020-12-01",24.8892856428571
"289","2342",35.650002,36.200001,34.25,35.200001,9479337,35.200001,"2020-12-01",29.7214286071429
"290","2344",18.65,20.049999,18.35,19.950001,349212708,19.950001,"2020-12-01",17.6732145
"291","2345",238,244.5,237,243,2165547,243,"2020-12-01",224.821428571429
"292","2347",44.5,44.75,44.25,44.349998,3582725,44.349998,"2020-12-01",43.0482140357143
"293","2348",94.099998,94.300003,91.599998,92.5,760158,92.5,"2020-12-01",92.3071430714286
"294","2349",11.15,11.6,10.8,11.4,16758988,11.4,"2020-12-01",10.6464285714285
"295","2351",79,79.699997,77.199997,78.800003,2306213,78.800003,"2020-12-01",66.2142852142857
"296","2352",23.5,23.9,23.25,23.85,13210745,23.85,"2020-12-01",20.6785713928571
"297","2353",23.15,23.15,22.85,23,18542958,23,"2020-12-01",23.3285713571429
"298","2354",52.700001,52.700001,52.099998,52.400002,3061131,52.400002,"2020-12-01",51.5285710357143
"299","2355",31,31.200001,30.549999,31.1,3006632,31.1,"2020-12-01",30.4660712857143
"300","2356",23.299999,23.35,23.049999,23.35,7909348,23.35,"2020-12-01",22.6874999642857
"301","2357",249.5,250.5,248,248.5,2035186,248.5,"2020-12-01",247.285714285714
"302","2358",16,16.1,15.6,15.8,355720,15.8,"2020-12-01",14.9285714285714
"303","2359",18.65,18.75,18.5,18.6,249211,18.6,"2020-12-01",18.4339286428571
"304","2360",151,162.5,151,159,3335674,159,"2020-12-01",148.142857142857
"305","2362",30.549999,30.700001,30.35,30.450001,477916,30.450001,"2020-12-01",29.6178571428572
"306","2363",14.6,15.15,14.6,14.95,35181345,14.95,"2020-12-01",12.0464285714286
"307","2364",3.5,3.6,3.41,3.6,127700,3.6,"2020-12-01",3.79178571428571
"308","2365",12.2,12.2,11.75,11.8,3656668,11.8,"2020-12-01",11.1678571428571
"309","2367",23.5,23.65,23.200001,23.5,7022231,23.5,"2020-12-01",21.9339286071429
"310","2368",51.799999,52,50.099998,50.5,16344169,50.5,"2020-12-01",46.5410713214285
"311","2369",12.7,13,12.5,13,11588833,13,"2020-12-01",11.4571428571429
"312","2371",21.1,21.15,20.5,20.65,18045743,20.65,"2020-12-01",20.2035712857143
"313","2373",87.5,87.5,86.599998,86.599998,14963,86.599998,"2020-12-01",85.9678570000001
"314","2374",13.85,13.9,13.75,13.85,233973,13.85,"2020-12-01",13.3285714285714
"315","2375",69,71.400002,67.400002,68.5,11543205,68.5,"2020-12-01",55.2071426785714
"316","2376",78.699997,79.599998,77.800003,78.800003,4471878,78.800003,"2020-12-01",75.3678572142858
"317","2377",125,128.5,124,127.5,4766100,127.5,"2020-12-01",120.625
"318","2379",371.5,379,371,378.5,2147316,378.5,"2020-12-01",365.053571428571
"319","2380",6.6,6.63,6.52,6.59,595946,6.59,"2020-12-01",6.33892857142855
"320","2382",76.5,77.5,76,77.5,6082745,77.5,"2020-12-01",74.3642852500002
"321","2383",157,157.5,155,157,1584264,157,"2020-12-01",153.142857142857
"322","2385",85.599998,86.300003,85.5,86,1516777,86,"2020-12-01",86.1750000714284
"323","2387",71,71.5,69.099998,69.099998,4202057,69.099998,"2020-12-01",68.1107145714285
"324","2388",50.099998,53.5,49.25,53.5,15034278,53.5,"2020-12-01",40.4232140357143
"325","2390",15.4,15.45,15.05,15.15,1705169,15.15,"2020-12-01",15.3857143214285
"326","2392",43.200001,43.5,42.700001,43.400002,3478937,43.400002,"2020-12-01",41.6857143214286
"327","2393",37.099998,37.400002,36.650002,37.299999,2057540,37.299999,"2020-12-01",37.9910716071428
"328","2395",305,310.5,304.5,310,603190,310,"2020-12-01",301.142857142857
"329","2397",66.900002,67.900002,66.5,66.599998,18000,66.599998,"2020-12-01",66.2750001428571
"330","2399",19.1,19.25,18.1,18.299999,17702953,18.299999,"2020-12-01",16.7999998928572
"331","2401",15.7,16.1,15.6,15.95,11615008,15.95,"2020-12-01",14.8625
"332","2402",18.5,18.549999,17.9,18.299999,1832173,18.299999,"2020-12-01",17.8803571785714
"333","2404",227.5,229,223,227,1609954,227,"2020-12-01",210.25
"334","2405",9.83,9.95,9.74,9.94,3195400,9.94,"2020-12-01",9.19750000000001
"335","2406",24.700001,24.799999,23.700001,24,7863998,24,"2020-12-01",24.1714285
"336","2408",72.800003,78.199997,72.599998,76.900002,46825646,76.900002,"2020-12-01",64.0642859642858
"337","2409",12.45,13.4,12.4,13.15,499909935,13.15,"2020-12-01",11.5035714285714
"338","2412",108.5,109.5,108.5,109,6233861,109,"2020-12-01",109.303571428571
"339","2413",23.799999,24.6,22.6,22.950001,4596614,22.950001,"2020-12-01",19.5428572142857
"340","2414",25.35,25.35,25.25,25.35,163325,25.35,"2020-12-01",25.1857141785714
"341","2415",21.9,21.950001,20.299999,20.4,4203090,20.4,"2020-12-01",16.0589284285714
"342","2417",60,60.200001,58.400002,58.700001,7318955,58.700001,"2020-12-01",59.7571428928571
"343","2419",23.200001,23.450001,22.9,23.35,2247546,23.35,"2020-12-01",21.4017857857143
"344","2420",33.049999,33.049999,32.799999,33,179002,33,"2020-12-01",32.6017858571429
"345","2421",56.299999,56.5,54.700001,55.400002,5708235,55.400002,"2020-12-01",56.1607142857144
"346","2423",23.6,23.950001,23.4,23.9,317482,23.9,"2020-12-01",22.8964285357143
"347","2424",30.9167,32.416698,30.8333,32.166698,20599,32.166698,"2020-12-01",34.934525
"348","2425",30.1,30.4,29.299999,29.85,1477100,29.85,"2020-12-01",29.7410711785715
"349","2426",16.85,16.9,16.549999,16.85,2623297,16.85,"2020-12-01",16.9410714285714
"350","2427",11.45,11.65,11.4,11.65,723431,11.65,"2020-12-01",10.7107142857143
"351","2428",146,147,142.5,144.5,1265361,144.5,"2020-12-01",126.875
"352","2429",19.15,19.200001,18.799999,18.799999,162000,18.799999,"2020-12-01",19.2035713214285
"353","2430",19.15,19.15,19,19.15,114157,19.15,"2020-12-01",18.6
"354","2431",12.7,13.35,12.6,12.75,6416413,12.75,"2020-12-01",11.2303571428571
"355","2433",51,51,50.700001,50.799999,27035,50.799999,"2020-12-01",49.5196424642857
"356","2434",27.200001,27.200001,27.200001,27.200001,4999,27.200001,"2020-12-01",26.2589286428572
"357","2436",33.450001,34.25,33.150002,33.799999,5057415,33.799999,"2020-12-01",31.96071425
"358","2438",10.1075,10.4397,10.0917,10.4397,33665,10.4397,"2020-12-01",10.0996364285715
"359","2439",142,146,141.5,145.5,4548291,145.5,"2020-12-01",142.25
"360","2440",12.7,13,12.5,12.7,859320,12.7,"2020-12-01",11.5053571428571
"361","2441",55.700001,56,54.799999,55.799999,2034352,55.799999,"2020-12-01",51.9232140357143
"362","2442",12.1,12.2,11.65,11.7,2559284,11.7,"2020-12-01",11.7146642857143
"363","2443",3.58,3.6,3.5,3.56,234118,3.56,"2020-12-01",4.16428571428571
"364","2444",14.85,14.95,14.75,14.95,626000,14.95,"2020-12-01",14.525
"365","2449",35.700001,35.849998,35,35.549999,16662438,35.549999,"2020-12-01",32.2339289642857
"366","2450",29.4,29.6,29.35,29.450001,135513,29.450001,"2020-12-01",28.9035714642858
"367","2451",64.599998,65.5,63.599998,64.900002,1863280,64.900002,"2020-12-01",64.0178573214285
"368","2453",17.200001,17.4,17.200001,17.299999,259200,17.299999,"2020-12-01",16.7285715
"369","2454",700,708,693,697,8450506,697,"2020-12-01",698.071428571429
"370","2455",90.900002,91.699997,90,91.599998,1521678,91.599998,"2020-12-01",87.1107138928573
"371","2456",132.5,135,130.5,131.5,9523586,131.5,"2020-12-01",116.982142857143
"372","2457",13.45,14.2,13.4,14.2,39282320,14.2,"2020-12-01",12.0035714285714
"373","2458",132.5,133,130,132,3701182,132,"2020-12-01",134.267857142857
"374","2459",46.150002,46.349998,45.5,45.799999,404551,45.799999,"2020-12-01",45.3392857142857
"375","2460",16.700001,16.700001,15.75,16,2572321,16,"2020-12-01",14.2357143214286
"376","2461",18.9,19.85,18.85,19.6,3892270,19.6,"2020-12-01",16.4910713928571
"377","2462",28.5,28.799999,28.299999,28.799999,153186,28.799999,"2020-12-01",25.8571427857144
"378","2464",43.400002,43.799999,42,43,1279859,43,"2020-12-01",41.3767856785714
"379","2465",19.9,19.9,19.25,19.35,2014887,19.35,"2020-12-01",17.7285714285714
"380","2466",31.049999,31.200001,31,31.1,74826,31.1,"2020-12-01",30.3374996785714
"381","2467",35.650002,35.75,34.700001,35.150002,1610101,35.150002,"2020-12-01",33.2017857857143
"382","2468",13.5,13.6,13.45,13.5,82370,13.5,"2020-12-01",13.1321428571429
"383","2471",23.700001,23.950001,23.5,23.799999,507447,23.799999,"2020-12-01",21.6392856428571
"384","2472",57.626301,58.0224,57.0322,57.527302,1222838,57.527302,"2020-12-01",55.5163786785714
"385","2474",189.5,192,189,191.5,4185342,191.5,"2020-12-01",187.785714285714
"386","2476",19.65,19.700001,19.5,19.700001,174737,19.700001,"2020-12-01",19.0857143928571
"387","2477",32.700001,33.150002,32.099998,33,288415,33,"2020-12-01",31.080357
"388","2478",77.5,79.400002,77.099998,77.599998,6601564,77.599998,"2020-12-01",71.6928566071427
"389","2480",67.400002,67.599998,66.699997,67,304298,67,"2020-12-01",66.0499999285714
"390","2481",44.599998,45.799999,43,45.799999,30443381,45.799999,"2020-12-01",39.7678575
"391","2482",10.65,10.85,10.55,10.7,108601,10.7,"2020-12-01",10.1764285714286
"392","2483",19.65,19.700001,19.450001,19.5,122159,19.5,"2020-12-01",19.17678575
"393","2484",22.85,23.049999,22.6,22.950001,2126351,22.950001,"2020-12-01",21.3625001785714
"394","2485",19.200001,19.200001,18.9,19,1176158,19,"2020-12-01",18.4821428571429
"395","2486",20,20.6,19.5,20,22702096,20,"2020-12-01",15.1464286071428
"396","2488",29.75,29.799999,29.5,29.6,140001,29.6,"2020-12-01",29.0660715357143
"397","2489",11.55,11.95,11.55,11.8,11437442,11.8,"2020-12-01",10.8875
"398","2491",12.2,12.2,11.2,11.3,6472191,11.3,"2020-12-01",9.0675
"399","2492",199,204.5,197.5,202,24352031,202,"2020-12-01",181.375
"400","2493",33.650002,33.650002,33.25,33.549999,301002,33.549999,"2020-12-01",33.4160716785714
"401","2495",12.8,13,12.75,12.95,481729,12.95,"2020-12-01",12.425
"402","2496",58.900002,58.900002,57.900002,58,11188,58,"2020-12-01",59.7357142142857
"403","2497",28,31,28,31,6278200,31,"2020-12-01",21.66607125
"404","2498",31.4,31.799999,31.200001,31.299999,6615709,31.299999,"2020-12-01",29.4017855714287
"405","2501",21,21,20.5,20.65,1048643,20.65,"2020-12-01",19.8142856428572
"406","2504",27.049999,27.35,26.799999,26.9,3007795,26.9,"2020-12-01",26.9428570714286
"407","2505",48.210899,48.669201,47.019402,47.386002,3807611,42.723976,"2020-12-01",45.0651213928571
"408","2506",11.85,11.95,11.2,11.2,4060549,11.2,"2020-12-01",9.97535714285713
"409","2509",21.549999,21.799999,20.049999,20.6,678574,20.6,"2020-12-01",19.3571428571429
"410","2511",12.05,12.1,11.55,11.75,6077697,11.75,"2020-12-01",11.0142857142857
"411","2514",13.8,13.8,13.7,13.7,214422,13.7,"2020-12-01",13.6464285714286
"412","2515",9.3,9.55,8.87,9.1,160147535,9.1,"2020-12-01",7.71285714285715
"413","2516",5.36,5.36,5.2,5.3,512135,5.3,"2020-12-01",5.19857142857144
"414","2520",37.799999,37.799999,36.849998,37.5,3020200,37.5,"2020-12-01",36.1874996428571
"415","2524",39.599998,39.700001,39.299999,39.650002,48007,39.650002,"2020-12-01",38.5357142857143
"416","2527",19.200001,19.25,18.85,19.200001,470200,19.200001,"2020-12-01",18.4839287142857
"417","2528",24.9,25,24.700001,24.799999,158000,24.799999,"2020-12-01",24.6482140714286
"418","2530",15.3,15.35,14.65,14.75,1848760,14.75,"2020-12-01",15.032275
"419","2534",23.75,23.75,23.1875,23.4375,2246151,21.421371,"2020-12-01",21.984375
"420","2535",26.9,27,26.75,26.950001,1670160,26.950001,"2020-12-01",27.15535725
"421","2536",24.200001,24.200001,23.950001,24,266000,24,"2020-12-01",23.9089285714286
"422","2537",10.55,10.55,10.3,10.45,1611382,10.45,"2020-12-01",10.1957142857143
"423","2538",11.3,11.45,10.85,11,5095918,11,"2020-12-01",9.97964285714285
"424","2539",31,31.1,31,31,150250,31,"2020-12-01",30.5982141785714
"425","2540",68.5,69.199997,66.900002,69,592009,69,"2020-12-01",64.3821433571429
"426","2542",44.5,44.849998,44.049999,44.5,3248294,44.5,"2020-12-01",42.9874998928571
"427","2543",7.73,7.76,7.46,7.58,260100,7.58,"2020-12-01",7.05357142857142
"428","2545",39.75,39.75,38.799999,39.299999,510645,39.299999,"2020-12-01",39.1857146785715
"429","2546",49.400002,49.549999,49.049999,49.549999,187201,49.549999,"2020-12-01",47.7553573928571
"430","2547",14.5,14.5,12.6,13.1,46616207,13.1,"2020-12-01",10.9160714285714
"431","2548",88.400002,88.900002,88.199997,88.800003,290233,88.800003,"2020-12-01",87.8464284285715
"432","2597",64.199997,64.199997,63.700001,64,36000,64,"2020-12-01",61.6785716428571
"433","2601",9.38,9.45,9.29,9.35,3340145,9.35,"2020-12-01",9.15847607142858
"434","2603",24.799999,24.9,23.6,24.299999,184904767,24.299999,"2020-12-01",21.1553572142857
"435","2605",15.85,15.9,15.55,15.75,3518098,15.75,"2020-12-01",14.8767857142857
"436","2606",31.299999,31.299999,30.65,30.950001,5005440,30.950001,"2020-12-01",29.7892856428571
"437","2607",16.200001,16.700001,16.1,16.200001,15147367,16.200001,"2020-12-01",15.1446428928571
"438","2608",41.400002,41.599998,41.150002,41.349998,230301,41.349998,"2020-12-01",40.5321427500001
"439","2609",13.3,13.35,12.6,13.05,66035967,13.05,"2020-12-01",12.6214285714286
"440","2610",9.78,9.92,9.66,9.84,30328425,9.84,"2020-12-01",9.06035714285714
"441","2611",7.34,7.37,7.31,7.35,174300,7.35,"2020-12-01",7.19428571428572
"442","2612",27.9,28.299999,27.6,28.049999,529997,28.049999,"2020-12-01",26.0767856428571
"443","2613",19.15,19.15,18.299999,18.5,807560,18.5,"2020-12-01",17.1964286428571
"444","2614",17.15,17.25,16.85,17,2923167,17,"2020-12-01",17.1821431428571
"445","2615",43.5,43.700001,41.049999,41.099998,36450945,41.099998,"2020-12-01",32.6857146071428
"446","2616",32,32,31.6,31.9,140351,31.9,"2020-12-01",30.5553571071429
"447","2617",19.65,19.700001,19,19,4525140,19,"2020-12-01",17.4410713928571
"448","2618",12.7,13.05,12.65,12.95,43392841,12.95,"2020-12-01",11.8357142857143
"449","2630",16.35,16.6,16.299999,16.4,61000,16.4,"2020-12-01",15.7257713928572
"450","2633",31.5,31.5,31,31.1,7321574,31.1,"2020-12-01",31.0071428214287
"451","2634",28.700001,28.85,28.299999,28.549999,2119708,28.549999,"2020-12-01",28.2696426428572
"452","2636",36.799999,36.900002,36.200001,36.299999,836888,36.299999,"2020-12-01",37.8433069285715
"453","2637",22.450001,22.6,22.25,22.4,1080843,22.4,"2020-12-01",21.8357142142857
"454","2642",33.650002,33.650002,33.450001,33.450001,144000,33.450001,"2020-12-01",34.1946430714286
"455","2701",11.95,12.05,11.9,12,102748,12,"2020-12-01",11.8232142857143
"456","2702",17.25,17.299999,17,17,119786,17,"2020-12-01",16.1714285714286
"457","2704",29.85,29.85,29.5,29.549999,27500,29.549999,"2020-12-01",30.3785713571429
"458","2705",21.6,21.6,21.15,21.299999,467925,21.299999,"2020-12-01",22.0607143928572
"459","2706",13.95,13.95,13.85,13.95,51950,13.95,"2020-12-01",13.5875
"460","2707",140.5,140.5,139,139.5,258919,139.5,"2020-12-01",134.357142857143
"461","2712",46,47.5,46,47.450001,16000,47.450001,"2020-12-01",46.898214
"462","2722",27.5,27.5,27.200001,27.299999,21000,27.299999,"2020-12-01",26.7107143571429
"463","2723",143,149.5,139,148,2727550,148,"2020-12-01",123.803571428572
"464","2727",130.5,131,125.5,129.5,2651813,129.5,"2020-12-01",97.3535715357142
"465","2731",78.199997,78.5,76.5,76.800003,302400,76.800003,"2020-12-01",70.3892858214286
"466","2739",25.549999,25.549999,25.35,25.5,20000,25.5,"2020-12-01",24.9500001071429
"467","2748",42.5,42.5,42,42,55710,42,"2020-12-01",40.9946426071429
"468","2841",7.88,7.89,7.72,7.75,3064116,7.75,"2020-12-01",7.49892857142858
"469","2901",25,25,24.75,24.9,24291,24.9,"2020-12-01",24.1339288571429
"470","2903",24.4,24.4,24.15,24.35,866198,24.35,"2020-12-01",24.3999999642857
"471","2904",25.75,25.75,25.450001,25.450001,70002,25.450001,"2020-12-01",24.7624998214286
"472","2906",14.85,14.85,14.6,14.75,937785,14.75,"2020-12-01",14.2607142857143
"473","2908",25.75,26.15,25.5,26.049999,628973,26.049999,"2020-12-01",26.4999997142857
"474","2910",38.799999,38.799999,38,38.049999,4000,38.049999,"2020-12-01",34.0303571785714
"475","2911",6.76,6.8,6.7,6.8,370295,6.8,"2020-12-01",6.61357142857144
"476","2912",263,269.5,263,268,2868160,268,"2020-12-01",266.946428571429
"477","2913",19.1,19.25,18.1,18.1,20591168,18.1,"2020-12-01",16.9571428571429
"478","2915",70,70.199997,69.5,69.800003,1732622,69.800003,"2020-12-01",67.7821430714286
"479","2923",26.9,27.200001,26.9,27,10518,27,"2020-12-01",25.4142855
"480","2929",25.799999,27.15,25.799999,26.700001,2520271,26.700001,"2020-12-01",27.3338860357143
"481","2936",23.450001,23.450001,21.9,22.4,338000,22.4,"2020-12-01",21.3482142857142
"482","2939",43.75,43.75,43.75,43.75,225052,43.75,"2020-12-01",80.1339283571429
"483","3002",12.75,12.9,12.65,12.7,439105,12.7,"2020-12-01",12.5053571428571
"484","3003",43.349998,43.349998,42.200001,43.25,1280000,43.25,"2020-12-01",40.7857144642856
"485","3004",56.400002,57,55.5,56.200001,199142,56.200001,"2020-12-01",52.4821428571429
"486","3005",48.150002,48.299999,47.900002,48,1484001,48,"2020-12-01",47.9285714285714
"487","3006",52.5,55.5,52.200001,55.5,74995257,55.5,"2020-12-01",44.4249998928571
"488","3008",3260,3355,3240,3345,699222,3345,"2020-12-01",3263.21428571429
"489","3010",77.400002,79.300003,76.599998,78,1956730,78,"2020-12-01",68.3321423928571
"490","3011",6.47,6.65,6.41,6.58,443585,6.58,"2020-12-01",6.26571428571429
"491","3013",13.45,13.5,13.35,13.4,329041,13.4,"2020-12-01",12.8732142857143
"492","3014",71.199997,71.699997,70.400002,70.599998,1266793,70.599998,"2020-12-01",69.6964294642856
"493","3015",39.849998,43.25,39.049999,42.349998,6442059,42.349998,"2020-12-01",35.90892825
"494","3016",67.400002,68.699997,66.800003,67,3995488,67,"2020-12-01",62.4285711428572
"495","3017",74.099998,74.5,71.800003,72.5,11881353,72.5,"2020-12-01",72.2535716428571
"496","3018",19.35,19.35,19.1,19.200001,148670,19.200001,"2020-12-01",19.7267858571428
"497","3019",73.300003,73.5,71.800003,72.400002,2919755,72.400002,"2020-12-01",67.8892855714286
"498","3021",14.75,15.05,14.75,14.8,89945,14.8,"2020-12-01",14.8875
"499","3022",48.450001,49.400002,48.299999,48.400002,783762,48.400002,"2020-12-01",45.6553568928571
"500","3023",196,201,195.5,201,1458024,201,"2020-12-01",195.178571428572
"501","3024",11.95,12,11.7,11.85,2032119,11.85,"2020-12-01",11.5464285714286
"502","3025",32.5,35.25,32.349998,35.25,8964629,35.25,"2020-12-01",21.8535715714286
"503","3026",118,118.5,115.5,117.5,1646185,117.5,"2020-12-01",108.378571357143
"504","3027",21.1,21.450001,20.25,20.6,2510452,20.6,"2020-12-01",20.94464275
"505","3028",21.700001,21.799999,21.6,21.700001,298151,21.700001,"2020-12-01",21.3839286071429
"506","3029",39.349998,39.349998,38.799999,39.150002,714618,39.150002,"2020-12-01",37.9499999285715
"507","3030",56.700001,56.900002,56.400002,56.599998,386846,56.599998,"2020-12-01",55.9321429642857
"508","3031",14.7,14.7,14.5,14.6,363231,14.6,"2020-12-01",13.8196428571429
"509","3032",45.200001,45.349998,44.549999,44.849998,706004,44.849998,"2020-12-01",47.1535712142857
"510","3033",19.549999,19.65,19.35,19.5,2199917,19.5,"2020-12-01",18.7124998571428
"511","3034",304,307,301.5,303,3648015,303,"2020-12-01",286.660714285714
"512","3035",48.599998,48.599998,47.299999,48,2498104,48,"2020-12-01",44.38928525
"513","3036",40.549999,40.799999,40.25,40.5,1913317,40.5,"2020-12-01",38.4500001071429
"514","3037",90.300003,90.699997,84.5,84.699997,91271812,84.699997,"2020-12-01",76.3107141428571
"515","3038",18.4,19.1,18.200001,18.85,6121392,18.85,"2020-12-01",17.8517858214286
"516","3040",40.349998,40.400002,39.400002,39.599998,863000,39.599998,"2020-12-01",36.3196427142857
"517","3041",31.1,32.299999,30.549999,32.299999,14893593,32.299999,"2020-12-01",29.8357141428571
"518","3042",80,81.900002,79.5,81.199997,7152445,81.199997,"2020-12-01",78.6535713571428
"519","3043",4.45,4.45,4.3,4.42,2783350,4.42,"2020-12-01",6.12928571428572
"520","3044",123.5,123.5,121.5,123,740841,123,"2020-12-01",119.017857142857
"521","3045",97.800003,98.300003,97.800003,98.300003,2379061,98.300003,"2020-12-01",98.7749995357143
"522","3046",16.15,16.15,15.5,15.5,89225,15.5,"2020-12-01",14.6
"523","3047",15.4,15.75,15.2,15.6,8203766,15.6,"2020-12-01",14.4714285714286
"524","3048",23,23.049999,22.549999,22.9,2149601,22.9,"2020-12-01",20.0196431071429
"525","3049",11.15,11.65,10.95,11.25,31617762,11.25,"2020-12-01",10.3042857142857
"526","3050",19.799999,20.049999,17.700001,18.85,42545503,18.85,"2020-12-01",12.925
"527","3051",5.08,5.52,4.9,5.36,1558636,5.36,"2020-12-01",4.73178571428572
"528","3052",14.2,14.9,13.4,14.9,24784252,14.9,"2020-12-01",11.675
"529","3054",23.75,24,23.450001,24,26754,24,"2020-12-01",22.9714286428571
"530","3055",34.150002,34.299999,33.400002,33.849998,421394,33.849998,"2020-12-01",34.0053568571428
"531","3056",39.849998,39.849998,39.299999,39.650002,906623,39.650002,"2020-12-01",39.2982142142858
"532","3057",10.65,11.7,10.65,11.6,646870,11.6,"2020-12-01",10.7125
"533","3058",8.32,8.92,8.32,8.74,1727437,8.74,"2020-12-01",8.38
"534","3059",28,28,27.299999,27.700001,1319277,27.700001,"2020-12-01",26.5214286071429
"535","3060",14.35,14.5,14.25,14.45,703000,14.45,"2020-12-01",13.8392857142857
"536","3062",15.75,16,15.4,15.85,3820830,15.85,"2020-12-01",14.7214285714286
"537","3090",48.150002,48.400002,47.599998,47.900002,820615,47.900002,"2020-12-01",46.4785715
"538","3094",23.4,23.549999,22.799999,23.049999,837003,23.049999,"2020-12-01",21.9428571071429
"539","3130",154,154,153,153,2140,153,"2020-12-01",150.160714285714
"540","3149",16.200001,17.200001,16.200001,16.75,4306549,16.75,"2020-12-01",16.2803572142857
"541","3164",23.5,23.5,23.1,23.1,40030,23.1,"2020-12-01",22.7160713214286
"542","3167",44.349998,44.599998,44.049999,44.349998,100267,44.349998,"2020-12-01",43.2892852857142
"543","3189",90.400002,91.400002,83.199997,85.800003,32496146,85.800003,"2020-12-01",77.1107145357144
"544","3209",23.299999,23.5,22.9,23.4,1822864,23.4,"2020-12-01",21.28928575
"545","3229",6.51,6.99,6.51,6.7,109000,6.7,"2020-12-01",8.23749999999998
"546","3231",30.200001,30.85,30.200001,30.65,15710852,30.65,"2020-12-01",29.5874999642857
"547","3257",72.5,72.800003,72,72.699997,237487,72.699997,"2020-12-01",72.4500003214286
"548","3266",15.3,15.5,15.15,15.3,92188,15.3,"2020-12-01",14.6107142857143
"549","3296",14.1,14.35,14.1,14.35,251321,14.35,"2020-12-01",14.1232142857143
"550","3305",27.799999,28.299999,27.25,27.9,808285,27.9,"2020-12-01",25.3017856785714
"551","3308",7.68,7.94,7.22,7.7,252100,7.7,"2020-12-01",6.79107142857143
"552","3311",33.799999,33.950001,32.700001,33.150002,415713,33.150002,"2020-12-01",30.0232144285714
"553","3312",14.45,14.8,14.45,14.8,923159,14.8,"2020-12-01",13.6785714285714
"554","3321",15.75,16.299999,15.4,16.200001,1271621,16.200001,"2020-12-01",16.0480213928571
"555","3338",69.5,69.900002,67.900002,68.300003,2758503,68.300003,"2020-12-01",62.9035715714286
"556","3346",41.799999,43.450001,41.049999,43,3878700,43,"2020-12-01",41.1482140000001
"557","3356",27.6,29.299999,26.700001,28.65,2198001,28.65,"2020-12-01",25.8910715714286
"558","3376",145,146,142,145,1292779,145,"2020-12-01",145.928571428571
"559","3380",29.15,29.450001,28.85,29,3740000,29,"2020-12-01",27.2178571785714
"560","3383",3.88,3.97,3.69,3.96,33737,3.96,"2020-12-01",3.90892857142859
"561","3406",644,650,633,641,7114631,641,"2020-12-01",592.249999999999
"562","3413",205,207.5,202,205.5,1989259,205.5,"2020-12-01",191.839285714286
"563","3416",74.800003,74.800003,72.900002,73.400002,67663,73.400002,"2020-12-01",72.6892855
"564","3419",17.6,17.85,17.25,17.549999,1533200,17.549999,"2020-12-01",16.2839285714285
"565","3432",13.1,13.6,13.1,13.2,343187,13.2,"2020-12-01",12.8553571428571
"566","3437",23.200001,23.799999,22.6,23.700001,3310441,23.700001,"2020-12-01",21.8928571071428
"567","3443",330.5,341.5,328.5,329.5,5715575,329.5,"2020-12-01",300.892857142857
"568","3450",70,70.5,69,70.5,1606365,70.5,"2020-12-01",67.0499997142857
"569","3454",77.5,77.800003,77.199997,77.5,95444,77.5,"2020-12-01",75.0857137500001
"570","3481",10.25,11.05,10.2,11,904544570,11,"2020-12-01",9.82642857142857
"571","3494",4.93,5.1,4.92,5.1,764204,5.1,"2020-12-01",4.75178571428572
"572","3501",48,48.200001,47.950001,48.200001,157388,48.200001,"2020-12-01",46.7339283571429
"573","3504",60,60.200001,58.700001,59.099998,283000,59.099998,"2020-12-01",56.3178572142858
"574","3515",171,172,169,171,2080572,171,"2020-12-01",166.482142857143
"575","3518",39.200001,39.200001,37.049999,37.900002,1044002,37.900002,"2020-12-01",30.0500002142857
"576","3528",42.150002,42.549999,42.150002,42.400002,47455,42.400002,"2020-12-01",41.5214285
"577","3530",134,137.5,131,137.5,3724174,137.5,"2020-12-01",101.017857428571
"578","3532",148,149,141,143.5,6178981,143.5,"2020-12-01",122.928571428571
"579","3533",448.5,468,445,454,2044193,454,"2020-12-01",439.392857142857
"580","3535",21.049999,21.1,20.25,20.65,1547500,20.65,"2020-12-01",18.8053572142857
"581","3536",4.11,4.11,3.92,3.92,137050,3.92,"2020-12-01",4.22749999999999
"582","3543",25.65,28.200001,25.65,28.1,4791388,28.1,"2020-12-01",23.4053570714286
"583","3545",66.5,68.5,65.5,65.699997,12834056,65.699997,"2020-12-01",55.5910572857143
"584","3550",14.45,14.5,14.25,14.45,203000,14.45,"2020-12-01",14.2178571428571
"585","3557",109,111,108.5,109.5,1050357,107.117363,"2020-12-01",90.082143
"586","3563",308,309.5,304,306.5,725746,306.5,"2020-12-01",291.803571428571
"587","3576",15,15,14.6,14.85,21314613,14.85,"2020-12-01",15.0303571071428
"588","3583",62.299999,62.299999,60.5,61.900002,907253,61.900002,"2020-12-01",59.2678571428572
"589","3588",47.099998,48.5,46.25,46.650002,1284039,46.650002,"2020-12-01",42.3071429642857
"590","3591",14.7,15.3,14.5,15.05,1318768,15.05,"2020-12-01",12.7196428571428
"591","3593",12,12.15,11.95,12.15,78843,12.15,"2020-12-01",11.4821428571428
"592","3596",97,97.099998,95.400002,96.5,2077107,96.5,"2020-12-01",99.2250001071429
"593","3605",31.799999,31.950001,31.25,31.5,942751,31.5,"2020-12-01",33.2089284285714
"594","3607",13.25,14.5,13.15,13.9,2946190,13.9,"2020-12-01",12.7321428571428
"595","3617",84.300003,84.5,83.5,84.5,101045,84.5,"2020-12-01",79.8285716428571
"596","3622",32.549999,33.400002,32.299999,32.75,2549398,32.75,"2020-12-01",24.8214285714286
"597","3645",60.799999,61,59.299999,60.700001,1303135,60.700001,"2020-12-01",57.067856857143
"598","3653",280.5,283.5,278.5,281,1082313,281,"2020-12-01",284.839285714286
"599","3661",668,671,636,645,4576118,645,"2020-12-01",571.732142857143
"600","3665",249.5,251,243.5,247,1829256,247,"2020-12-01",234.071428571429
"601","3669",93,93.400002,90,90.099998,2167120,90.099998,"2020-12-01",92.3964279642857
"602","3673",47.049999,47.950001,46.599998,47.450001,5871645,47.450001,"2020-12-01",47.835714357143
"603","3679",121.5,123,118.5,120,407080,120,"2020-12-01",110.392857142857
"604","3682",9.67,9.9,9.63,9.81,8971211,9.81,"2020-12-01",9.5207142857143
"605","3686",20,20.1,19.299999,19.5,2859829,19.5,"2020-12-01",19.8482144285715
"606","3694",34.299999,34.599998,33.5,34,1377500,34,"2020-12-01",33.07678575
"607","3701",13.4,13.4,12.95,12.95,14210,12.95,"2020-12-01",13.025
"608","3702",42.650002,42.650002,41.700001,41.799999,13536088,41.799999,"2020-12-01",39.962499857143
"609","3703",24.75,24.9,24.200001,24.4,7213985,24.4,"2020-12-01",25.07678575
"610","3704",25.35,26,25,25.75,7512274,25.75,"2020-12-01",24.0089285714286
"611","3705",45.650002,45.650002,44.650002,45,579547,45,"2020-12-01",43.65714275
"612","3706",29.65,29.799999,29.299999,29.65,4614888,29.65,"2020-12-01",29.0642858571429
"613","3708",167,168.5,162,162.5,4375600,162.5,"2020-12-01",164.107142857143
"614","3711",77.699997,78,75.800003,76.699997,24120141,76.699997,"2020-12-01",70.0928573214284
"615","3712",41,41.299999,39,39.200001,4213512,39.200001,"2020-12-01",37.6750000714286
"616","4104",57.400002,57.400002,57.099998,57.299999,153696,57.299999,"2020-12-01",56.9142854642857
"617","4106",30.4,30.75,30.15,30.299999,357117,30.299999,"2020-12-01",29.8642855
"618","4108",24.700001,24.950001,24.6,24.75,618495,24.75,"2020-12-01",24.6714285357143
"619","4119",127,128,124.5,125.5,600832,125.5,"2020-12-01",121.517857142857
"620","4133",64,64.5,62.299999,62.400002,1747493,62.400002,"2020-12-01",63.5392865
"621","4137",206,206,202.5,203,220546,203,"2020-12-01",190.946428571429
"622","4141",11.9,13.05,11.85,12.8,1358934,12.8,"2020-12-01",11.4535714285714
"623","4142",65.5,65.5,63.099998,63.299999,9502177,63.299999,"2020-12-01",62.3107135714286
"624","4148",35.950001,35.950001,35.650002,35.900002,43000,35.900002,"2020-12-01",34.9732144642857
"625","4155",28.5,28.799999,28.15,28.25,872226,28.25,"2020-12-01",29.7321428571429
"626","4164",41,41,40.049999,40.599998,266066,40.599998,"2020-12-01",38.5750001071428
"627","4190",97.599998,97.599998,95.400002,95.900002,296030,95.900002,"2020-12-01",91.6035706428573
"628","4306",17.200001,17.200001,16.85,16.950001,6387337,16.950001,"2020-12-01",15.7660713928571
"629","4414",11.85,11.9,11.5,11.85,3089826,11.85,"2020-12-01",11.4214285714286
"630","4426",29.799999,29.9,29,29.4,207722,29.4,"2020-12-01",27.9928571428571
"631","4438",105.5,105.5,104.5,105,130000,105,"2020-12-01",105.428571428571
"632","4439",170,170,162.5,164.5,183000,164.5,"2020-12-01",137.767857142857
"633","4526",14.7,14.8,14.55,14.7,553740,14.7,"2020-12-01",14.3803571428571
"634","4532",21.049999,21.85,20.950001,21.799999,3448834,21.799999,"2020-12-01",20.1732143928571
"635","4536",166.5,166.5,161.5,163,367008,163,"2020-12-01",160.482142857143
"636","4540",49.599998,50.5,48.450001,50.5,1064450,50.5,"2020-12-01",45.6821433214285
"637","4545",34.849998,35.700001,34.75,34.900002,240020,34.900002,"2020-12-01",34.1392863928571
"638","4551",194,194.5,190,190.5,443030,190.5,"2020-12-01",186.321428571428
"639","4552",36.849998,36.849998,36.5,36.700001,155238,36.700001,"2020-12-01",36.4642857142858
"640","4555",49.099998,49.299999,48.849998,48.849998,43000,48.849998,"2020-12-01",48.5910708571429
"641","4557",62.400002,62.599998,62.400002,62.599998,11120,62.599998,"2020-12-01",62.3964285000001
"642","4560",43.349998,43.450001,43.099998,43.299999,132000,43.299999,"2020-12-01",41.3660710714286
"643","4562",16.9,17,16.6,16.799999,115000,16.799999,"2020-12-01",16.7160713928571
"644","4564",31.049999,31.200001,30.549999,30.85,316093,30.85,"2020-12-01",29.2303570714286
"645","4566",40.5,40.599998,39.75,39.900002,86430,39.900002,"2020-12-01",37.9589285
"646","4571",72.900002,73.599998,72.5,72.5,75000,72.5,"2020-12-01",70.7035716071428
"647","4572",81.800003,82.900002,81.5,81.599998,55000,81.599998,"2020-12-01",78.23928525
"648","4576",81.5,82,79.900002,80.199997,154268,80.199997,"2020-12-01",76.3999995714286
"649","4581",37.349998,37.349998,37.200001,37.200001,12000,37.200001,"2020-12-01",36.8357141785714
"650","4720",16.200001,16.450001,15.9,16,3886057,16,"2020-12-01",13.71428575
"651","4722",28.549999,28.6,28.1,28.6,458035,28.6,"2020-12-01",27.9339286428572
"652","4737",69.599998,69.900002,69.5,69.5,43096,69.5,"2020-12-01",70.6428568928572
"653","4739",59.900002,61,58.299999,59.099998,551752,59.099998,"2020-12-01",55.3285709285715
"654","4746",50.400002,50.400002,49.75,50.099998,556345,50.099998,"2020-12-01",49.2285715
"655","4755",68.800003,69,67,68.099998,98033,68.099998,"2020-12-01",68.6991636428571
"656","4763",129.5,139.5,127,139.5,1565001,139.5,"2020-12-01",129.607142857143
"657","4764",60.299999,60.400002,60.099998,60.400002,7000,60.400002,"2020-12-01",61.0714291071427
"658","4766",155,156.5,153.5,156,210081,156,"2020-12-01",149.410714285714
"659","4807",31.299999,31.9,31.25,31.25,88019,31.25,"2020-12-01",29.2642859642857
"660","4904",61.900002,61.900002,61,61.200001,3934844,61.200001,"2020-12-01",60.8071431428569
"661","4906",30.35,30.450001,29.9,30.4,6348382,30.4,"2020-12-01",29.3464286071429
"662","4912",119,120,117,118,149305,116.922371,"2020-12-01",119.803571428572
"663","4915",46.799999,46.900002,46,46.700001,4084100,46.700001,"2020-12-01",46.3392860714285
"664","4916",25.200001,25.200001,24.799999,24.85,294288,24.85,"2020-12-01",22.7196425714286
"665","4919",45.400002,45.599998,44.5,45.5,3807506,45.5,"2020-12-01",42.9243930357143
"666","4927",82.300003,83.699997,81.900002,83.400002,3020100,83.400002,"2020-12-01",78.8714292499999
"667","4930",19.5,19.5,19.25,19.450001,492654,19.450001,"2020-12-01",17.9464286428571
"668","4934",28.75,29.1,28,28.299999,1996678,28.299999,"2020-12-01",28.6964286071428
"669","4935",114,116,113.5,115,1482000,115,"2020-12-01",109.946428571429
"670","4938",65.099998,65.699997,64.5,65.5,12057885,65.5,"2020-12-01",63.6464288214287
"671","4942",39.099998,39.150002,38.849998,39.099998,370000,39.099998,"2020-12-01",39.0071421785714
"672","4943",99,99.5,95,97.5,2951823,97.5,"2020-12-01",90.3321429285709
"673","4952",40.900002,41.400002,39.549999,40.25,2205000,40.25,"2020-12-01",36.3339285000001
"674","4956",18.5,18.6,18.299999,18.5,848249,18.5,"2020-12-01",18.3357143214286
"675","4958",125,126,122.5,124.5,6924941,124.5,"2020-12-01",123.625
"676","4960",10.35,11.2,10.3,10.65,47274583,10.65,"2020-12-01",9.75821428571426
"677","4961",43.349998,44.150002,42.049999,43.099998,5969318,43.099998,"2020-12-01",37.7785713928571
"678","4967",32.200001,34.599998,32.200001,34.25,3279500,34.25,"2020-12-01",32.4892853928571
"679","4968",335,343,327,339.5,6210127,339.5,"2020-12-01",290.392857142857
"680","4976",54,55.400002,53.200001,55.099998,4510121,55.099998,"2020-12-01",49.6410716428572
"681","4977",124,124,121,122.5,497100,122.5,"2020-12-01",113.875
"682","4989",20.700001,21.450001,20.700001,21.1,681090,21.1,"2020-12-01",17.9839285
"683","4994",74.800003,74.800003,73,74.099998,51759,74.099998,"2020-12-01",66.5928568214286
"684","4999",48,48.200001,47.5,47.799999,202102,47.799999,"2020-12-01",46.5124997500001
"685","5007",49.049999,49.5,48.799999,49.150002,63080,49.150002,"2020-12-01",46.9732141071429
"686","5203",104.5,105,104,105,190123,105,"2020-12-01",104.982142857143
"687","5215",146,146,140.5,141,1581370,141,"2020-12-01",152.232142857143
"688","5225",29.950001,30.950001,29.9,30.700001,274000,30.700001,"2020-12-01",28.6625001071429
"689","5234",82.599998,84.099998,82.599998,83.800003,111100,83.800003,"2020-12-01",81.2035718571428
"690","5243",42,43.5,41.299999,43.150002,5453865,43.150002,"2020-12-01",37.1125002500001
"691","5258",24.049999,24.4,23.700001,23.75,271000,23.75,"2020-12-01",21.96428575
"692","5269",1675,1720,1625,1645,1302248,1645,"2020-12-01",1535.89285714286
"693","5283",107.5,108,107.5,107.5,89208,107.5,"2020-12-01",104.892857142857
"694","5284",35.5,35.549999,35.5,35.5,5054,35.5,"2020-12-01",34.3928569642857
"695","5285",57.200001,58.5,55.5,56.200001,1171015,56.200001,"2020-12-01",49.3125003571429
"696","5288",110,110,109,109,64097,109,"2020-12-01",103.182143321429
"697","5388",78.900002,79,78,78.400002,1131673,78.400002,"2020-12-01",75.9428571785715
"698","5434",121.5,122,121,122,332994,122,"2020-12-01",119.553571428571
"699","5469",45.25,45.599998,44.75,45.599998,9165397,45.599998,"2020-12-01",42.5250000357143
"700","5471",67,67.900002,66.300003,67.599998,3813851,67.599998,"2020-12-01",67.1928572142858
"701","5484",12.2,12.4,11.95,12.3,314852,12.3,"2020-12-01",10.8142857142857
"702","5515",13.25,13.3,13,13.25,695724,13.25,"2020-12-01",12.2303571428571
"703","5519",16,16,15.6,15.8,1044251,15.8,"2020-12-01",15.2160714285714
"704","5521",11.85,11.85,11.4,11.5,7452701,11.5,"2020-12-01",12.0482142857143
"705","5522",52.200001,53.200001,52,53,1771869,53,"2020-12-01",47.07142875
"706","5525",21.65,21.75,21.6,21.75,158680,21.75,"2020-12-01",21.5107144285714
"707","5531",18.1,19.9,17.5,19.5,16380136,19.5,"2020-12-01",11.8589286071428
"708","5533",16.35,16.35,16.200001,16.25,104200,16.25,"2020-12-01",16.0232142857143
"709","5534",83.199997,83.300003,82.300003,83,345887,83,"2020-12-01",80.9964285714286
"710","5538",33.549999,33.549999,33.549999,33.549999,1000,33.549999,"2020-12-01",32.3571425
"711","5546",83.699997,83.699997,81.699997,82.099998,856330,82.099998,"2020-12-01",79.142857107143
"712","5607",29.5,29.65,29.200001,29.200001,735000,29.200001,"2020-12-01",30.13928575
"713","5608",7.66,7.76,7.4,7.53,1907826,7.53,"2020-12-01",7.18071428571431
"714","5706",32.5,32.5,32,32.200001,165047,32.200001,"2020-12-01",30.0571429642858
"715","5871",156.5,159.5,156,159.5,2428242,159.5,"2020-12-01",154.678571428572
"716","5906",43.150002,47.400002,43.150002,45.200001,229158,45.200001,"2020-12-01",37.1482143571429
"717","5907",21.799999,21.85,21.75,21.85,102000,21.85,"2020-12-01",21.5642855714286
"718","6108",20.85,20.950001,20.700001,20.85,219006,20.85,"2020-12-01",20.6196428928571
"719","6112",40.599998,40.700001,40.150002,40.5,264069,40.5,"2020-12-01",39.7857142857143
"720","6115",41.700001,41.700001,41.5,41.549999,227000,41.549999,"2020-12-01",41.3071429642857
"721","6116",10.3,11,10.2,10.8,305507862,10.8,"2020-12-01",9.55035714285715
"722","6117",17.1,17.25,16.700001,16.799999,20911,16.799999,"2020-12-01",16.7499999285714
"723","6120",13.7,14.45,13.6,14.3,16122254,14.3,"2020-12-01",11.8821428571428
"724","6128",28.35,29,28.35,28.4,81096,28.4,"2020-12-01",27.5107141071428
"725","6131",5.18,5.18,5.18,5.18,0,5.18,"2020-12-01",6.02964285714286
"726","6133",8.53,8.53,8.45,8.5,129798,8.5,"2020-12-01",8.28857142857141
"727","6136",17.6,17.65,17.5,17.6,225946,17.6,"2020-12-01",17.2946424642857
"728","6139",28.1,28.200001,27.75,27.85,466072,27.85,"2020-12-01",26.8535713571429
"729","6141",29.25,29.65,29.1,29.299999,2494216,29.299999,"2020-12-01",28.1821427857143
"730","6142",8.8,9.17,8.5,9.1,2795097,9.1,"2020-12-01",7.83785714285714
"731","6152",12.15,12.5,12,12.3,1487727,12.3,"2020-12-01",11.0796428571429
"732","6153",37.700001,37.900002,36.299999,37,15820038,37,"2020-12-01",32.7982147142857
"733","6155",25.450001,26.799999,25,26.5,2025629,26.5,"2020-12-01",23.8249999285715
"734","6164",7.39,7.46,7.33,7.46,394058,7.46,"2020-12-01",7.41892857142857
"735","6165",61.5,62.799999,59.299999,62.099998,2590000,62.099998,"2020-12-01",59.5607140714286
"736","6166",69.199997,69.199997,67.699997,68,84121,68,"2020-12-01",66.510714392857
"737","6168",14.9,15.05,14.55,15.05,973477,15.05,"2020-12-01",14.1160714285714
"738","6172",28.6,28.75,28.6,28.75,117000,28.75,"2020-12-01",28.3874998571428
"739","6176",119.5,119.5,116,117.5,7541174,117.5,"2020-12-01",110.696428571429
"740","6177",31.25,31.5,30.549999,30.75,1674022,30.75,"2020-12-01",29.5330929642857
"741","6183",46.75,46.950001,46.5,46.900002,77105,46.900002,"2020-12-01",46.6482147142857
"742","6184",43.099998,43.200001,43,43.049999,44650,43.049999,"2020-12-01",42.1071426785714
"743","6189",35.450001,35.549999,35.349998,35.5,241500,35.5,"2020-12-01",35.4696429285714
"744","6191",23.799999,24.200001,23.5,24.200001,13095548,24.200001,"2020-12-01",22.9035714285714
"745","6192",68.199997,68.699997,67.800003,68.699997,186142,68.699997,"2020-12-01",65.7249993928573
"746","6196",112,113,109.5,113,1603696,113,"2020-12-01",108.107142857143
"747","6197",36.5,36.549999,35.900002,36.299999,442676,36.299999,"2020-12-01",34.61250025
"748","6201",36,36.549999,36,36.400002,110059,36.400002,"2020-12-01",35.3535716785714
"749","6202",72.199997,72.199997,70.599998,71.400002,1303199,71.400002,"2020-12-01",70.4785720357144
"750","6205",49.299999,49.5,47,48.200001,3851056,48.200001,"2020-12-01",39.0214286785714
"751","6206",62.5,62.900002,62.400002,62.700001,94581,62.700001,"2020-12-01",61.2892856428571
"752","6209",35.700001,36,34.599998,35.450001,2341000,35.450001,"2020-12-01",33.2357140714286
"753","6213",137,137.5,134.5,136,1650343,136,"2020-12-01",133.375
"754","6214",84.400002,84.900002,83.800003,84.099998,365587,84.099998,"2020-12-01",82.7785715714284
"755","6215",16.200001,16.450001,16.15,16.4,269002,16.4,"2020-12-01",15.6339285714286
"756","6216",26.75,26.799999,25.950001,26.25,239768,26.25,"2020-12-01",25.3232141071428
"757","6224",92.5,93.5,90.400002,90.800003,965031,90.800003,"2020-12-01",92.1535715
"758","6225",3.55,3.55,3.5,3.5,7342,3.5,"2020-12-01",3.69857142857142
"759","6226",8.25,8.35,8.25,8.35,1366529,8.35,"2020-12-01",8.15428571428572
"760","6230",239.5,242,239,239.5,117027,239.5,"2020-12-01",237.035714285714
"761","6235",16.799999,16.799999,16.450001,16.700001,616522,16.700001,"2020-12-01",16.1017857857143
"762","6239",91.699997,93.199997,91.199997,93,9091873,93,"2020-12-01",88.614285607143
"763","6243",12.7,13.1,12.7,12.8,775523,12.8,"2020-12-01",11.9589285714286
"764","6251",21.35272,21.520851,21.016457,21.408764,6895964,21.408764,"2020-12-01",20.7722650357143
"765","6257",45.299999,45.299999,44.700001,45.099998,9370938,45.099998,"2020-12-01",40.9357139642857
"766","6269",121.5,122.5,119.5,122.5,6077217,122.5,"2020-12-01",117.535714285714
"767","6271",199,200,190.5,196.5,10202276,196.5,"2020-12-01",179.86424975
"768","6277",83.199997,83.699997,83.199997,83.599998,83252,83.599998,"2020-12-01",83.3678572142857
"769","6278",123,124.5,122,124,5055766,124,"2020-12-01",111.560714178571
"770","6281",71.699997,71.900002,71.5,71.800003,46207,71.800003,"2020-12-01",70.2928561428571
"771","6282",29.6,29.6,28.950001,29.25,9892324,29.25,"2020-12-01",27.1392856785714
"772","6283",37.299999,38.599998,36.650002,38.150002,4479000,38.150002,"2020-12-01",35.6517857142857
"773","6285",82.800003,83,81.5,82.300003,2461520,82.300003,"2020-12-01",80.0428571785717
"774","6288",35.200001,35.650002,34.599998,34.900002,3071214,34.900002,"2020-12-01",34.2785716785714
"775","6289",3.46,3.46,3.46,3.46,86675,3.46,"2020-12-01",3.66892857142855
"776","6405",19.1,20.299999,19.1,19.9,397200,19.9,"2020-12-01",18.4821428571428
"777","6409",880,880,848,851,183258,851,"2020-12-01",943.178571428571
"778","6412",67.400002,71,67.199997,70.400002,1178001,70.400002,"2020-12-01",67.2571430714285
"779","6414",230,231,227,230,701081,230,"2020-12-01",233.392857142857
"780","6415",2270,2320,2210,2250,443060,2250,"2020-12-01",2132.32142857143
"781","6416",126.5,126.5,124,124.5,476000,124.5,"2020-12-01",128.428571428572
"782","6431",29.950001,29.950001,29.4,29.5,46000,29.5,"2020-12-01",27.9964285714286
"783","6438",80.5,84.599998,80.400002,83.599998,4891000,83.599998,"2020-12-01",80.0714282142857
"784","6442",31.049999,32,31.049999,32,18000,32,"2020-12-01",29.5428572499999
"785","6443",43.25,45.099998,42.349998,44.599998,27512164,44.599998,"2020-12-01",37.0935921071428
"786","6449",55.200001,55.799999,54.599998,55.5,670206,55.5,"2020-12-01",53.4142858214287
"787","6451",123.5,123.5,119,120,1496176,120,"2020-12-01",107.021428821429
"788","6452",56.599998,56.599998,56.599998,56.599998,0,56.599998,"2020-12-01",56.5999979999996
"789","6456",115,118.5,114.5,118,7479180,118,"2020-12-01",113.464285714286
"790","6464",111,111.5,110,110.5,23000,110.5,"2020-12-01",109.482142857143
"791","6477",65.199997,65.900002,63.299999,63.599998,10718802,63.599998,"2020-12-01",61.2178566071429
"792","6491",257,261.5,252.5,256.5,441213,256.5,"2020-12-01",249.089285714286
"793","6504",195,197.5,194,194.5,817700,194.5,"2020-12-01",212.357142857143
"794","6505",91.099998,92.900002,90.5,92.699997,3876624,92.699997,"2020-12-01",87.6178564642858
"795","6515",430.5,430.5,423,428,84418,428,"2020-12-01",404.357142857143
"796","6525",59.700001,60.400002,59.200001,60.400002,207145,60.400002,"2020-12-01",57.6107145714285
"797","6531",458.5,464,415.5,426,5167982,426,"2020-12-01",359.446428571428
"798","6533",312,316,305,315,688338,315,"2020-12-01",204.464285714286
"799","6541",43.450001,43.5,42.400002,42.599998,173000,42.599998,"2020-12-01",39.3011822857141
"800","6552",56.5,57.200001,55.5,56.799999,373320,56.799999,"2020-12-01",50.9310891071429
"801","6558",56.200001,56.700001,54.299999,54.900002,2137070,54.900002,"2020-12-01",53.3285714642857
"802","6573",15.15,15.4,15.05,15.1,776024,15.1,"2020-12-01",15.0964285714286
"803","6579",74.300003,74.300003,73.5,73.800003,48002,73.800003,"2020-12-01",69.7821434285713
"804","6581",77,77,76.300003,76.300003,52000,76.300003,"2020-12-01",71.0214282142857
"805","6582",158.5,160,156,156.5,568999,156.5,"2020-12-01",190.535714285714
"806","6591",66.800003,69.699997,66.599998,67.800003,3221829,67.800003,"2020-12-01",58.3821426785714
"807","6592",82.199997,82.900002,82,82.400002,2193500,82.400002,"2020-12-01",80.7392853571428
"808","6598",76.5,76.5,75,75.199997,375258,75.199997,"2020-12-01",78.3214281785714
"809","6605",52.5,52.5,51.799999,52.400002,189200,52.400002,"2020-12-01",49.5874998571429
"810","6625",33.700001,33.700001,33.400002,33.400002,34315,33.400002,"2020-12-01",34.9678568928571
"811","6641",66.599998,66.699997,66.400002,66.599998,12000,66.599998,"2020-12-01",64.3428566071428
"812","6655",53.700001,53.700001,53.299999,53.400002,6000,53.400002,"2020-12-01",51.9250002500001
"813","6666",106.5,106.5,104.5,104.5,29000,104.5,"2020-12-01",104.803571428571
"814","6668",57.400002,57.5,56.099998,56.299999,182070,56.299999,"2020-12-01",52.0999996071429
"815","6669",686,686,678,678,633333,678,"2020-12-01",714.428571428571
"816","6670",174.5,174.5,172,173,109200,173,"2020-12-01",177.892857142857
"817","6671",39.5,39.650002,39.5,39.650002,11000,39.650002,"2020-12-01",38.9946429642858
"818","6672",70,70.5,69.699997,69.800003,350342,69.800003,"2020-12-01",71.0285717857143
"819","6674",36,38.150002,35.099998,37.5,1786025,37.5,"2020-12-01",30.3571432857143
"820","6698",40.650002,40.900002,40.400002,40.5,918939,40.5,"2020-12-01",40.4910717857143
"821","6706",165.913376,169.380219,160.465469,168.884949,3606826,168.884949,"2020-12-01",150.825512035714
"822","6715",127.5,131,127,131,68000,131,"2020-12-01",126.964285714286
"823","6743",130,132.5,129,130,544688,130,"2020-12-01",124.464285714286
"824","6754",44.900002,44.900002,43.799999,44.299999,136235,44.299999,"2020-12-01",41.9767858214286
"825","6756",317,321.5,316,318.5,74335,318.5,"2020-12-01",312.232142857143
"826","8011",19.25,20.5,19.1,20.5,14953627,20.5,"2020-12-01",17.0585632857143
"827","8016",140,140.5,138,140.5,646343,140.5,"2020-12-01",133.267857142857
"828","8021",27.049999,27.1,26.25,26.5,3343236,26.5,"2020-12-01",24.2339286428572
"829","8028",57.700001,58,55.799999,56.799999,6035200,56.799999,"2020-12-01",49.7035716428571
"830","8033",11.2,11.2,11,11.15,508100,11.15,"2020-12-01",10.875
"831","8039",55.299999,56,54.400002,55.799999,1872706,55.799999,"2020-12-01",54.0464287142858
"832","8046",181,182,173,175,21971852,175,"2020-12-01",135.571428571429
"833","8070",30.5,32,29.6,30.75,38931843,30.491261,"2020-12-01",23.2785713928571
"834","8072",27.450001,27.65,27.299999,27.4,77600,27.4,"2020-12-01",28.8160715357143
"835","8081",163.5,164,160,163,735082,163,"2020-12-01",156.571428571429
"836","8101",4.6,4.6,4.3,4.49,239572,4.49,"2020-12-01",4.68571428571429
"837","8103",32.349998,32.349998,31.5,31.950001,662061,31.950001,"2020-12-01",30.6428570357143
"838","8104",51.900002,53.599998,51.400002,53.099998,799633,53.099998,"2020-12-01",48.6410711071427
"839","8105",12.2,13.1,12.1,12.7,35441285,12.7,"2020-12-01",10.6357142857143
"840","8110",12.45,13.1,12.25,13.05,15475028,13.05,"2020-12-01",11.1892857142857
"841","8112",32.75,32.799999,32.349998,32.599998,3815870,32.599998,"2020-12-01",30.8178570357143
"842","8114",79.199997,79.199997,78.5,78.699997,19141,78.699997,"2020-12-01",79.0392861785713
"843","8131",37.049999,37.25,36.900002,37.25,455500,37.25,"2020-12-01",36.0500000714286
"844","8150",32.150002,32.150002,31.65,32,6981342,32,"2020-12-01",29.8696428571429
"845","8163",43.5,43.900002,42.799999,43.799999,3270242,43.799999,"2020-12-01",41.5535716071428
"846","8201",9.37,9.7,9.37,9.6,217350,9.6,"2020-12-01",9.25678571428572
"847","8210",85.900002,85.900002,84.699997,85,378050,85,"2020-12-01",86.7678576785714
"848","8213",45.799999,46,45.200001,45.650002,1672809,45.650002,"2020-12-01",43.0696425357143
"849","8215",24.450001,26.6,24.450001,26,29045618,26,"2020-12-01",23.7410715
"850","8222",13.65,13.65,13.45,13.6,193589,13.6,"2020-12-01",13.2017857142857
"851","8249",19.200001,19.4,19.049999,19.200001,415201,19.200001,"2020-12-01",17.9410716071429
"852","8261",45.299999,45.849998,43.049999,45.150002,7175923,45.150002,"2020-12-01",42.167857
"853","8271",37.549999,40.150002,37.349998,39.799999,4513742,39.799999,"2020-12-01",36.8803570357143
"854","8341",226,226,223,226,53132,226,"2020-12-01",223.446428571429
"855","8367",27,27.049999,26.9,27.049999,27000,27.049999,"2020-12-01",26.5375000357143
"856","8374",26.700001,27.1,26.049999,26.65,584518,26.65,"2020-12-01",24.8732142142857
"857","8404",30.049999,30.1,29.700001,30,217115,30,"2020-12-01",29.04642875
"858","8411",14.55,15.1,14.4,14.55,297773,14.55,"2020-12-01",13.95
"859","8422",163,164.5,163,164,153439,164,"2020-12-01",160.982142857143
"860","8427",44.599998,44.599998,44.599998,44.599998,0,44.599998,"2020-12-01",43.7071421071428
"861","8429",9,9.34,8.9,9.29,2069757,9.29,"2020-12-01",8.54928571428568
"862","8442",45.650002,46.349998,45,45.75,13000,45.75,"2020-12-01",46.0142857857143
"863","8443",10.7,10.85,10.7,10.85,75189,10.85,"2020-12-01",10.4367857142857
"864","8454",623,635,621,621,187170,621,"2020-12-01",659
"865","8462",162.5,164,162,163.5,98549,163.5,"2020-12-01",161.321428571429
"866","8463",36.5,36.599998,36.5,36.549999,59000,36.549999,"2020-12-01",36.1928568571428
"867","8464",332,335.5,328,332,390972,332,"2020-12-01",334.839285714286
"868","8466",63.5,64,63.400002,63.799999,30000,63.799999,"2020-12-01",63.6249997142857
"869","8467",49.299999,49.299999,48.900002,48.900002,6000,48.900002,"2020-12-01",49.2357143928571
"870","8473",43.5,43.549999,43.299999,43.299999,45000,43.299999,"2020-12-01",43.0732144285715
"871","8478",63.400002,63.400002,60.900002,61.900002,208000,61.900002,"2020-12-01",60.2000004642858
"872","8480",124.5,124.5,122,122,26000,122,"2020-12-01",121.660714285714
"873","8481",72.699997,73.300003,72.5,73.300003,14000,73.300003,"2020-12-01",71.957143
"874","8482",104.5,107,104.5,105.5,146000,105.5,"2020-12-01",102.542857035714
"875","8488",15.55,16,14.55,15.75,121000,15.75,"2020-12-01",13.9625
"876","8499",157,157,152.5,154.5,303656,154.5,"2020-12-01",155.464285714286
"877","8926",39.299999,39.5,38.799999,38.849998,1098784,38.849998,"2020-12-01",38.4392860357143
"878","8940",14.4,14.4,13.15,14.4,2451641,14.4,"2020-12-01",10.5175
"879","8996",54.299999,55.599998,53.700001,55.5,482241,55.5,"2020-12-01",52.469643107143
"880","9802",122,122,118.5,121,573483,121,"2020-12-01",123.392857142857
"881","9902",11.75,11.8,10.9,10.95,6397050,10.95,"2020-12-01",9.86607142857142
"882","9904",31.25,31.25,30.799999,31,13547551,31,"2020-12-01",28.4178571071429
"883","9905",23.35,23.35,23,23.15,74631,23.15,"2020-12-01",22.4857140714286
"884","9906",45,46.599998,42.75,43.75,554743,43.75,"2020-12-01",39.1446426428572
"885","9907",11.65,11.75,11.3,11.45,3316678,11.45,"2020-12-01",10.6728571428571
"886","9908",34.799999,35,34.5,34.849998,154350,34.849998,"2020-12-01",32.0375
"887","9910",184.5,188,184.5,187.5,570709,187.5,"2020-12-01",184.392857142857
"888","9911",50.400002,50.5,50,50.400002,139594,50.400002,"2020-12-01",50.4857140357143
"889","9912",7.57,7.58,7.39,7.5,101570,7.5,"2020-12-01",7.2185714285714
"890","9914",250,253.5,248,252,839350,252,"2020-12-01",259.160714285714
"891","9917",88.5,88.599998,87.699997,87.800003,264887,87.800003,"2020-12-01",88.5964283928572
"892","9918",37.200001,37.200001,36.5,36.799999,6369,36.799999,"2020-12-01",36.0785712857143
"893","9919",36,36.299999,35.049999,35.099998,4964139,35.099998,"2020-12-01",38.5053568571428
"894","9921",282.5,288,282.5,287,485815,287,"2020-12-01",278.589285714286
"895","9924",46,46,45.400002,45.650002,206854,45.650002,"2020-12-01",44.0464287142856
"896","9925",37.150002,37.150002,37.049999,37.150002,111601,37.150002,"2020-12-01",36.8642859285714
"897","9926",46.700001,46.799999,46.599998,46.799999,25706,46.799999,"2020-12-01",44.3821430714286
"898","9927",30.5,30.6,30.25,30.35,180378,30.35,"2020-12-01",28.5339289642857
"899","9928",5.1,5.1,5.1,5.1,7027,5.1,"2020-12-01",4.93964285714286
"900","9929",21.833332,21.833332,21.416666,21.583332,174577,14.812091,"2020-12-01",21.1934518571429
"901","9930",45.5,45.650002,45.25,45.25,116301,45.25,"2020-12-01",44.6357138928572
"902","9931",41.900002,42,41.099998,42,13000,42,"2020-12-01",40.9125003214286
"903","9933",39.150002,39.200001,38.950001,39,1086302,39,"2020-12-01",39.1696423214285
"904","9934",16.049999,16.200001,15.9,16,786649,16,"2020-12-01",15.6535713928571
"905","9935",32.799999,33.150002,32.400002,32.450001,438205,32.450001,"2020-12-01",33.0625
"906","9937",49.599998,49.849998,49.599998,49.849998,9856,49.849998,"2020-12-01",48.2214284285714
"907","9938",75,75.5,74.300003,75.199997,593000,75.199997,"2020-12-01",73.5428579642857
"908","9939",60.200001,60.200001,59.700001,60,950759,60,"2020-12-01",59.3857147857143
"909","9940",30.35,30.35,29.9,30.049999,503809,30.049999,"2020-12-01",29.3642857142857
"910","9941",102,102,100.5,101,276467,101,"2020-12-01",99.6785711785715
"911","9942",68.199997,68.300003,68,68.199997,64000,68.199997,"2020-12-01",65.8285718571427
"912","9943",63.200001,63.200001,63,63.200001,87800,63.200001,"2020-12-01",62.3035710714286
"913","9944",22.200001,22.25,22.1,22.1,104000,22.1,"2020-12-01",22.2035713571429
"914","9945",42.200001,42.5,41.400002,41.650002,7548737,41.650002,"2020-12-01",40.6071428571428
"915","9946",17.700001,18.75,17.700001,18.200001,1437860,18.200001,"2020-12-01",17.4288331071429
"916","9955",19.200001,20.6,19.15,20.549999,5539717,20.549999,"2020-12-01",18.7232142857143
"917","9958",131.5,132.5,128.5,128.5,3675951,128.5,"2020-12-01",128.517857142857
"918","2880",18.049999,18.15,18.049999,18.15,7244985,18.15,"2020-12-01",17.9910715
"919","2881",44.650002,44.900002,44.400002,44.799999,16765565,44.799999,"2020-12-01",43.5910715714286
"920","2882",40.599998,40.75,40.349998,40.700001,17401650,40.700001,"2020-12-01",40.1607144642857
"921","2883",8.9,8.9,8.83,8.88,39672680,8.88,"2020-12-01",8.6257142857143
"922","2884",25.200001,25.299999,25.15,25.299999,23952186,25.299999,"2020-12-01",25.3499999285714
"923","2885",19.15,19.35,19.049999,19.35,20825351,19.35,"2020-12-01",18.6071426785714
"924","2886",28.65,29.15,28.65,29.15,14643818,29.15,"2020-12-01",28.7482143928572
"925","2887",13.3,13.4,13.2,13.3,7093329,13.3,"2020-12-01",13.1
"926","2888",8.6,8.64,8.5,8.62,44209232,8.62,"2020-12-01",8.38964285714287
"927","2889",12,12.05,11.95,12.05,2295567,12.05,"2020-12-01",11.9517857142857
"928","2890",11.2,11.25,11.15,11.25,18749395,11.25,"2020-12-01",11.0857142857143
"929","2891",19.25,19.450001,19.25,19.4,32596854,19.4,"2020-12-01",19.03571425
"930","2892",21.35,21.4,21.200001,21.4,10427471,21.4,"2020-12-01",21.092857
"931","5880",20.299999,20.299999,20.049999,20.200001,7794335,20.200001,"2020-12-01",20.0035716428572
"932","2816",20.1,20.15,20,20.1,202564,20.1,"2020-12-01",19.6857143214285
"933","2823",22.450001,22.549999,22.1,22.25,29534423,22.25,"2020-12-01",20.0981805
"934","2832",20.200001,20.299999,20.15,20.25,114001,20.25,"2020-12-01",19.9928571785714
"935","2850",39.099998,39.099998,38.650002,38.900002,82078,38.900002,"2020-12-01",37.6696426785715
"936","2851",22.549999,22.65,22.4,22.450001,436420,22.450001,"2020-12-01",21.5767857857143
"937","2852",13.35,13.35,13.2,13.35,167001,13.35,"2020-12-01",13.0803571428571
"938","2867",8.67,8.67,8.59,8.63,4370863,8.63,"2020-12-01",8.61007535714286
"939","1409",12.55,12.55,12.3,12.4,6566492,12.4,"2020-12-01",11.7660714285714
"940","1718",9.41,9.46,9.2,9.37,10506300,9.37,"2020-12-01",8.80107142857143
"941","2207",646,654,642,650,334358,650,"2020-12-01",657.428571428571
"942","2905",21.450001,21.450001,21,21.200001,508284,21.200001,"2020-12-01",21.1999998928572
