"","¤é´Á","KCluster","EMCluster","Profit"
"1"," 99/01/08",9,6,-0.058008658008658
"2"," 99/01/11",8,6,-0.0639032815198618
"3"," 99/01/12",13,3,-0.0807291666666666
"4"," 99/01/13",4,7,-0.06784140969163
"5"," 99/01/14",5,1,-0.0591818973020018
"6"," 99/01/15",14,1,-0.0830449826989619
"7"," 99/01/18",14,3,-0.0886956521739131
"8"," 99/01/19",2,4,-0.0863436123348017
"9"," 99/01/20",4,7,-0.0647163120567376
"10"," 99/01/21",12,7,-0.06076854334227
"11"," 99/01/22",6,9,-0.0670955882352941
"12"," 99/01/25",6,9,-0.0553505535055351
"13"," 99/01/26",6,9,-0.0396600566572238
"14"," 99/01/27",6,9,-0.0255198487712666
"15"," 99/01/28",7,1,-0.036077705827937
"16"," 99/01/29",1,7,-0.00754716981132073
"17"," 99/02/01",4,7,0.00381679389312983
"18"," 99/02/02",12,9,0.00771456123432977
"19"," 99/02/03",7,1,-0.0208530805687204
"20"," 99/02/04",5,1,-0.0190294957183635
"21"," 99/02/05",6,9,0.0403940886699507
"22"," 99/02/06",12,7,0.0283203124999999
"23"," 99/02/08",16,9,0.0353982300884955
"24"," 99/02/09",7,1,0.0126091173617848
"25"," 99/02/10",10,2,0.0163147792706334
"26"," 99/02/22",15,2,0.0199619771863117
"27"," 99/02/23",9,6,0.0228136882129277
"28"," 99/02/24",13,4,0.0296650717703349
"29"," 99/02/25",4,7,0.0387221684414327
"30"," 99/02/26",1,7,0.0397672162948594
"31"," 99/03/01",10,1,0.000946969696969778
"32"," 99/03/02",10,1,0.0085470085470086
"33"," 99/03/03",8,6,0.0284900284900285
"34"," 99/03/04",2,4,0.0421455938697317
"35"," 99/03/05",8,5,0.024551463644948
"36"," 99/03/08",10,6,0.000931966449207908
"37"," 99/03/09",10,6,-0.00836431226765791
"38"," 99/03/10",9,6,-0.00557620817843861
"39"," 99/03/11",13,5,-0.00279589934762346
"40"," 99/03/12",2,3,0.00746268656716415
"41"," 99/03/15",4,7,0.0312204351939451
"42"," 99/03/16",1,8,0.0254237288135593
"43"," 99/03/17",10,1,0.00184672206832874
"44"," 99/03/18",10,2,0.00643382352941179
"45"," 99/03/19",9,6,0.00921658986175115
"46"," 99/03/22",2,4,0.0297951582867783
"47"," 99/03/23",4,7,0.0384254920337394
"48"," 99/03/24",1,8,0.0289719626168224
"49"," 99/03/25",5,8,0.0317757009345795
"50"," 99/03/26",14,1,0.0268518518518519
"51"," 99/03/29",10,6,0.00550458715596325
"52"," 99/03/30",10,6,0.0137741046831956
"53"," 99/03/31",8,5,0.0239631336405529
"54"," 99/04/01",8,6,0.00821917808219183
"55"," 99/04/02",14,5,-0.0200913242009133
"56"," 99/04/06",10,6,-0.0262206148282097
"57"," 99/04/07",8,6,-0.0153429602888087
"58"," 99/04/08",13,3,-0.0108991825613078
"59"," 99/04/09",13,3,-0.00815217391304353
"60"," 99/04/12",14,3,0.00811541929666358
"61"," 99/04/13",2,8,0.0191605839416059
"62"," 99/04/14",5,3,0.000905797101449224
"63"," 99/04/15",14,5,-0.00990099009900985
"64"," 99/04/16",5,3,-0.00724637681159431
"65"," 99/04/19",12,9,0.0149114631873253
"66"," 99/04/20",12,7,0.0120705663881151
"67"," 99/04/21",7,1,-0.0284142988084326
"68"," 99/04/22",7,1,-0.0459136822773186
"69"," 99/04/23",8,5,-0.0511415525114155
"70"," 99/04/26",11,2,-0.0626118067978533
"71"," 99/04/27",15,2,-0.0653536257833482
"72"," 99/04/28",13,4,-0.0570135746606335
"73"," 99/04/29",2,4,-0.0318181818181818
"74"," 99/04/30",1,7,-0.0310218978102189
"75"," 99/05/03",4,7,-0.0468319559228651
"76"," 99/05/04",1,8,-0.0458715596330275
"77"," 99/05/05",6,9,-0.0292452830188679
"78"," 99/05/06",6,9,-0.0221366698748798
"79"," 99/05/07",6,9,-0.0423484119345525
"80"," 99/05/10",16,9,-0.0372137404580152
"81"," 99/05/11",7,1,-0.0590038314176246
"82"," 99/05/12",13,4,-0.053358925143954
"83"," 99/05/13",9,2,-0.0674178403755869
"84"," 99/05/14",10,6,-0.060828625235405
"85"," 99/05/17",4,7,-0.0346820809248554
"86"," 99/05/18",4,7,-0.0417307692307693
"87"," 99/05/19",12,7,-0.0466472303206998
"88"," 99/05/20",6,9,-0.0118110236220471
"89"," 99/05/21",6,9,0.00603015075376879
"90"," 99/05/24",16,7,-0.0338949454905847
"91"," 99/05/25",6,9,-0.0114006514657979
"92"," 99/05/26",16,7,-0.0231143552311436
"93"," 99/05/27",5,1,-0.0163109142166733
"94"," 99/05/28",7,1,-0.00501303388810908
"95"," 99/05/31",8,6,0.00499001996007984
"96"," 99/06/01",13,3,0.0174593618302228
"97"," 99/06/02",4,7,0.0407747196738022
"98"," 99/06/03",14,1,0.0139442231075696
"99"," 99/06/04",14,1,0.038961038961039
"100"," 99/06/07",12,7,0.0607304062371769
"101"," 99/06/08",12,7,0.0533360790774299
"102"," 99/06/09",16,9,0.0647571606475716
"103"," 99/06/10",7,1,0.0358239508700102
"104"," 99/06/11",10,2,0.0237807335751713
"105"," 99/06/14",15,2,0.0029791459781529
"106"," 99/06/15",15,2,-0.0226824457593689
"107"," 99/06/17",15,2,-0.0364348677766895
"108"," 99/06/18",8,6,-0.0277013752455795
"109"," 99/06/21",15,2,-0.0288461538461538
"110"," 99/06/22",8,6,-0.00580270793036759
"111"," 99/06/23",2,4,0.00293255131964807
"112"," 99/06/24",2,4,0.0146198830409357
"113"," 99/06/25",12,7,0.0345849802371542
"114"," 99/06/28",1,7,0.0295275590551181
"115"," 99/06/29",1,7,0.0326732673267326
"116"," 99/06/30",12,9,0.0726538849646822
"117"," 99/07/01",12,9,0.0825371010367962
"118"," 99/07/02",16,7,0.0689028086482117
"119"," 99/07/05",10,1,0.0445544554455446
"120"," 99/07/06",11,2,0.0350194552529184
"121"," 99/07/07",15,2,0.0311890838206628
"122"," 99/07/08",15,2,0.0172910662824209
"123"," 99/07/09",15,2,0.0257879656160459
"124"," 99/07/12",9,6,0.0296367112810708
"125"," 99/07/13",13,5,0.027804410354746
"126"," 99/07/14",10,6,0.0169332079021637
"127"," 99/07/15",10,6,0.015962441314554
"128"," 99/07/16",13,5,0.0189035916824197
"129"," 99/07/19",13,4,0.0417061611374408
"130"," 99/07/20",14,1,0.037593984962406
"131"," 99/07/21",5,3,0.0415879017013233
"132"," 99/07/22",13,3,0.0396600566572237
"133"," 99/07/23",10,6,0.0279329608938547
"134"," 99/07/26",10,6,0.0306406685236769
"135"," 99/07/27",8,5,0.0335820895522388
"136"," 99/07/28",8,6,0.0120259019426458
"137"," 99/07/29",8,5,0.00277264325323472
"138"," 99/07/30",13,3,0.0176252319109463
"139"," 99/08/02",10,2,0.000909918107370285
"140"," 99/08/03",10,2,-0.00452898550724638
"141"," 99/08/04",9,6,-0.0081669691470055
"142"," 99/08/05",8,5,-0.00181653042688455
"143"," 99/08/06",13,3,-0.00452898550724638
"144"," 99/08/09",14,5,-0.00360360360360365
"145"," 99/08/10",13,3,-0.00812274368231039
"146"," 99/08/11",4,4,-0.0137111517367459
"147"," 99/08/12",4,7,-0.0119815668202765
"148"," 99/08/13",5,1,-0.0182315405651778
"149"," 99/08/16",7,1,-0.0163636363636363
"150"," 99/08/17",14,5,-0.0300272975432212
"151"," 99/08/18",13,3,-0.0173833485818846
"152"," 99/08/19",13,3,-0.0172884440400364
"153"," 99/08/20",13,3,-0.0072793448589628
"154"," 99/08/23",14,5,-0.00632911392405053
"155"," 99/08/24",13,3,-0.0018198362147407
"156"," 99/08/25",4,7,0.0148285449490268
"157"," 99/08/26",12,7,0.021455223880597
"158"," 99/08/27",1,7,0.0259981429897864
"159"," 99/08/30",7,1,0.0499075785582254
"160"," 99/08/31",4,7,0.0694183864915573
"161"," 99/09/01",5,8,0.0661080074487895
"162"," 99/09/02",14,1,0.049074074074074
"163"," 99/09/03",10,6,0.0504124656278643
"164"," 99/09/06",9,6,0.0418562329390354
"165"," 99/09/07",8,6,0.0455788514129444
"166"," 99/09/08",13,5,0.0474885844748859
"167"," 99/09/09",13,3,0.0410958904109589
"168"," 99/09/10",14,5,0.0407239819004525
"169"," 99/09/13",11,2,0.0105633802816902
"170"," 99/09/14",15,2,0.0140350877192982
"171"," 99/09/15",15,2,0.00786026200873367
"172"," 99/09/16",8,6,0.0194174757281554
"173"," 99/09/17",8,5,0.00785340314136131
"174"," 99/09/20",13,3,0.00262008733624452
"175"," 99/09/21",13,3,0.00697471665213598
"176"," 99/09/23",13,3,0.010462074978204
"177"," 99/09/24",2,8,0.0105263157894737
"178"," 99/09/27",14,3,-0.0095652173913043
"179"," 99/09/28",5,3,-0.0209059233449477
"180"," 99/09/29",14,5,-0.0216262975778547
"181"," 99/09/30",13,5,-0.00433275563258232
"182"," 99/10/01",13,3,-0.0069264069264069
"183"," 99/10/04",13,3,-0.0268398268398268
"184"," 99/10/05",2,8,-0.0235191637630662
"185"," 99/10/06",5,3,-0.0181818181818181
"186"," 99/10/07",14,3,-0.0207075064710958
"187"," 99/10/08",2,3,-0.00868055555555556
"188"," 99/10/11",4,7,-0.0149253731343284
"189"," 99/10/12",12,9,0.00266903914590745
"190"," 99/10/13",1,7,-0.00884173297966401
"191"," 99/10/14",7,1,-0.0165361183637947
"192"," 99/10/15",14,1,-0.023539668700959
"193"," 99/10/18",4,4,0.0106761565836298
"194"," 99/10/19",4,7,0.0133809099018733
"195"," 99/10/20",5,1,0
"196"," 99/10/21",7,1,0.00528634361233475
"197"," 99/10/22",10,6,0.00963222416812604
"198"," 99/10/25",2,4,0.0258467023172905
"199"," 99/10/26",5,1,0.0239574090505768
"200"," 99/10/27",1,8,0.0285459411239965
"201"," 99/10/28",14,1,0.0176991150442478
"202"," 99/10/29",2,4,0.00625000000000003
"203"," 99/11/01",14,5,-0.011443661971831
"204"," 99/11/02",14,5,-0.000880281690140795
"205"," 99/11/03",13,5,-0.00352733686067024
"206"," 99/11/04",8,5,-0.00788781770376855
"207"," 99/11/05",10,6,-0.0173460537727667
"208"," 99/11/08",8,5,-0.00347523892267586
"209"," 99/11/09",8,5,-0.0138648180242635
"210"," 99/11/10",13,3,-0.0138768430182133
"211"," 99/11/11",5,8,-0.00695652173913041
"212"," 99/11/12",12,7,0.00798580301685884
"213"," 99/11/15",12,7,0.0133570792520036
"214"," 99/11/16",1,1,0.00616740088105729
"215"," 99/11/17",7,1,0.0265486725663717
"216"," 99/11/18",14,1,0.0326855123674912
"217"," 99/11/19",13,5,0.0414827890556046
"218"," 99/11/22",10,6,0.031386224934612
"219"," 99/11/23",13,5,0.038664323374341
"220"," 99/11/24",13,3,0.0395778364116095
"221"," 99/11/25",13,3,0.0455341506129597
"222"," 99/11/26",5,8,0.0440140845070423
"223"," 99/11/29",5,3,0.0448154657293498
"224"," 99/11/30",13,3,0.0385288966725043
"225"," 99/12/01",10,6,0.0275862068965517
"226"," 99/12/02",10,2,0.0213857998289136
"227"," 99/12/03",15,2,0.0203389830508475
"228"," 99/12/06",9,2,0.0126796280642434
"229"," 99/12/07",8,6,0.0160744500846023
"230"," 99/12/08",13,3,0.0160744500846023
"231"," 99/12/09",8,5,0.0125628140703518
"232"," 99/12/10",13,3,0.0151770657672851
"233"," 99/12/13",13,3,0.0168208578637511
"234"," 99/12/14",5,3,0.0177065767284992
"235"," 99/12/15",14,3,0.0151006711409396
"236"," 99/12/16",14,5,0.0184254606365158
"237"," 99/12/17",10,6,0.0199335548172757
"238"," 99/12/20",13,5,0.0258764607679467
"239"," 99/12/21",13,5,0.0208159866777685
"240"," 99/12/22",13,3,0.00416319733555371
"241"," 99/12/23",14,5,-0.00413564929693962
"242"," 99/12/24",13,3,-0.00913621262458479
"243"," 99/12/27",13,5,-0.00992555831265511
"244"," 99/12/28",13,3,0.00828500414250207
"245"," 99/12/29",13,3,0.00991735537190085
"246"," 99/12/30",14,5,0.00411184210526316
"247"," 99/12/31",10,6,-0.006514657980456
"248","100/01/03",8,6,-0.00976403580146463
"249","100/01/04",8,5,0.000815660685155045
"250","100/01/05",4,7,0.0290215588723051
"251","100/01/06",4,7,0.0240863787375415
"252","100/01/07",12,7,0.0226320201173512
"253","100/01/10",1,7,0.0183792815371763
"254","100/01/11",14,1,0.00986031224322106
"255","100/01/12",10,6,0.0147299509001636
"256","100/01/13",9,6,0.022932022932023
"257","100/01/14",8,5,0.0327868852459016
"258","100/01/17",13,4,0.028759244042728
"259","100/01/18",14,5,0.0105949470252648
"260","100/01/19",10,6,-0.0193392425463335
"261","100/01/20",8,5,-0.0446066504460665
"262","100/01/21",2,4,-0.0262295081967213
"263","100/01/24",2,4,-0.0196882690730107
"264","100/01/25",5,1,-0.0260374288039056
"265","100/01/26",14,1,-0.0379032258064516
"266","100/01/27",10,6,-0.0288230584467575
"267","100/01/28",15,2,-0.0373015873015873
"268","100/02/08",8,5,-0.0439297124600639
"269","100/02/09",2,4,-0.0483870967741935
"270","100/02/10",12,9,-0.0304026294165982
"271","100/02/11",3,9,0.0101867572156197
"272","100/02/14",6,9,0.00925925925925933
"273","100/02/15",16,9,-0.005020920502092
"274","100/02/16",7,1,0.00584795321637429
"275","100/02/17",13,1,0.0167644593461861
"276","100/02/18",10,6,-0.0074196207749381
"277","100/02/21",10,6,-0.00659521846661168
"278","100/02/22",2,4,0.00584795321637429
"279","100/02/23",4,7,0.00847457627118644
"280","100/02/24",12,7,-0.00254237288135591
"281","100/02/25",7,1,-0.011764705882353
"282","100/03/01",14,1,-0.0408673894912427
"283","100/03/02",13,3,-0.0361648444070649
"284","100/03/03",8,6,-0.0481727574750831
"285","100/03/04",10,6,-0.0478153338829349
"286","100/03/07",13,5,-0.0348837209302326
"287","100/03/08",13,3,-0.0307053941908714
"288","100/03/09",13,3,-0.0282392026578074
"289","100/03/10",4,7,-0.0126050420168067
"290","100/03/11",12,7,0.00849617672047579
"291","100/03/14",16,7,0.00595238095238098
"292","100/03/15",6,9,0.0304347826086957
"293","100/03/16",16,9,0.0401396160558465
"294","100/03/17",16,7,0.0392670157068063
"295","100/03/18",7,1,0.0363636363636364
"296","100/03/21",14,1,0.0524956970740103
"297","100/03/22",10,6,0.0496575342465753
"298","100/03/23",9,6,0.0444444444444445
"299","100/03/24",8,5,0.04
"300","100/03/25",10,6,0.0117944397641111
"301","100/03/28",8,5,0.0211327134404057
"302","100/03/29",8,5,0.0185654008438819
"303","100/03/30",8,5,0.000838926174496597
"304","100/03/31",14,5,0
"305","100/04/01",8,5,-0.010860484544695
"306","100/04/06",11,2,-0.0139002452984465
"307","100/04/07",15,2,0.0065252854812399
"308","100/04/08",9,6,0.00818330605564648
"309","100/04/11",8,5,0.00572831423895256
"310","100/04/12",4,7,0.0191507077435471
"311","100/04/13",1,7,0.0289735099337748
"312","100/04/14",1,8,0.0298260149130074
"313","100/04/15",1,7,0.0393964794635373
"314","100/04/18",4,7,0.0436607892527288
"315","100/04/19",4,7,0.0439189189189188
"316","100/04/20",14,1,0.0323383084577115
"317","100/04/21",11,2,0.00405186385737439
"318","100/04/22",15,2,0.0113636363636363
"319","100/04/25",9,2,0.0138323840520748
"320","100/04/26",13,4,0.0138888888888888
"321","100/04/27",14,6,0.001609010458568
"322","100/04/28",14,5,-0.001609010458568
"323","100/04/29",13,5,-0.0112903225806452
"324","100/05/03",13,5,-0.0144810941271118
"325","100/05/04",5,8,-0.00323624595469249
"326","100/05/05",14,1,-0.019277108433735
"327","100/05/06",5,3,-0.0137207425343019
"328","100/05/09",14,5,-0.0313001605136436
"329","100/05/10",8,5,-0.0296950240770465
"330","100/05/11",13,3,-0.0290088638195004
"331","100/05/12",13,3,-0.0224899598393574
"332","100/05/13",5,8,-0.023368251410153
"333","100/05/16",4,7,-0.0130505709624796
"334","100/05/17",1,7,0.0122448979591837
"335","100/05/18",5,8,0.0121753246753247
"336","100/05/19",1,7,0.0139230139230139
"337","100/05/20",2,8,0.0180032733224223
"338","100/05/23",4,7,0.0306545153272577
"339","100/05/24",1,7,0.0256410256410256
"340","100/05/25",1,7,0.029045643153527
"341","100/05/26",7,1,-0.00493015612161059
"342","100/05/27",14,3,-0.014026402640264
"343","100/05/30",13,3,0.00413223140495868
"344","100/05/31",11,2,-0.0241935483870968
"345","100/06/01",15,2,-0.0473135525260626
"346","100/06/02",9,6,-0.0436187399030694
"347","100/06/03",9,6,-0.0578778135048232
"348","100/06/07",13,5,-0.0506430868167203
"349","100/06/08",5,3,-0.0451612903225806
"350","100/06/09",5,3,-0.0540322580645161
"351","100/06/10",12,9,-0.0388109000825763
"352","100/06/13",6,9,-0.0326359832635984
"353","100/06/14",1,7,-0.0510288065843622
"354","100/06/15",1,1,-0.0305785123966942
"355","100/06/16",12,7,-0.00925925925925921
"356","100/06/17",4,7,0.00844594594594594
"357","100/06/20",12,7,0.0247440273037542
"358","100/06/21",1,7,0.0152413209144794
"359","100/06/22",5,8,0.0236486486486486
"360","100/06/23",2,8,0.0289855072463769
"361","100/06/24",4,7,0.0317869415807559
"362","100/06/27",12,7,0.0320069204152249
"363","100/06/28",16,7,0.0182133564614051
"364","100/06/29",7,1,0.000852514919011155
"365","100/06/30",10,6,0.00084961767204753
"366","100/07/01",15,2,-0.00837520938023451
"367","100/07/04",15,2,-0.0174854288093255
"368","100/07/05",9,6,-0.0175145954962469
"369","100/07/06",9,6,-0.00247524752475245
"370","100/07/07",8,5,0.00414250207125104
"371","100/07/08",2,4,0.0158201498751041
"372","100/07/11",4,4,0.0125733445096396
"373","100/07/12",12,9,0.0425894378194208
"374","100/07/13",16,7,0.045144804088586
"375","100/07/14",1,7,0.0331069609507641
"376","100/07/15",7,1,0.0118243243243243
"377","100/07/18",13,3,0.0228813559322034
"378","100/07/19",13,3,0.0110356536502546
"379","100/07/20",11,2,-0.0306038047973532
"380","100/07/21",15,2,-0.0453795379537954
"381","100/07/22",15,2,-0.107377049180328
"382","100/07/25",8,6,-0.114238410596026
"383","100/07/26",8,6,-0.133986928104575
"384","100/07/27",8,5,-0.118174409127954
"385","100/07/28",13,3,-0.110928512736237
"386","100/07/29",4,7,-0.106010016694491
"387","100/08/01",1,8,-0.0952775476387738
"388","100/08/02",12,7,-0.0873215785054575
"389","100/08/03",6,9,-0.0793515358361774
"390","100/08/04",6,9,-0.0847018150388937
"391","100/08/05",3,9,-0.061524334251607
"392","100/08/08",3,9,-0.0373831775700935
"393","100/08/09",3,9,0.00566037735849051
"394","100/08/10",16,9,-0.0277264325323475
"395","100/08/11",7,1,-0.0323475046210721
"396","100/08/12",13,1,-0.00933706816059757
"397","100/08/15",9,2,-0.0146520146520147
"398","100/08/16",8,1,-0.0027598896044158
"399","100/08/17",2,4,0.0111214087117701
"400","100/08/18",12,9,0.0415486307837582
"401","100/08/19",3,9,0.0792563600782778
"402","100/08/22",6,9,0.0407766990291262
"403","100/08/23",7,1,-0.0140712945590994
"404","100/08/24",7,1,0.0180608365019011
"405","100/08/25",13,4,0.0257879656160459
"406","100/08/26",8,6,0.0207351555136664
"407","100/08/29",10,2,-0.0213754646840148
"408","100/08/30",10,2,-0.0479704797047971
"409","100/08/31",15,2,-0.0311640696608615
"410","100/09/01",15,2,-0.0190389845874886
"411","100/09/02",9,6,-0.0353581142339075
"412","100/09/05",4,9,-0.00373134328358214
"413","100/09/06",6,9,0.0199809705042817
"414","100/09/07",16,9,-0.0270774976657329
"415","100/09/08",7,1,-0.0623836126629423
"416","100/09/09",10,6,-0.089196675900277
"417","100/09/13",4,7,-0.0294396961063627
"418","100/09/14",6,9,-0.00872093023255819
"419","100/09/15",1,7,-0.0236518448438978
"420","100/09/16",10,1,-0.045286506469501
"421","100/09/19",13,1,-0.0545112781954888
"422","100/09/20",8,6,-0.049625468164794
"423","100/09/21",13,1,-0.0625
"424","100/09/22",12,9,-0.0163147792706334
"425","100/09/23",3,9,0.0238331678252234
"426","100/09/26",3,9,0.0746147607461476
"427","100/09/27",16,9,0.0342465753424658
"428","100/09/28",7,1,0.032258064516129
"429","100/09/29",15,2,0.0164728682170543
"430","100/09/30",9,2,0.0280735721200388
"431","100/10/03",4,7,0.0447316103379722
"432","100/10/04",5,7,0.0315270935960591
"433","100/10/05",1,7,0.0298507462686567
"434","100/10/06",7,1,0.0136585365853659
"435","100/10/07",10,6,0.0397672162948594
"436","100/10/11",15,2,0.0113207547169812
"437","100/10/12",15,2,-0.0132450331125828
"438","100/10/13",9,6,-0.0104166666666666
"439","100/10/14",2,4,-0.000953288846520577
"440","100/10/17",14,5,-0.0169491525423729
"441","100/10/18",2,8,0
"442","100/10/19",1,8,0.000955109837631273
"443","100/10/20",12,7,-0.00579710144927531
"444","100/10/21",1,7,0.00673724735322414
"445","100/10/24",11,2,-0.0223880597014926
"446","100/10/25",10,2,-0.0270522388059702
"447","100/10/26",2,4,0.00095877277085339
"448","100/10/27",2,4,-0.0325358851674642
"449","100/10/28",1,1,-0.0286259541984733
"450","100/10/31",1,1,-0.00095785440613035
"451","100/11/01",13,5,-0.0133206470028543
"452","100/11/02",5,1,-0.0229007633587785
"453","100/11/03",12,7,-0.00194363459669585
"454","100/11/04",7,1,-0.0382409177820268
"455","100/11/07",14,1,-0.0604961832061069
"456","100/11/08",13,3,-0.060019175455417
"457","100/11/09",13,3,-0.0833333333333334
"458","100/11/10",6,9,-0.0532146389713155
"459","100/11/11",12,9,-0.0679764243614931
"460","100/11/14",7,1,-0.0740172579098753
"461","100/11/15",7,1,-0.0603664416586307
"462","100/11/16",2,4,-0.0609375000000001
"463","100/11/17",2,4,-0.020447906523856
"464","100/11/18",12,9,-0.00954274353876733
"465","100/11/21",6,9,0.00873451147674182
"466","100/11/22",6,9,-0.00673194614443095
"467","100/11/23",6,9,0.0282131661442007
"468","100/11/24",6,9,0.0208942749686586
"469","100/11/25",6,9,0.0168634064080945
"470","100/11/28",7,1,0.010561192793539
"471","100/11/29",10,6,-0.00348932676518887
"472","100/11/30",13,4,0.0106073211314477
"473","100/12/01",11,2,-0.0556660039761431
"474","100/12/02",15,2,-0.0425531914893617
"475","100/12/05",9,6,-0.0587998389045508
"476","100/12/06",4,9,-0.0347093859108646
"477","100/12/07",1,7,0.00162601626016257
"478","100/12/08",1,7,0.00613999181334419
"479","100/12/09",12,7,0.0364842454394693
"480","100/12/12",5,1,0.0235655737704919
"481","100/12/13",5,8,0.0267765190525233
"482","100/12/14",5,3,0.0201687590039102
"483","100/12/15",12,7,0.0444210526315789
"484","100/12/16",1,7,0.0442348008385744
"485","100/12/19",6,9,0.0496362858365426
"486","100/12/20",16,7,0.0574468085106384
"487","100/12/21",11,2,0.0146103896103896
"488","100/12/22",15,2,0.0201383238405208
"489","100/12/23",15,2,0
"490","100/12/26",15,2,-0.00280280280280281
"491","100/12/27",8,5,0.0170511534603812
"492","100/12/28",2,4,0.0217873713939883
"493","100/12/29",5,8,0.0229792380568434
"494","100/12/30",5,3,0.0208793414976912
"495","101/01/02",4,7,0.0201793721973093
"496","101/01/03",5,3,0.0171026156941649
"497","101/01/04",14,5,0.00799999999999997
"498","101/01/05",14,5,0.032901296111665
"499","101/01/06",13,5,0.0390000000000001
"500","101/01/09",2,3,0.0499899618550491
"501","101/01/10",10,6,0.0433925049309664
"502","101/01/11",8,5,0.0473840078973346
"503","101/01/12",8,5,0.0571428571428571
"504","101/01/13",8,5,0.0462143559488693
"505","101/01/16",4,7,0.0649350649350649
"506","101/01/17",5,8,0.0771513353115728
"507","101/01/18",5,8,0.0793650793650794
"508","101/01/30",10,2,0.0415057915057916
"509","101/01/31",15,2,0.0433108758421559
"510","101/02/01",15,2,0.0325047801147228
"511","101/02/02",15,2,0.0378071833648393
"512","101/02/03",9,6,0.0226201696512724
"513","101/02/04",9,2,0.0205032618825723
"514","101/02/06",8,5,0.0281954887218045
"515","101/02/07",13,3,0.0225140712945592
"516","101/02/08",10,2,0.00734618916437096
"517","101/02/09",10,6,0.00367647058823535
"518","101/02/10",13,5,0.0148285449490268
"519","101/02/13",13,5,0.033210332103321
"520","101/02/14",5,3,0.0351851851851852
"521","101/02/15",10,6,0.0127504553734062
"522","101/02/16",13,3,0.0211981566820276
"523","101/02/17",8,5,0.00182648401826487
"524","101/02/20",13,5,-0.00182815356489948
"525","101/02/21",2,4,-0.00183486238532113
"526","101/02/22",14,3,-0.00273473108477664
"527","101/02/23",5,3,0.00641025641025644
"528","101/02/24",14,3,-0.00730593607305933
"529","101/02/29",11,2,-0.0160714285714285
"530","101/03/01",10,6,0
"531","101/03/02",8,6,0.000899280575539517
"532","101/03/03",2,4,0
"533","101/03/05",4,7,0.00729261622607108
"534","101/03/06",12,7,0.00457875457875458
"535","101/03/07",1,7,0.00827205882352946
"536","101/03/08",5,8,0.016453382084095
"537","101/03/09",14,1,0.00909918107370337
"538","101/03/12",2,4,0.00367985280588769
"539","101/03/13",8,5,0.00272232304900179
"540","101/03/14",10,2,-0.00805008944543821
"541","101/03/15",8,6,-0.0170709793351302
"542","101/03/16",13,4,-0.00902527075812274
"543","101/03/19",2,4,-0.00995475113122167
"544","101/03/20",1,7,-0.0109389243391067
"545","101/03/21",1,7,-0.0218778486782134
"546","101/03/22",14,1,-0.0332733812949641
"547","101/03/23",14,5,-0.042380522993688
"548","101/03/26",4,4,-0.0265811182401466
"549","101/03/27",13,3,-0.0352941176470589
"550","101/03/28",14,1,-0.0378719567177638
"551","101/03/29",2,4,-0.0137111517367459
"552","101/03/30",2,4,-0.0200364298724955
"553","101/04/02",5,8,-0.0329067641681902
"554","101/04/03",1,7,-0.0230414746543779
"555","101/04/05",12,7,-0.011183597390494
"556","101/04/06",1,7,-0.026046511627907
"557","101/04/09",16,7,-0.0150659133709982
"558","101/04/10",1,7,-0.0131826741996234
"559","101/04/11",5,8,-0.0112570356472794
"560","101/04/12",5,1,-0.0196813495782569
"561","101/04/13",10,6,-0.0324374420759963
"562","101/04/16",8,5,-0.0325278810408922
"563","101/04/17",2,4,0.0085066162570889
"564","101/04/18",4,4,0.00188679245283022
"565","101/04/19",1,8,0.00282752120640916
"566","101/04/20",12,7,-0.00573065902578805
"567","101/04/23",1,7,-0.00478011472275335
"568","101/04/24",1,8,-0.0133587786259541
"569","101/04/25",7,1,-0.0189753320683112
"570","101/04/26",2,8,-0.0219885277246654
"571","101/04/27",2,4,-0.0191570881226054
"572","101/04/30",2,8,-0.0163304514889528
"573","101/05/02",10,2,-0.0590440487347704
"574","101/05/03",10,6,-0.0433145009416197
"575","101/05/04",8,6,-0.0663533834586466
"576","101/05/07",4,4,-0.0403458213256483
"577","101/05/08",4,7,-0.031700288184438
"578","101/05/09",16,7,-0.0427466150870406
"579","101/05/10",1,7,-0.0448742746615087
"580","101/05/11",4,7,-0.0418377321603128
"581","101/05/14",1,7,-0.0337890625000001
"582","101/05/15",5,8,-0.009765625
"583","101/05/16",12,7,-0.00199203187250999
"584","101/05/17",5,8,-0.0127952755905512
"585","101/05/18",12,7,-0.0104690960338233
"586","101/05/21",1,7,-0.0454454454454455
"587","101/05/22",7,1,-0.0416666666666667
"588","101/05/23",4,7,-0.0173772479288745
"589","101/05/24",4,7,-0.0129607128392062
"590","101/05/25",12,7,-0.0206080391756784
"591","101/05/28",5,8,-0.00970285021224979
"592","101/05/29",11,2,-0.0412228796844182
"593","101/05/30",10,6,-0.0277445109780439
"594","101/05/31",8,6,-0.0273180458624127
"595","101/06/01",4,7,0.00508646998982706
"596","101/06/04",6,9,0.0528523489932887
"597","101/06/05",16,9,0.0333333333333333
"598","101/06/06",7,1,0.0374254575365001
"599","101/06/07",7,1,0.0289290110791957
"600","101/06/08",2,4,0.0325
"601","101/06/11",8,5,0.00428658909981631
"602","101/06/12",5,1,0.00781732153877808
"603","101/06/13",14,1,0.0151919523711764
"604","101/06/14",13,5,0.0153751537515375
"605","101/06/15",10,6,0.0161943319838058
"606","101/06/18",15,2,0.00796812749003981
"607","101/06/19",9,6,0.0258465237427371
"608","101/06/20",9,2,0.018830525272547
"609","101/06/21",13,5,0.0229312063808574
"610","101/06/22",4,7,0.0290556900726392
"611","101/06/25",4,7,0.0355691056910569
"612","101/06/26",1,7,0.0287813839559093
"613","101/06/27",7,1,0.0222446916076844
"614","101/06/28",14,5,0.00242277407631733
"615","101/06/29",10,6,-0.0139442231075698
"616","101/07/02",15,2,-0.0217391304347826
"617","101/07/03",15,2,-0.0263671875
"618","101/07/04",15,2,-0.0428015564202334
"619","101/07/05",9,6,-0.0214424951267055
"620","101/07/06",2,4,-0.0166666666666667
"621","101/07/09",2,8,-0.0333660451422964
"622","101/07/10",12,7,-0.0253968253968254
"623","101/07/11",1,7,-0.0334322453016815
"624","101/07/12",12,7,-0.0143001007049346
"625","101/07/13",12,7,0.00848484848484852
"626","101/07/16",1,7,0.0151515151515152
"627","101/07/17",7,1,0.0250752256770311
"628","101/07/18",4,7,0.040650406504065
"629","101/07/19",10,6,0.0139442231075696
"630","101/07/20",8,5,0.0279162512462612
"631","101/07/23",4,4,0.0477157360406092
"632","101/07/24",4,7,0.053542345276873
"633","101/07/25",1,7,0.0816618911174786
"634","101/07/26",1,7,0.0788720882713527
"635","101/07/27",10,6,0.0616987179487179
"636","101/07/30",10,2,0.0597014925373134
"637","101/07/31",15,2,0.0381604696673189
"638","101/08/01",15,2,0.0390625
"639","101/08/03",8,6,0.0402750491159136
"640","101/08/06",9,6,0.0242483026188167
"641","101/08/07",8,6,0.0348837209302325
"642","101/08/08",8,5,0.0309178743961353
"643","101/08/09",15,2,0.00851466414380314
"644","101/08/10",10,6,0.00568181818181826
"645","101/08/13",9,6,0.00377358490566043
"646","101/08/14",9,6,-0.0140845070422535
"647","101/08/15",13,3,-0.00659754948162101
"648","101/08/16",13,3,-0.0122180451127821
"649","101/08/17",2,8,-0.00377714825306899
"650","101/08/20",2,8,0.00662878787878791
"651","101/08/21",14,5,-0.0065543071161049
"652","101/08/22",14,5,-0.0187441424554827
"653","101/08/23",13,3,-0.0215759849906191
"654","101/08/24",13,3,-0.00282485875706212
"655","101/08/27",5,3,0.00281954887218042
"656","101/08/28",4,7,0.0152380952380952
"657","101/08/29",1,8,0.02561669829222
"658","101/08/30",1,8,0.0304471931493816
"659","101/08/31",5,1,0.0521327014218009
"660","101/09/03",14,5,0.046095954844779
"661","101/09/04",8,5,0.0442978322337418
"662","101/09/05",2,4,0.0630372492836676
"663","101/09/06",4,7,0.0594439117929051
"664","101/09/07",14,1,0.0472143531633617
"665","101/09/10",10,1,0.0402999062792877
"666","101/09/11",8,6,0.0375234521575985
"667","101/09/12",9,2,0.0157261794634598
"668","101/09/13",9,6,0.0175438596491229
"669","101/09/14",11,2,-0.00630630630630633
"670","101/09/17",15,2,-0.0107913669064748
"671","101/09/18",9,6,-0.0027075812274368
"672","101/09/19",8,6,-0.0116801437556154
"673","101/09/20",2,4,-0.00361990950226249
"674","101/09/21",5,3,-0.00631199278629398
"675","101/09/24",5,3,-0.0153153153153153
"676","101/09/25",5,8,-0.0162748643761302
"677","101/09/26",2,8,-0.029143897996357
"678","101/09/27",5,8,-0.0353901996370236
"679","101/09/28",5,8,-0.0344514959202176
"680","101/10/01",5,8,-0.0272727272727273
"681","101/10/02",13,3,-0.0334841628959276
"682","101/10/03",5,3,-0.0245454545454546
"683","101/10/04",5,3,-0.0326975476839237
"684","101/10/05",13,3,-0.0399274047186933
"685","101/10/08",2,8,-0.0320219579139982
"686","101/10/09",4,7,-0.0625
"687","101/10/11",12,9,-0.0525328330206378
"688","101/10/12",12,9,-0.0609595484477893
"689","101/10/15",16,7,-0.0610328638497653
"690","101/10/16",7,1,-0.0570093457943925
"691","101/10/17",13,3,-0.0561797752808989
"692","101/10/18",13,5,-0.0615097856477166
"693","101/10/19",2,4,-0.0478873239436619
"694","101/10/22",4,7,-0.0453686200378072
"695","101/10/23",1,8,-0.0378071833648393
"696","101/10/24",6,9,0.00294117647058821
"697","101/10/25",6,9,0.00495049504950495
"698","101/10/26",6,9,0.023842917251052
"699","101/10/29",16,9,0.018
"700","101/10/30",5,1,-0.00792864222001993
"701","101/10/31",5,1,-0.00496031746031746
"702","101/11/01",13,3,-0.0069513406156902
"703","101/11/02",8,5,-0.0149901380670612
"704","101/11/05",13,3,-0.00495049504950495
"705","101/11/06",14,5,-0.0108055009823182
"706","101/11/07",8,6,-0.023069403714565
"707","101/11/08",13,3,-0.0108374384236453
"708","101/11/09",14,5,0.0117416829745597
"709","101/11/12",13,3,0.025540275049116
"710","101/11/13",4,7,0.046953046953047
"711","101/11/14",4,7,0.0458624127617149
"712","101/11/15",1,7,0.062
"713","101/11/16",1,7,0.0722867440929115
"714","101/11/19",14,1,0.0646766169154229
"715","101/11/20",14,5,0.0615690168818272
"716","101/11/21",2,4,0.0756453872323394
"717","101/11/22",13,3,0.0677290836653386
"718","101/11/23",11,2,0.0425531914893616
"719","101/11/26",11,2,0.028735632183908
"720","101/11/27",15,2,0.0238549618320611
"721","101/11/28",9,2,0.0314585319351763
"722","101/11/29",9,2,0.0301318267419963
"723","101/11/30",15,2,0.012138188608777
"724","101/12/03",9,6,0
"725","101/12/04",8,5,0.00187090739008408
"726","101/12/05",8,5,-0.000930232558139482
"727","101/12/06",13,3,-0.0102611940298508
"728","101/12/07",14,5,-0.0204081632653061
"729","101/12/10",13,3,-0.0139664804469274
"730","101/12/11",13,3,-0.0177073625349487
"731","101/12/12",14,5,-0.00924214417744917
"732","101/12/13",10,6,-0.0219378427787935
"733","101/12/14",13,5,-0.0138376383763838
"734","101/12/17",4,4,0.00560747663551397
"735","101/12/18",4,7,0.0158730158730159
"736","101/12/19",1,8,0.0214152700186219
"737","101/12/20",4,7,0.0273327049952875
"738","101/12/21",4,7,0.0274621212121213
"739","101/12/22",1,8,0.0179414542020774
"740","101/12/24",1,7,0.0265654648956356
"741","101/12/25",10,1,0.0167910447761194
"742","101/12/26",8,5,0.0177570093457944
"743","101/12/27",8,5,0.0196445275958839
"744","101/12/28",8,5,0.00371747211895916
"745","102/01/02",10,6,-0.0128676470588235
"746","102/01/03",10,2,-0.0282588878760256
"747","102/01/04",8,6,-0.010091743119266
"748","102/01/07",2,4,-0.00645161290322583
"749","102/01/08",4,7,0.0027829313543599
"750","102/01/09",1,8,-0.00184842883548986
"751","102/01/10",14,1,-0.0146788990825688
"752","102/01/11",14,5,-0.0174471992653811
"753","102/01/14",13,5,-0.0137614678899083
"754","102/01/15",2,4,0.00925925925925926
"755","102/01/16",4,7,0.0167597765363128
"756","102/01/17",12,7,0.0243902439024391
"757","102/01/18",5,8,0.015755329008341
"758","102/01/21",5,3,0.0241187384044528
"759","102/01/22",14,3,0.0175763182238668
"760","102/01/23",13,3,0.0259259259259259
"761","102/01/24",2,8,0.0353817504655493
"762","102/01/25",2,8,0.0401869158878504
"763","102/01/28",5,8,0.0437209302325582
"764","102/01/29",10,6,0.0220183486238533
"765","102/01/30",10,6,0.0164835164835165
"766","102/01/31",8,6,0.0219780219780219
"767","102/02/01",8,5,0.0164233576642337
"768","102/02/04",8,6,-0.00181159420289858
"769","102/02/05",13,5,0.00363636363636369
"770","102/02/06",8,5,0
"771","102/02/18",8,5,-0.0152877697841727
"772","102/02/19",8,5,-0.00808625336927216
"773","102/02/20",8,6,-0.0115864527629233
"774","102/02/21",13,3,-0.0053859964093358
"775","102/02/22",2,4,0.00540540540540535
"776","102/02/23",5,3,0.00179211469534053
"777","102/02/25",5,8,-0.00269299820466797
"778","102/02/26",4,7,0.00998185117967327
"779","102/02/27",5,8,0.00724637681159418
"780","102/03/01",5,8,-0.00361010830324902
"781","102/03/04",4,7,-0.0045662100456621
"782","102/03/05",5,3,-0.0108695652173913
"783","102/03/06",14,3,-0.0216411181244365
"784","102/03/07",13,3,-0.0198555956678701
"785","102/03/08",8,5,-0.0295698924731183
"786","102/03/11",8,5,-0.0241502683363149
"787","102/03/12",13,3,-0.018001800180018
"788","102/03/13",13,3,-0.0170709793351302
"789","102/03/14",5,8,-0.018884892086331
"790","102/03/15",1,8,-0.00181159420289858
"791","102/03/18",12,7,0.00917431192660551
"792","102/03/19",1,7,0.00457875457875458
"793","102/03/20",1,7,0.0138248847926267
"794","102/03/21",1,7,-0.00828729281767948
"795","102/03/22",5,8,-0.00831024930747915
"796","102/03/25",14,3,-0.0137488542621448
"797","102/03/26",13,3,-0.00366636113657187
"798","102/03/27",13,5,-0.00639853747714811
"799","102/03/28",13,3,-0.0119156736938588
"800","102/03/29",14,5,-0.0199637023593467
"801","102/04/01",13,5,-0.02
"802","102/04/02",13,3,-0.0182315405651778
"803","102/04/03",13,3,0.00818181818181823
"804","102/04/08",12,7,0.0287836583101207
"805","102/04/09",12,7,0.0260707635009311
"806","102/04/10",1,7,0.0325278810408922
"807","102/04/11",7,1,0.0239190432382704
"808","102/04/12",14,5,0.0275988960441582
"809","102/04/15",2,4,0.0352504638218924
"810","102/04/16",13,3,0.0444444444444444
"811","102/04/17",5,8,0.049165120593692
"812","102/04/18",5,8,0.0519962859795728
"813","102/04/19",11,2,0.0261496844003606
"814","102/04/22",15,2,0.0306859205776174
"815","102/04/23",9,6,0.0499092558983666
"816","102/04/24",9,6,0.0477047704770478
"817","102/04/25",8,5,0.0404312668463612
"818","102/04/26",14,5,0.0340196956132498
"819","102/04/29",13,5,0.0376344086021506
"820","102/04/30",8,6,0.0274822695035462
"821","102/05/02",8,6,0.0380194518125554
"822","102/05/03",8,5,0.030891438658429
"823","102/05/06",8,5,0.0246045694200351
"824","102/05/07",8,5,0.0210157618213659
"825","102/05/08",10,6,0.00691443388072599
"826","102/05/09",10,6,-0.020618556701031
"827","102/05/10",8,5,-0.0181347150259067
"828","102/05/13",13,4,-0.0069264069264069
"829","102/05/14",13,3,-0.0129533678756477
"830","102/05/15",5,8,-0.00517687661777402
"831","102/05/16",10,6,-0.0298126064735945
"832","102/05/17",13,5,-0.0248287671232876
"833","102/05/20",13,3,-0.0274442538593481
"834","102/05/21",13,3,-0.0291595197255574
"835","102/05/22",5,8,-0.0283261802575107
"836","102/05/23",12,7,-0.0192982456140351
"837","102/05/24",12,7,-0.0140721196130168
"838","102/05/27",1,7,-0.014821272885789
"839","102/05/28",1,1,-0.0139982502187226
"840","102/05/29",14,5,-0.0459670424978317
"841","102/05/30",2,4,-0.0377524143985954
"842","102/05/31",2,4,-0.0316066725197542
"843","102/06/03",4,7,-0.0229276895943563
"844","102/06/04",1,7,-0.0229681978798587
"845","102/06/05",5,8,-0.0415194346289753
"846","102/06/06",4,7,-0.0411449016100178
"847","102/06/07",5,8,-0.0472792149866191
"848","102/06/10",14,1,-0.0619469026548673
"849","102/06/11",13,3,-0.0470275066548358
"850","102/06/13",12,7,-0.0118181818181818
"851","102/06/14",12,7,0.0054744525547446
"852","102/06/17",16,7,0.00815956482320948
"853","102/06/18",7,1,0.00180505415162457
"854","102/06/19",14,3,-0.00813743218806502
"855","102/06/20",4,7,0.0129032258064517
"856","102/06/21",12,9,0.0457089552238805
"857","102/06/24",12,9,0.0299625468164794
"858","102/06/25",16,9,0.05
"859","102/06/26",7,1,0.0391061452513965
"860","102/06/27",10,6,0.0524379024839007
"861","102/06/28",15,2,0.0408348457350272
"862","102/07/01",15,2,0.0341726618705036
"863","102/07/02",9,2,0.036036036036036
"864","102/07/03",13,4,0.0501367365542388
"865","102/07/04",2,4,0.0409463148316652
"866","102/07/05",10,6,-0.00178412132024968
"867","102/07/08",2,4,0.0209090909090909
"868","102/07/09",8,5,0.0251572327044025
"869","102/07/10",8,5,0.0197132616487455
"870","102/07/11",11,2,-0.00349650349650355
"871","102/07/12",15,2,-0.00784655623365306
"872","102/07/15",9,2,-0.0173913043478261
"873","102/07/16",8,6,-0.0095652173913043
"874","102/07/17",13,5,-0.0173611111111111
"875","102/07/18",2,4,-0.0174825174825175
"876","102/07/19",12,9,0.0107238605898122
"877","102/07/22",12,7,0.00979519145146935
"878","102/07/23",7,1,-0.0201577563540753
"879","102/07/24",7,1,-0.031634446397188
"880","102/07/25",8,5,-0.0368421052631579
"881","102/07/26",13,3,-0.0360281195079086
"882","102/07/29",2,8,-0.0265486725663717
"883","102/07/30",5,3,-0.0245829675153645
"884","102/07/31",5,8,-0.0212014134275619
"885","102/08/01",4,7,-0.0213523131672598
"886","102/08/02",5,8,-0.0229885057471264
"887","102/08/05",5,3,-0.0282186948853616
"888","102/08/06",4,7,-0.0232558139534883
"889","102/08/07",12,7,-0.0172413793103449
"890","102/08/08",12,7,-0.000910746812386105
"891","102/08/09",16,7,0.00455788514129444
"892","102/08/12",1,8,-0.00727272727272725
"893","102/08/13",14,5,-0.0144014401440144
"894","102/08/14",14,5,0.00180505415162457
"895","102/08/15",2,4,0.0154545454545455
"896","102/08/16",13,3,0.0190045248868778
"897","102/08/19",5,8,0.028130671506352
"898","102/08/20",1,8,0.0357142857142856
"899","102/08/22",4,7,0.0507848568790397
"900","102/08/23",5,1,0.0391978122151322
"901","102/08/26",14,1,0.0381125226860254
"902","102/08/27",13,4,0.0503663003663004
"903","102/08/28",13,3,0.0502283105022831
"904","102/08/29",10,6,0.0369369369369369
"905","102/08/30",10,6,0.0223813786929275
"906","102/09/02",15,2,0.0142095914742452
"907","102/09/03",15,2,0.0203000882612533
"908","102/09/04",9,6,0.0212201591511937
"909","102/09/05",8,6,0.0114235500878734
"910","102/09/06",8,5,0.0175438596491228
"911","102/09/09",8,5,0.0148601398601398
"912","102/09/10",8,5,0.00784655623365293
"913","102/09/11",8,5,-0.00434782608695652
"914","102/09/12",8,5,-0.00260642919200693
"915","102/09/13",2,4,0.000875656742556868
"916","102/09/14",2,8,0.000875656742556868
"917","102/09/16",14,5,-0.00778546712802761
"918","102/09/17",14,5,0.0138528138528138
"919","102/09/18",13,3,0.0156385751520418
"920","102/09/23",8,5,-0.00172413793103451
"921","102/09/24",14,5,0.00516795865633082
"922","102/09/25",13,3,0.00692041522491359
"923","102/09/26",4,7,0.0209606986899564
"924","102/09/27",5,8,0.0104529616724739
"925","102/09/30",1,8,0.0236220472440945
"926","102/10/01",5,8,0.0192475940507437
"927","102/10/02",5,3,0.0209241499564079
"928","102/10/03",10,2,0.0085397096498719
"929","102/10/04",9,6,0.00940975192472194
"930","102/10/07",13,4,0.0189982728842833
"931","102/10/08",8,5,0.00599828620394176
"932","102/10/09",5,3,-0.0111683848797252
"933","102/10/11",14,3,-0.0230966638152267
"934","102/10/14",2,4,-0.00862068965517241
"935","102/10/15",13,3,-0.0128205128205128
"936","102/10/16",5,3,-0.00600858369098715
"937","102/10/17",13,3,-0.0111016225448335
"938","102/10/18",8,5,-0.0245554614733276
"939","102/10/21",8,5,-0.0279661016949152
"940","102/10/22",13,5,-0.0372881355932204
"941","102/10/23",2,3,-0.0323679727427599
"942","102/10/24",12,7,-0.0156385751520417
"943","102/10/25",12,9,-0.0113835376532399
"944","102/10/28",1,7,-0.0208695652173914
"945","102/10/29",7,1,-0.0216450216450216
"946","102/10/30",14,5,-0.03713298791019
"947","102/10/31",8,5,-0.0345423143350604
"948","102/11/01",13,3,-0.0251736111111112
"949","102/11/04",2,8,-0.015693112467306
"950","102/11/05",4,7,0
"951","102/11/06",1,7,-0.00616197183098582
"952","102/11/07",1,7,-0.0211827007943512
"953","102/11/08",1,8,-0.016829052258636
"954","102/11/11",1,8,-0.000888099467140269
"955","102/11/12",5,8,0.00353982300884961
"956","102/11/13",4,7,0.0224215246636771
"957","102/11/14",1,8,0.0259391771019679
"958","102/11/15",5,8,0.02493321460374
"959","102/11/18",14,1,0.0177147918511957
"960","102/11/19",8,6,0.0123239436619719
"961","102/11/20",13,3,0.0177147918511957
"962","102/11/21",4,7,0.0297565374211001
"963","102/11/22",4,7,0.0297297297297297
"964","102/11/25",7,1,0.0248888888888889
"965","102/11/26",10,1,0.019400352733686
"966","102/11/27",10,6,0.0149122807017544
"967","102/11/28",9,6,0.000871839581516951
"968","102/11/29",9,6,-0.00347523892267586
"969","102/12/02",8,5,-0.009573542210618
"970","102/12/03",13,3,-0.00521739130434778
"971","102/12/04",13,3,-0.00783289817232381
"972","102/12/05",2,8,0.00437828371278459
"973","102/12/06",5,8,0.00524934383202107
"974","102/12/09",14,5,0.00346921075455339
"975","102/12/10",14,5,0
"976","102/12/11",8,5,0
"977","102/12/12",2,4,0.00783972125435545
"978","102/12/13",2,8,0.0165649520488229
"979","102/12/16",1,7,0.0333919156414762
"980","102/12/17",5,8,0.0262237762237762
"981","102/12/18",5,8,0.0271929824561403
"982","102/12/19",14,3,0.00871839581517001
"983","102/12/20",14,5,0.00435161009573542
"984","102/12/23",8,5,-0.00259291270527223
"985","102/12/24",8,5,0
"986","102/12/25",13,5,-0.00518582541054459
"987","102/12/26",13,3,-0.00518582541054459
"988","102/12/27",14,5,-0.00686106346483703
"989","102/12/30",10,6,-0.0170068027210884
"990","102/12/31",8,5,-0.00511073253833057
"991","103/01/02",13,5,0
"992","103/01/03",4,4,0.013828867761452
"993","103/01/06",4,7,0.0190641247833621
"994","103/01/07",1,7,0.0147313691507798
"995","103/01/08",5,8,0.0147058823529412
"996","103/01/09",5,8,0.0165073848827107
"997","103/01/10",5,8,0.0191138140747177
"998","103/01/13",14,3,-0.00518134715025902
"999","103/01/14",13,3,-0.0346020761245675
"1000","103/01/15",8,6,-0.0410958904109589
"1001","103/01/16",8,6,-0.0333048676345004
"1002","103/01/17",8,5,-0.0349531116794543
"1003","103/01/20",8,5,-0.0314625850340135
"1004","103/01/21",13,3,-0.0170794192997438
"1005","103/01/22",13,3,-0.0213128729752771
"1006","103/01/23",5,3,-0.00940170940170935
"1007","103/01/24",5,3,-0.0119352088661551
"1008","103/01/27",4,7,0.00954861111111106
"1009","103/02/05",6,9,0.0421146953405018
"1010","103/02/06",6,9,0.0294642857142857
"1011","103/02/07",16,9,0.0282685512367491
"1012","103/02/10",7,1,0.0229681978798586
"1013","103/02/11",8,6,0.0210711150131694
"1014","103/02/12",9,6,0.0147697654213727
"1015","103/02/13",8,5,0.0156794425087108
"1016","103/02/14",9,6,0
"1017","103/02/17",8,6,-0.00431406384814495
"1018","103/02/18",8,5,0.00257953568357693
"1019","103/02/19",13,5,0.0171969045571797
"1020","103/02/20",2,8,0.0303555941023417
"1021","103/02/21",13,3,0.0146048109965635
"1022","103/02/24",2,8,0.0250431778929189
"1023","103/02/25",13,3,0.0111779879621668
"1024","103/02/26",13,5,0.0231164383561644
"1025","103/02/27",13,3,0.0145797598627788
"1026","103/03/03",2,8,0.0189818809318377
"1027","103/03/04",2,8,0.0294627383015597
"1028","103/03/05",14,3,0.016295025728988
"1029","103/03/06",10,6,-0.010989010989011
"1030","103/03/07",9,2,-0.0151515151515151
"1031","103/03/10",8,6,-0.0067739204064352
"1032","103/03/11",8,5,-0.00336983993260325
"1033","103/03/12",2,4,0.0153061224489797
"1034","103/03/13",14,1,0.000836820083681961
"1035","103/03/14",5,3,0.0126796280642434
"1036","103/03/17",2,4,0.0177815410668925
"1037","103/03/18",13,3,0.0202020202020202
"1038","103/03/19",5,3,0.0261603375527426
"1039","103/03/20",4,7,0.0367521367521367
"1040","103/03/21",1,7,0.0341880341880342
"1041","103/03/24",5,8,0.0366581415174765
"1042","103/03/25",14,1,0.0312764158918005
"1043","103/03/26",10,6,0.0251256281407035
"1044","103/03/27",9,6,0.0225752508361204
"1045","103/03/28",9,6,0.0191986644407345
"1046","103/03/31",8,6,0.0207986688851913
"1047","103/04/01",8,6,0.0115511551155115
"1048","103/04/02",8,6,0.00575657894736845
"1049","103/04/03",8,5,0.0148392415498763
"1050","103/04/07",13,3,0.0173553719008264
"1051","103/04/08",13,3,0.015625
"1052","103/04/09",14,5,0.010655737704918
"1053","103/04/10",14,5,0.00898692810457512
"1054","103/04/11",8,5,-0.00735895339329511
"1055","103/04/14",13,3,0.00327600327600332
"1056","103/04/15",14,5,0
"1057","103/04/16",13,3,-0.00489396411092981
"1058","103/04/17",13,3,0.0024529844644317
"1059","103/04/18",13,5,-0.0056864337936636
"1060","103/04/21",13,3,0
"1061","103/04/22",13,5,-0.00566801619433201
"1062","103/04/23",13,3,0.00324412003244125
"1063","103/04/24",13,3,-0.00485829959514165
"1064","103/04/25",4,7,0.00741350906095545
"1065","103/04/28",5,8,0.00326530612244903
"1066","103/04/29",5,1,0.0073349633251833
"1067","103/04/30",5,8,0.0122950819672131
"1068","103/05/02",13,3,0.0089722675367048
"1069","103/05/05",13,3,0.0106209150326797
"1070","103/05/06",14,3,0.00893582453290015
"1071","103/05/07",13,3,0.006514657980456
"1072","103/05/08",14,5,0.0129345189975747
"1073","103/05/09",13,3,0.0211554109031733
"1074","103/05/12",2,8,0.0310711365494685
"1075","103/05/13",5,3,0.0268510984540276
"1076","103/05/14",14,3,0.0307443365695794
"1077","103/05/15",13,3,0.0267206477732793
"1078","103/05/16",13,5,0.0202101859337106
"1079","103/05/19",13,3,0.021018593371059
"1080","103/05/20",14,5,0.0209339774557165
"1081","103/05/21",13,3,0.0258899676375405
"1082","103/05/22",8,6,0.014365522745411
"1083","103/05/23",8,5,0.0167330677290836
"1084","103/05/26",8,6,0.0182394924662967
"1085","103/05/27",8,5,0.0166402535657687
"1086","103/05/28",9,6,0.00470957613814752
"1087","103/05/29",13,5,0.0070977917981073
"1088","103/05/30",2,4,0.0126782884310618
"1089","103/06/03",2,8,0.019002375296912
"1090","103/06/04",5,3,0.0173501577287066
"1091","103/06/05",5,3,0.0244479495268139
"1092","103/06/06",13,3,0.0188827694728561
"1093","103/06/09",14,5,0.0141065830721004
"1094","103/06/10",8,5,0.00934579439252328
"1095","103/06/11",8,5,0.00779423226812159
"1096","103/06/12",13,3,0.0210937499999999
"1097","103/06/13",2,3,0.023492560689115
"1098","103/06/16",5,8,0.0320813771517998
"1099","103/06/17",14,5,0.0341880341880342
"1100","103/06/18",14,5,0.0403100775193798
"1101","103/06/19",10,6,0.0423402617397998
"1102","103/06/20",8,5,0.0455598455598456
"1103","103/06/23",13,3,0.0448222565687788
"1104","103/06/24",13,3,0.0455246913580247
"1105","103/06/25",5,8,0.0494972931167825
"1106","103/06/26",14,5,0.0459066564651875
"1107","103/06/27",14,5,0.045141545524101
"1108","103/06/30",10,6,0.0416982562547384
"1109","103/07/01",10,2,0.0360631104432758
"1110","103/07/02",15,2,0.018628912071535
"1111","103/07/03",15,2,-0.00295420974889221
"1112","103/07/04",9,6,-0.00295420974889221
"1113","103/07/07",8,5,-0.00147928994082832
"1114","103/07/08",13,5,0.00516605166051652
"1115","103/07/09",13,3,0.00810611643330894
"1116","103/07/10",14,5,-0.010241404535479
"1117","103/07/11",8,5,-0.0117130307467057
"1118","103/07/14",8,5,-0.0181950509461426
"1119","103/07/15",8,6,-0.0159535895576506
"1120","103/07/16",2,4,-0.0234089246525237
"1121","103/07/17",4,7,-0.0185185185185185
"1122","103/07/18",1,7,-0.0133333333333334
"1123","103/07/21",1,7,-0.0333333333333333
"1124","103/07/22",7,1,-0.0352422907488986
"1125","103/07/24",8,5,-0.0394736842105264
"1126","103/07/25",2,4,-0.0288248337028825
"1127","103/07/28",2,4,-0.0214814814814815
"1128","103/07/29",5,8,-0.0200148257968867
"1129","103/07/30",5,1,-0.0162122328666175
"1130","103/07/31",4,7,0.00524344569288381
"1131","103/08/01",12,7,0.0128301886792452
"1132","103/08/04",1,7,0.00450450450450468
"1133","103/08/05",12,9,0.0383141762452107
"1134","103/08/06",1,7,0.0350076103500761
"1135","103/08/07",5,8,0.0334855403348554
"1136","103/08/08",5,8,0.0464231354642313
"1137","103/08/11",14,5,0.0393641180923544
"1138","103/08/12",14,5,0.037821482602118
"1139","103/08/13",10,6,0.0374531835205993
"1140","103/08/14",9,6,0.033532041728763
"1141","103/08/15",8,6,0.031296572280179
"1142","103/08/18",13,5,0.0433482810164423
"1143","103/08/19",8,6,0.014760147601476
"1144","103/08/20",10,6,0.0183823529411765
"1145","103/08/21",8,5,0.0162002945508099
"1146","103/08/22",9,6,0.00363636363636364
"1147","103/08/25",8,5,0.00873998543335753
"1148","103/08/26",13,5,0.000728862973761099
"1149","103/08/27",8,6,-0.0122743682310468
"1150","103/08/28",8,5,-0.023071377072819
"1151","103/08/29",13,5,-0.0209537572254336
"1152","103/09/01",8,5,-0.0372492836676217
"1153","103/09/02",2,4,-0.0152727272727272
"1154","103/09/03",5,3,-0.020216606498195
"1155","103/09/04",5,8,-0.0144927536231884
"1156","103/09/05",5,8,-0.0297101449275362
"1157","103/09/09",13,3,-0.0353790613718412
"1158","103/09/10",2,8,-0.0305899490167518
"1159","103/09/11",4,8,-0.0358187134502924
"1160","103/09/12",12,7,-0.0317343173431735
"1161","103/09/15",1,7,-0.0346863468634686
"1162","103/09/16",1,7,-0.0282738095238096
"1163","103/09/17",5,8,-0.0324963072378139
"1164","103/09/18",14,3,-0.034635224760501
"1165","103/09/19",13,5,-0.0191176470588235
"1166","103/09/22",4,7,-0.00448095593726657
"1167","103/09/23",4,7,-0.0104790419161677
"1168","103/09/24",1,7,-0.0127723516153267
"1169","103/09/25",12,7,0.000758150113722474
"1170","103/09/26",4,7,-0.0243902439024389
"1171","103/09/29",1,7,-0.0129969418960246
"1172","103/09/30",1,7,-0.0183767228177642
"1173","103/10/01",5,8,-0.0229007633587786
"1174","103/10/02",5,3,-0.032824427480916
"1175","103/10/03",10,2,-0.0314842578710646
"1176","103/10/06",10,6,-0.035258814703676
"1177","103/10/07",13,5,-0.0121028744326777
"1178","103/10/08",2,4,-0.00989345509893464
"1179","103/10/09",5,8,-0.0446969696969697
"1180","103/10/13",6,9,-0.01171875
"1181","103/10/14",1,7,-0.0030983733539892
"1182","103/10/15",16,7,0.014040561622465
"1183","103/10/16",1,7,0.0125
"1184","103/10/17",4,7,0.0307813733228097
"1185","103/10/20",14,1,0.0154798761609907
"1186","103/10/21",14,3,0.0209953343701401
"1187","103/10/22",10,6,0.00306278713629407
"1188","103/10/23",8,6,0.000768639508070671
"1189","103/10/24",12,9,0.0340999206978589
"1190","103/10/27",12,7,0.0458498023715416
"1191","103/10/28",7,1,0.024864024864025
"1192","103/10/29",10,1,0
"1193","103/10/30",9,6,0.0131172839506174
"1194","103/10/31",9,6,0.00612557427258814
"1195","103/11/03",8,6,-0.0076219512195122
"1196","103/11/04",8,5,-0.0114242193450114
"1197","103/11/05",13,5,0.00534351145038159
"1198","103/11/06",2,4,0.0230414746543779
"1199","103/11/07",5,8,0.022239263803681
"1200","103/11/10",14,1,0.00982615268329541
"1201","103/11/11",14,5,0.0136467020470052
"1202","103/11/12",2,4,0.0284615384615384
"1203","103/11/13",13,3,0.0281797410510281
"1204","103/11/14",5,1,0.0273972602739726
"1205","103/11/17",1,8,0.0261136712749616
"1206","103/11/18",2,4,0.0138674884437595
"1207","103/11/19",14,5,0.0151860288534548
"1208","103/11/20",10,6,0.00750750750750751
"1209","103/11/21",10,6,0.00300075018754672
"1210","103/11/24",9,6,-0.00673652694610783
"1211","103/11/25",8,5,-0.00972326103216143
"1212","103/11/26",13,3,-0.0231862378459237
"1213","103/11/27",8,5,-0.0333333333333333
"1214","103/11/28",8,5,-0.0325925925925926
"1215","103/12/01",2,4,-0.0254491017964072
"1216","103/12/02",12,7,-0.0189969604863222
"1217","103/12/03",5,1,-0.0493642483171279
"1218","103/12/04",7,1,-0.0506706408345751
"1219","103/12/05",13,5,-0.0246821241585638
"1220","103/12/08",2,4,-0.00527505651846261
"1221","103/12/09",2,4,-0.00604229607250764
"1222","103/12/10",12,7,0.0153139356814701
"1223","103/12/11",1,7,0.0160919540229885
"1224","103/12/12",1,7,0.0176110260336907
"1225","103/12/15",1,8,0.0230414746543779
"1226","103/12/16",1,7,0.0410534469403564
"1227","103/12/17",12,7,0.051927616050354
"1228","103/12/18",1,7,0.0494505494505493
"1229","103/12/19",14,1,0.0207055214723925
"1230","103/12/22",11,2,-0.0166666666666666
"1231","103/12/23",9,6,-0.0121580547112462
"1232","103/12/24",9,6,0.00301659125188541
"1233","103/12/25",8,5,-0.0022624434389139
"1234","103/12/26",8,5,-0.0105342362678706
"1235","103/12/27",13,5,-0.00975975975975963
"1236","103/12/29",8,6,-0.0238095238095239
"1237","103/12/30",13,5,-0.0157068062827225
"1238","103/12/31",13,3,-0.0201944652206431
"1239","104/01/05",2,8,-0.00450788880540942
"1240","104/01/06",12,9,0.0285053929121725
"1241","104/01/07",12,7,0.0346153846153846
"1242","104/01/08",7,1,0.0165413533834586
"1243","104/01/09",14,1,0.0385487528344671
"1244","104/01/12",13,4,0.0448669201520913
"1245","104/01/13",13,4,0.0485216072782411
"1246","104/01/14",5,8,0.0541158536585368
"1247","104/01/15",5,8,0.0379939209726444
"1248","104/01/16",2,8,0.0381679389312977
"1249","104/01/19",14,5,0.028679245283019
"1250","104/01/20",10,6,0.0284644194756555
"1251","104/01/21",9,6,0.0319702602230484
"1252","104/01/22",9,6,0.022189349112426
"1253","104/01/23",15,2,0.000727802037845665
"1254","104/01/26",9,6,-0.00291120815138287
"1255","104/01/27",9,6,-0.0130151843817788
"1256","104/01/28",8,6,-0.00216919739696321
"1257","104/01/29",2,4,0.0102489019033675
"1258","104/01/30",4,7,0.0213235294117647
"1259","104/02/02",1,8,0.0308143800440205
"1260","104/02/03",5,1,0.031318281136198
"1261","104/02/04",10,6,0.0129682997118154
"1262","104/02/05",8,5,0.0130246020260493
"1263","104/02/06",13,4,0.0167272727272728
"1264","104/02/09",2,4,0.0211678832116789
"1265","104/02/10",1,7,0.0212454212454213
"1266","104/02/11",14,1,0.0115942028985507
"1267","104/02/12",14,5,0.00144927536231876
"1268","104/02/13",8,5,-0.00719942404607631
"1269","104/02/24",9,6,-0.0170818505338079
"1270","104/02/25",9,6,-0.0162429378531072
"1271","104/02/26",8,5,-0.0120910384068278
"1272","104/03/02",2,4,-0.0157142857142856
"1273","104/03/03",2,8,-0.0107296137339056
"1274","104/03/04",5,8,-0.000714796283059287
"1275","104/03/05",5,8,0.0136298421807748
"1276","104/03/06",5,8,0.0107449856733524
"1277","104/03/09",4,8,0.023878437047757
"1278","104/03/10",1,8,0.0224800580130529
"1279","104/03/11",5,8,0.0173787110789284
"1280","104/03/12",14,1,-0.00358937544867193
"1281","104/03/13",14,5,-0.0100791936645069
"1282","104/03/16",2,4,-0.0014513788098695
"1283","104/03/17",13,3,-0.00144613159797554
"1284","104/03/18",14,5,-0.0178826895565093
"1285","104/03/19",10,6,-0.0162774239207361
"1286","104/03/20",9,6,-0.0134656272147414
"1287","104/03/23",8,6,-0.0247349823321555
"1288","104/03/24",13,3,-0.0198581560283689
"1289","104/03/25",2,8,-0.00854092526690383
"1290","104/03/26",4,7,0.00648414985590762
"1291","104/03/27",12,7,0.0109090909090909
"1292","104/03/30",1,7,-0.00218023255813941
"1293","104/03/31",1,8,0.00941346850108625
"1294","104/04/01",5,8,0.00582665695557162
"1295","104/04/02",14,5,-0.00791366906474816
"1296","104/04/07",8,5,-0.00933908045976999
"1297","104/04/08",2,4,0.00942028985507255
"1298","104/04/09",13,4,0.0347322720694646
"1299","104/04/10",14,3,0.0366116295764537
"1300","104/04/13",14,5,0.0415175375805298
"1301","104/04/14",13,3,0.0446043165467625
"1302","104/04/15",4,7,0.0458849235251273
"1303","104/04/16",5,1,0.0251076040172166
"1304","104/04/17",5,8,0.0369297610427226
"1305","104/04/20",5,8,0.0326323422770123
"1306","104/04/21",5,8,0.034082668600435
"1307","104/04/22",14,5,0.0114860014357501
"1308","104/04/23",11,2,-0.013986013986014
"1309","104/04/24",15,2,-0.0186980609418284
"1310","104/04/27",15,2,-0.0281786941580756
"1311","104/04/28",9,2,-0.0206611570247934
"1312","104/04/29",2,4,-0.0236768802228413
"1313","104/04/30",4,7,-0.0202939118264521
"1314","104/05/04",1,7,-0.0188547486033519
"1315","104/05/05",1,7,0.00140449438202239
"1316","104/05/06",5,8,-0.00701262272089762
"1317","104/05/07",4,7,-0.00425833924769336
"1318","104/05/08",1,8,0.00283687943262415
"1319","104/05/11",5,3,-0.00211714890613961
"1320","104/05/12",5,3,0.0042432814710042
"1321","104/05/13",14,5,0.00070323488045023
"1322","104/05/14",2,4,0.0199714693295293
"1323","104/05/15",4,7,0.0157142857142856
"1324","104/05/18",5,8,0.00355871886120996
"1325","104/05/19",10,1,-0.0126227208976156
"1326","104/05/20",14,5,-0.012005649717514
"1327","104/05/21",2,4,-0.0220955096222382
"1328","104/05/22",13,3,-0.0318246110325318
"1329","104/05/25",5,1,-0.0254596888260254
"1330","104/05/26",14,5,-0.0373239436619719
"1331","104/05/27",8,5,-0.0351370344342937
"1332","104/05/28",8,5,-0.0370629370629371
"1333","104/05/29",13,3,-0.0323488045007032
"1334","104/06/01",4,7,-0.026241134751773
"1335","104/06/02",4,7,-0.03125
"1336","104/06/03",1,7,-0.0207290922087206
"1337","104/06/04",6,9,-0.00291545189504357
"1338","104/06/05",12,7,0.0131482834185536
"1339","104/06/08",1,7,0.00943396226415082
"1340","104/06/09",1,7,0.0190197512801757
"1341","104/06/10",5,1,0.0262199563000728
"1342","104/06/11",14,5,0.0232389251997096
"1343","104/06/12",13,3,0
"1344","104/06/15",13,3,0.010924981791697
"1345","104/06/16",2,8,0.0271260997067448
"1346","104/06/17",5,8,0.0233576642335766
"1347","104/06/18",5,8,0.0248538011695905
"1348","104/06/22",10,6,-0.000720980533525554
"1349","104/06/23",10,6,0.000718907260963295
"1350","104/06/24",8,6,-0.0308686288585787
"1351","104/06/25",9,6,-0.0475514549325764
"1352","104/06/26",8,6,-0.0333569907735984
"1353","104/06/29",4,7,-0.0101744186046512
"1354","104/06/30",5,8,-0.01657060518732
"1355","104/07/01",7,1,-0.020699500356888
"1356","104/07/02",14,1,-0.0228245363766048
"1357","104/07/03",8,5,-0.0299572039942938
"1358","104/07/06",2,4,-0.00937950937950926
"1359","104/07/07",5,8,-0.0258620689655172
"1360","104/07/08",6,9,-0.0051851851851851
"1361","104/07/09",6,9,-0.00521609538002972
"1362","104/07/13",16,9,-0.0337738619676945
"1363","104/07/14",7,1,-0.0330396475770925
"1364","104/07/15",14,1,-0.0417582417582417
"1365","104/07/16",8,6,-0.0306122448979591
"1366","104/07/17",13,3,-0.0343065693430656
"1367","104/07/20",2,4,-0.0404411764705882
"1368","104/07/21",13,3,-0.0487982520029134
"1369","104/07/22",4,7,-0.0309734513274335
"1370","104/07/23",12,7,-0.032017870439315
"1371","104/07/24",12,7,-0.0307116104868913
"1372","104/07/27",6,9,-0.0189969604863222
"1373","104/07/28",16,7,-0.0197418375094912
"1374","104/07/29",16,7,-0.0298165137614679
"1375","104/07/30",7,1,-0.0443609022556391
"1376","104/07/31",14,3,-0.0430839002267575
"1377","104/08/03",4,4,-0.0360153256704981
"1378","104/08/04",2,4,-0.0421133231240429
"1379","104/08/05",5,8,-0.0624048706240487
"1380","104/08/06",1,7,-0.0553846153846154
"1381","104/08/07",4,7,-0.0757341576506956
"1382","104/08/10",1,7,-0.109217660728118
"1383","104/08/11",1,7,-0.0704879938032533
"1384","104/08/12",12,7,-0.0488573680063042
"1385","104/08/13",4,7,-0.053501180173092
"1386","104/08/14",1,7,-0.023696682464455
"1387","104/08/17",16,7,-0.00953895071542133
"1388","104/08/18",4,7,-0.0127897681854516
"1389","104/08/19",12,9,0.00811688311688312
"1390","104/08/20",12,7,0.012214983713355
"1391","104/08/21",6,9,0.0259197324414716
"1392","104/08/24",3,9,0.0652173913043478
"1393","104/08/25",16,9,0.0241666666666667
"1394","104/08/26",7,1,0.0629660314830158
"1395","104/08/27",10,2,0.0548628428927682
"1396","104/08/28",15,2,0.0275080906148868
"1397","104/08/31",15,2,0.021669341894061
"1398","104/09/01",9,6,0.0226720647773279
"1399","104/09/02",9,6,0.0289855072463768
"1400","104/09/03",8,5,0.0458567980691875
"1401","104/09/04",2,4,0.0570497147514261
"1402","104/09/07",4,7,0.0359183673469388
"1403","104/09/08",5,8,0.0382424735557363
"1404","104/09/09",11,2,-0.0280592361652378
"1405","104/09/10",15,2,-0.0228526398739165
"1406","104/09/11",9,2,-0.0196850393700787
"1407","104/09/14",9,6,-0.0196386488609584
"1408","104/09/15",2,4,0.00712589073634209
"1409","104/09/16",14,5,-0.0101721439749609
"1410","104/09/17",10,2,-0.0246153846153846
"1411","104/09/18",10,6,-0.0146491904394756
"1412","104/09/21",4,4,0.0220646178092985
"1413","104/09/22",2,4,0.0141065830721004
"1414","104/09/23",6,9,0.0513231756214915
"1415","104/09/24",6,9,0.0532258064516129
"1416","104/09/25",1,7,0.0449799196787148
"1417","104/09/30",7,1,0.0576923076923077
"1418","104/10/01",10,2,0.0338050314465409
"1419","104/10/02",10,6,0.0426877470355732
"1420","104/10/05",9,6,0.0402208201892745
"1421","104/10/06",9,6,0.0250391236306729
"1422","104/10/07",9,2,0.010023130300694
"1423","104/10/08",8,6,0.01854714064915
"1424","104/10/12",9,6,-0.015255530129672
"1425","104/10/13",8,6,-0.0168453292496171
"1426","104/10/14",13,4,-0.0199846272098385
"1427","104/10/15",8,6,-0.040909090909091
"1428","104/10/16",13,5,-0.0387832699619771
"1429","104/10/19",13,5,-0.0401819560272935
"1430","104/10/20",13,3,-0.0250189537528431
"1431","104/10/21",2,8,0.000763358778625911
"1432","104/10/22",2,8,-0.00152671755725182
"1433","104/10/23",5,3,-0.0273141122913507
"1434","104/10/26",12,7,-0.0139426800929512
"1435","104/10/27",12,7,-0.0202492211838007
"1436","104/10/28",12,7,-0.0250980392156863
"1437","104/10/29",16,9,-0.0165876777251184
"1438","104/10/30",1,7,-0.0253164556962026
"1439","104/11/02",1,8,-0.0339652448657188
"1440","104/11/03",14,1,-0.0303265940902021
"1441","104/11/04",11,2,-0.0633104500381388
"1442","104/11/05",15,2,-0.0474006116207952
"1443","104/11/06",2,4,-0.0280811232449298
"1444","104/11/09",4,7,-0.016496465043205
"1445","104/11/10",6,9,-0.0151033386327503
"1446","104/11/11",6,9,-0.00321802091713589
"1447","104/11/12",16,9,0.0088353413654618
"1448","104/11/13",16,7,0.0056818181818182
"1449","104/11/16",12,7,0.000817661488143978
"1450","104/11/17",14,1,0.00080192461908576
"1451","104/11/18",2,7,0.014657980456026
"1452","104/11/19",8,5,0.00160513643659713
"1453","104/11/20",8,5,-0.00882825040128406
"1454","104/11/23",14,5,-0.00159744408945689
"1455","104/11/24",2,4,-0.00726392251815985
"1456","104/11/25",2,8,-0.0193704600484262
"1457","104/11/26",14,1,-0.035828025477707
"1458","104/11/27",2,8,-0.0338983050847458
"1459","104/11/30",4,7,-0.0294117647058824
"1460","104/12/01",14,1,-0.047275641025641
"1461","104/12/02",7,1,-0.0313001605136436
"1462","104/12/03",14,1,-0.0216346153846154
"1463","104/12/04",2,4,-0.0161943319838057
"1464","104/12/07",14,5,-0.0296
"1465","104/12/08",4,7,-0.0113821138211383
"1466","104/12/09",12,7,0.00246913580246911
"1467","104/12/10",12,7,0.0107349298100744
"1468","104/12/11",6,9,0.0292397660818713
"1469","104/12/14",12,9,0.0345117845117846
"1470","104/12/15",1,7,0.0260723296888141
"1471","104/12/16",14,1,0.00331400165700076
"1472","104/12/17",10,2,-0.00491400491400487
"1473","104/12/18",9,6,-0.0197530864197531
"1474","104/12/21",8,5,-0.0263808738664469
"1475","104/12/22",13,5,-0.0386513157894736
"1476","104/12/23",14,3,-0.0582922824302134
"1477","104/12/24",14,5,-0.0612745098039216
"1478","104/12/25",8,6,-0.0819805194805195
"1479","104/12/28",13,5,-0.080553295362083
"1480","104/12/29",2,4,-0.0631147540983607
"1481","104/12/30",4,7,-0.0635838150289016
"1482","104/12/31",1,8,-0.0666666666666666
"1483","105/01/04",12,9,-0.0411418975650713
"1484","105/01/05",12,9,-0.0304826418289585
"1485","105/01/06",6,9,-0.0436270316509838
"1486","105/01/07",6,9,-0.0270270270270271
"1487","105/01/08",16,9,-0.0156657963446476
"1488","105/01/11",6,9,0.017683465959328
"1489","105/01/12",16,7,0.00884955752212389
"1490","105/01/13",7,1,0.00174978127734036
"1491","105/01/14",5,8,0.0149911816578482
"1492","105/01/15",13,3,0.0405643738977072
"1493","105/01/18",14,1,0.0429071803852889
"1494","105/01/19",14,1,0.0401746724890829
"1495","105/01/20",4,7,0.0617173524150269
"1496","105/01/21",4,7,0.0564516129032259
"1497","105/01/22",5,1,0.0433244916003537
"1498","105/01/25",10,2,0.0469157254561252
"1499","105/01/26",8,6,0.0517543859649123
"1500","105/01/27",8,6,0.0637554585152838
"1501","105/01/28",8,5,0.057341442224153
"1502","105/01/29",11,2,0.0305084745762711
"1503","105/01/30",15,2,0.0218303946263645
"1504","105/02/01",15,2,0.0125944584382872
"1505","105/02/02",9,6,0.029486099410278
"1506","105/02/03",2,4,0.0390161153519932
"1507","105/02/15",5,8,0.0483050847457627
"1508","105/02/16",10,2,0.0348547717842324
"1509","105/02/17",10,6,0.0500417014178482
"1510","105/02/18",15,2,0.0361247947454844
"1511","105/02/19",9,6,0.0369761709120789
"1512","105/02/22",8,5,0.0370065789473684
"1513","105/02/23",13,3,0.0369761709120789
"1514","105/02/24",4,4,0.048922056384743
"1515","105/02/25",14,3,0.0400981996726677
"1516","105/02/26",14,5,0.0448979591836735
"1517","105/03/01",10,6,0.0194017784963621
"1518","105/03/02",9,6,0.0200481154771451
"1519","105/03/03",15,2,0.0214455917394757
"1520","105/03/04",9,6,0.0253565768621236
"1521","105/03/07",8,6,0.0237717908082408
"1522","105/03/08",13,3,0.0214115781126092
"1523","105/03/09",13,3,0.019809825673534
"1524","105/03/10",14,3,0.017391304347826
"1525","105/03/11",14,5,0.00786782061369001
"1526","105/03/14",10,6,0.00156249999999991
"1527","105/03/15",2,4,0.00951625693893737
"1528","105/03/16",13,3,0.0172955974842768
"1529","105/03/17",14,5,0.00544323483670309
"1530","105/03/18",10,6,-0.0123647604327667
"1531","105/03/21",8,6,-0.0340557275541795
"1532","105/03/22",13,4,-0.0349378881987579
"1533","105/03/23",5,8,-0.0248640248640248
"1534","105/03/24",5,8,-0.0209790209790209
"1535","105/03/25",5,8,-0.0171740827478532
"1536","105/03/28",5,8,-0.000780031201248006
"1537","105/03/29",1,8,0.00942655145326004
"1538","105/03/30",14,5,-0.00695517774343126
"1539","105/03/31",14,5,-0.0123743232791957
"1540","105/04/01",2,4,-0.00469483568075113
"1541","105/04/06",12,9,0.00400641025641026
"1542","105/04/07",6,9,0.0128720836685439
"1543","105/04/08",16,9,0.0071713147410359
"1544","105/04/11",7,1,0.00396825396825397
"1545","105/04/12",14,1,0.00873709293089749
"1546","105/04/13",15,2,-0.0101483216237314
"1547","105/04/14",9,2,-0.0287937743190662
"1548","105/04/15",9,6,-0.0412451361867704
"1549","105/04/18",13,4,-0.0485512920908379
"1550","105/04/19",2,4,-0.0550314465408805
"1551","105/04/20",12,7,-0.0391061452513966
"1552","105/04/21",1,7,-0.0516282764098491
"1553","105/04/22",1,8,-0.055379746835443
"1554","105/04/25",7,1,-0.0513833992094862
"1555","105/04/26",14,5,-0.0574803149606299
"1556","105/04/27",13,5,-0.0567823343848581
"1557","105/04/28",4,7,-0.0520833333333333
"1558","105/04/29",12,9,-0.0324675324675325
"1559","105/05/03",6,9,-0.011522633744856
"1560","105/05/04",6,9,-0.00249584026622294
"1561","105/05/05",16,9,-0.00913621262458479
"1562","105/05/06",16,7,0.00502512562814066
"1563","105/05/09",1,7,0.0385259631490787
"1564","105/05/10",5,1,0.0225
"1565","105/05/11",5,3,0.0359231411862991
"1566","105/05/12",13,3,0.0392976588628763
"1567","105/05/13",4,7,0.0583262890955199
"1568","105/05/16",5,8,0.0595637583892617
"1569","105/05/17",14,1,0.051623646960866
"1570","105/05/18",14,5,0.0625521267723103
"1571","105/05/19",13,3,0.0678960603520537
"1572","105/05/20",13,5,0.0641666666666667
"1573","105/05/23",11,2,0.0314516129032259
"1574","105/05/24",15,2,0.0440097799511002
"1575","105/05/25",15,2,0.0467741935483872
"1576","105/05/26",9,2,0.0498793242156074
"1577","105/05/27",9,6,0.018370607028754
"1578","105/05/30",10,6,0.0158353127474269
"1579","105/05/31",8,6,0.0174188440221695
"1580","105/06/01",9,6,-0.00549450549450552
"1581","105/06/02",8,6,0.0054945054945054
"1582","105/06/03",8,5,0.0101801096319499
"1583","105/06/04",8,5,0.0125097732603596
"1584","105/06/06",13,5,0.0140515222482436
"1585","105/06/07",10,6,-0.00154083204930676
"1586","105/06/08",10,6,-0.0329501915708812
"1587","105/06/13",2,4,0
"1588","105/06/14",2,4,-0.00233826968043657
"1589","105/06/15",5,8,0.0070038910505837
"1590","105/06/16",1,7,0.0331491712707183
"1591","105/06/17",13,3,0.0343481654957065
"1592","105/06/20",14,5,0.027906976744186
"1593","105/06/21",8,5,0.0208494208494208
"1594","105/06/22",8,6,-0.00076982294072359
"1595","105/06/23",13,5,0.013888888888889
"1596","105/06/24",12,9,0.0618066561014263
"1597","105/06/27",1,7,0.060392156862745
"1598","105/06/28",7,1,0.0570312500000001
"1599","105/06/29",10,1,0.0463678516228748
"1600","105/06/30",15,2,0.0466004583651642
"1601","105/07/01",15,2,0.0437735849056605
"1602","105/07/04",15,2,0.0444947209653092
"1603","105/07/05",8,6,0.0468986384266265
"1604","105/07/06",4,7,0.071648690292758
"1605","105/07/07",5,8,0.0547945205479451
"1606","105/07/11",10,1,0.0298507462686567
"1607","105/07/12",15,2,0.0266272189349114
"1608","105/07/13",9,2,0.0303030303030303
"1609","105/07/14",9,6,0.0199409158050221
"1610","105/07/15",10,6,0.000729927007299229
"1611","105/07/18",10,2,0.002169197396963
"1612","105/07/19",9,6,0.000722021660649778
"1613","105/07/20",8,6,-0.00650289017341045
"1614","105/07/21",8,6,-0.00934579439252324
"1615","105/07/22",13,3,0.00432900432900429
"1616","105/07/25",2,4,0.0152173913043478
"1617","105/07/26",13,3,0.0144092219020173
"1618","105/07/27",14,1,0.012912482065997
"1619","105/07/28",2,8,0.0130340333091963
"1620","105/07/29",4,7,0.0240700218818382
"1621","105/08/01",5,3,0.0151515151515151
"1622","105/08/02",14,1,0.00937950937950946
"1623","105/08/03",2,8,0.0189090909090909
"1624","105/08/04",5,3,0.0145137880986938
"1625","105/08/05",14,1,-0.00574712643678149
"1626","105/08/08",10,6,-0.019271948608137
"1627","105/08/09",9,6,-0.0142045454545455
"1628","105/08/10",9,6,-0.0198300283286118
"1629","105/08/11",13,4,0.000714796283059287
"1630","105/08/12",13,3,-0.00142450142450155
"1631","105/08/15",13,3,-0.00426439232409378
"1632","105/08/16",5,8,0.000714796283059287
"1633","105/08/17",5,3,-0.00927908636688068
"1634","105/08/18",5,8,-0.0121602288984264
"1635","105/08/19",4,7,-0.000722543352601115
"1636","105/08/22",4,7,0.0232896652110625
"1637","105/08/23",5,8,0.0208933717579249
"1638","105/08/24",5,8,0.0382947976878611
"1639","105/08/25",14,1,0.0228571428571428
"1640","105/08/26",8,6,0.00427960057061357
"1641","105/08/29",8,5,-0.00927908636688068
"1642","105/08/30",13,3,-0.0164285714285715
"1643","105/08/31",2,8,-0.00792507204610967
"1644","105/09/01",4,7,-0.00868935553946408
"1645","105/09/02",1,8,0.0267534345625451
"1646","105/09/05",14,1,0.00853485064011392
"1647","105/09/06",10,2,0.0056457304163727
"1648","105/09/07",15,2,-0.0062630480167013
"1649","105/09/08",9,6,0.00418994413407837
"1650","105/09/09",2,4,0.00852272727272719
"1651","105/09/10",12,9,0.0360230547550432
"1652","105/09/12",6,9,0.0305010893246189
"1653","105/09/13",16,9,0.0377632534495281
"1654","105/09/14",1,7,0.0482103725346968
"1655","105/09/19",11,2,0.00704225352112676
"1656","105/09/20",15,2,0.0112834978843441
"1657","105/09/21",15,2,0.00561403508771938
"1658","105/09/22",9,2,0.000700280112044778
"1659","105/09/23",9,6,0.00486787204450618
"1660","105/09/26",2,4,0.00985915492957751
"1661","105/09/29",14,5,-0.00625869262865094
"1662","105/09/30",2,8,0.00704721634954193
"1663","105/10/03",5,3,0.00699790062981106
"1664","105/10/04",14,5,0.00836236933797901
"1665","105/10/05",5,3,0.0160839160839162
"1666","105/10/06",13,5,0.01255230125523
"1667","105/10/07",13,3,0.0146545708304256
"1668","105/10/11",2,4,0.0272918124562632
"1669","105/10/12",14,5,0.0103806228373702
"1670","105/10/13",13,3,0.01255230125523
"1671","105/10/14",2,8,0.0160951714485653
"1672","105/10/17",5,8,0.0160951714485653
"1673","105/10/18",14,1,0.0090340514246003
"1674","105/10/19",14,5,-0.00829302004146502
"1675","105/10/20",10,6,-0.0199587061252581
"1676","105/10/21",8,5,-0.0220385674931129
"1677","105/10/24",13,5,-0.00962861072902342
"1678","105/10/25",8,5,-0.0143051771117168
"1679","105/10/26",13,3,-0.0410958904109589
"1680","105/10/27",2,4,-0.00826446280991728
"1681","105/10/28",2,8,-0.0351239669421487
"1682","105/10/31",5,8,-0.034435261707989
"1683","105/11/01",5,8,-0.0371900826446279
"1684","105/11/02",1,7,-0.024390243902439
"1685","105/11/03",4,7,-0.0140449438202247
"1686","105/11/04",1,7,-0.00845070422535203
"1687","105/11/07",7,1,-0.0208333333333333
"1688","105/11/08",10,6,-0.0124395300621975
"1689","105/11/09",12,9,0.0257142857142857
"1690","105/11/10",13,1,-0.00833333333333326
"1691","105/11/11",12,9,0.0185581727337616
"1692","105/11/14",12,9,0.0235378031383738
"1693","105/11/15",16,7,0.025035765379113
"1694","105/11/16",1,7,0.0242857142857143
"1695","105/11/17",13,3,0.0256410256410256
"1696","105/11/18",14,5,0.0113636363636363
"1697","105/11/21",14,5,0.00851063829787226
"1698","105/11/22",10,6,0.00769769069279212
"1699","105/11/23",10,6,0.0027855153203343
"1700","105/11/24",8,5,0.0210084033613445
"1701","105/11/25",13,3,0.0252277505255783
"1702","105/11/28",13,3,0.0153310104529616
"1703","105/11/29",13,3,0.0181437543614794
"1704","105/11/30",13,3,0.0195258019525801
"1705","105/12/01",13,5,0.0138888888888889
"1706","105/12/02",2,8,0.0154494382022471
"1707","105/12/05",1,8,0.0105485232067511
"1708","105/12/06",14,1,-0.00347222222222222
"1709","105/12/07",14,5,-0.00416666666666663
"1710","105/12/08",9,6,-0.02880658436214
"1711","105/12/09",9,6,-0.0355434039644567
"1712","105/12/12",8,5,-0.0281400137268359
"1713","105/12/13",13,3,-0.0301576422206991
"1714","105/12/14",13,3,-0.0205198358413133
"1715","105/12/15",5,3,-0.023972602739726
"1716","105/12/16",4,8,-0.00691562932226833
"1717","105/12/19",4,7,0.000695894224078098
"1718","105/12/20",1,7,0.00139372822299644
"1719","105/12/21",1,8,0.0111576011157601
"1720","105/12/22",12,7,0.026129943502825
"1721","105/12/23",4,7,0.0269312544294827
"1722","105/12/26",1,8,0.0225988700564973
"1723","105/12/27",5,8,0.0233215547703181
"1724","105/12/28",14,1,0.0216480446927376
"1725","105/12/29",13,5,0.0189473684210526
"1726","105/12/30",8,5,0.0027855153203343
"1727","106/01/03",8,5,0.00556328233657846
"1728","106/01/04",13,5,0.0041753653444678
"1729","106/01/05",8,5,-0.00758620689655169
"1730","106/01/06",8,5,-0.00688231245698555
"1731","106/01/09",13,5,0.00414078674948236
"1732","106/01/10",13,3,0.0124309392265192
"1733","106/01/11",13,3,0.0069060773480663
"1734","106/01/12",14,5,-0.00410116199589899
"1735","106/01/13",13,3,0.00895316804407721
"1736","106/01/16",2,4,0.0180555555555555
"1737","106/01/17",5,8,-0.00760719225449512
"1738","106/01/18",5,8,-0.00207900207900216
"1739","106/01/19",5,8,0.0118137595552466
"1740","106/01/20",5,3,0.011088011088011
"1741","106/01/23",14,5,0.00618556701030932
"1742","106/01/24",10,6,0.0081855388813098
"1743","106/02/02",8,5,0.00754458161865565
"1744","106/02/03",13,3,0.00686341798215511
"1745","106/02/06",13,3,0.00341296928327645
"1746","106/02/07",14,3,-0.0027285129604366
"1747","106/02/08",4,7,0.0209059233449477
"1748","106/02/09",1,7,0.0180555555555555
"1749","106/02/10",7,1,0.00412087912087908
"1750","106/02/13",14,1,0.00274160383824541
"1751","106/02/14",8,6,-0.0116120218579236
"1752","106/02/15",9,6,-0.0182679296346415
"1753","106/02/16",13,5,-0.0183798502382574
"1754","106/02/17",13,3,-0.0163599182004088
"1755","106/02/18",13,3,-0.0142857142857142
"1756","106/02/20",2,8,-0.00341997264021888
"1757","106/02/21",5,8,-0.016382252559727
"1758","106/02/22",5,3,-0.0177353342428376
"1759","106/02/23",5,8,-0.00820793433652523
"1760","106/02/24",5,8,-0.0020505809979495
"1761","106/03/01",4,7,0.00691085003455425
"1762","106/03/02",1,8,0.0172294968986906
"1763","106/03/03",1,7,0.0263522884882109
"1764","106/03/06",1,8,0.0249480249480249
"1765","106/03/07",5,8,0.033816425120773
"1766","106/03/08",14,5,0.0185312285518189
"1767","106/03/09",2,4,0.0319222761970853
"1768","106/03/10",2,8,0.03125
"1769","106/03/13",5,3,0.023448275862069
"1770","106/03/14",14,1,0.0171232876712329
"1771","106/03/15",8,5,0.0157858613589568
"1772","106/03/16",9,6,0.00135501355013562
"1773","106/03/17",9,6,-0.00405405405405402
"1774","106/03/20",8,5,0.00946585530764034
"1775","106/03/21",9,6,-0.00667556742323097
"1776","106/03/22",13,3,-0.00134770889487882
"1777","106/03/23",13,3,-0.00201748486886337
"1778","106/03/24",13,3,-0.00471380471380464
"1779","106/03/27",5,8,-0.00202156334231814
"1780","106/03/28",5,3,0.0020202020202021
"1781","106/03/29",5,8,-0.00608108108108112
"1782","106/03/30",2,8,-0.00405953991880936
"1783","106/03/31",2,8,-0.00135685210312088
"1784","106/04/05",14,5,-0.0247823174815808
"1785","106/04/06",14,3,-0.0215053763440861
"1786","106/04/07",13,3,-0.00809716599190276
"1787","106/04/10",13,3,-0.00741239892183285
"1788","106/04/11",5,8,0.00608930987821365
"1789","106/04/12",5,8,0.00675219446320054
"1790","106/04/13",14,5,0.0013440860215053
"1791","106/04/14",2,8,0.0135961930659415
"1792","106/04/17",5,8,0.0217391304347827
"1793","106/04/18",5,8,0.0264945652173913
"1794","106/04/19",4,7,0.0391483516483518
"1795","106/04/20",1,8,0.0322802197802199
"1796","106/04/21",14,1,0.0299319727891157
"1797","106/04/24",14,1,0.0312287847929395
"1798","106/04/25",10,6,0.0255548083389375
"1799","106/04/26",9,6,0.0261569416498994
"1800","106/04/27",8,5,0.0241610738255033
"1801","106/04/28",13,5,0.0261569416498994
"1802","106/05/02",8,5,0.0172872340425532
"1803","106/05/03",8,6,0.0099272005294507
"1804","106/05/04",8,5,0.00330469266358229
"1805","106/05/05",13,3,0.00931470392548222
"1806","106/05/08",13,3,0.00462351387054154
"1807","106/05/09",14,5,0.0052666227781434
"1808","106/05/10",8,5,0.000655737704917995
"1809","106/05/11",8,5,0.0065359477124183
"1810","106/05/12",13,5,0.00851900393184804
"1811","106/05/15",13,3,0
"1812","106/05/16",13,3,0.00522875816993471
"1813","106/05/17",13,3,0.0117955439056357
"1814","106/05/18",2,8,0.0197628458498024
"1815","106/05/19",5,8,0.0283454185893211
"1816","106/05/22",5,8,0.024983563445102
"1817","106/05/23",14,5,0.0209561231172234
"1818","106/05/24",13,5,0.0255570117955439
"1819","106/05/25",8,6,0.012987012987013
"1820","106/05/26",8,5,0.0025990903183886
"1821","106/05/31",13,3,0.00980392156862745
"1822","106/06/01",13,3,-0.000650195058517703
"1823","106/06/02",14,3,-0.00388601036269426
"1824","106/06/03",14,5,0.00387596899224803
"1825","106/06/05",8,6,0.00705128205128201
"1826","106/06/06",8,5,0.0192431045542014
"1827","106/06/07",13,5,0.0205259781911481
"1828","106/06/08",8,5,0.0191693290734824
"1829","106/06/09",13,3,0.0217948717948718
"1830","106/06/12",4,7,0.0550874918988982
"1831","106/06/13",1,8,0.0524271844660194
"1832","106/06/14",1,7,0.048145738451529
"1833","106/06/15",5,8,0.0487646293888166
"1834","106/06/16",14,5,0.0347490347490348
"1835","106/06/19",10,6,0.0241884150222789
"1836","106/06/20",15,2,0.00692259282567649
"1837","106/06/21",15,2,0.0150848522941547
"1838","106/06/22",9,6,0.00815047021943581
"1839","106/06/23",8,5,0.00313676286072773
"1840","106/06/26",11,2,-0.012899262899263
"1841","106/06/27",10,6,0.0030750307503075
"1842","106/06/28",13,4,0.0124146492861577
"1843","106/06/29",13,4,0.0192188468691878
"1844","106/06/30",2,8,0.0205223880597014
"1845","106/07/03",5,8,0.021752641392169
"1846","106/07/04",5,8,0.0300000000000001
"1847","106/07/05",14,3,0.0241486068111455
"1848","106/07/06",13,3,0.0279850746268657
"1849","106/07/07",2,8,0.0268918073796122
"1850","106/07/10",5,3,0.0242688238954574
"1851","106/07/11",10,6,0.011036174126303
"1852","106/07/12",10,6,0.00735744941753536
"1853","106/07/13",9,6,0.00973236009732357
"1854","106/07/14",8,6,0.000609384521633116
"1855","106/07/17",8,5,-0.0103406326034064
"1856","106/07/18",13,5,-0.00728155339805836
"1857","106/07/19",14,5,-0.00241837968561068
"1858","106/07/20",13,5,-0.00544464609800366
"1859","106/07/21",2,4,0.00304506699147381
"1860","106/07/24",5,3,0.00789793438639132
"1861","106/07/25",5,3,0.00545785324439057
"1862","106/07/26",5,8,0
"1863","106/07/27",14,5,-0.0168674698795181
"1864","106/07/28",2,4,-0.0103532277710109
"1865","106/07/31",4,7,-0.00737553779963115
"1866","106/08/01",5,8,-0.00611246943765281
"1867","106/08/02",14,1,-0.0181818181818182
"1868","106/08/03",14,3,-0.00669099756690994
"1869","106/08/04",13,5,-0.0145719489981784
"1870","106/08/07",8,5,-0.0229053646775166
"1871","106/08/08",14,5,-0.0126658624849217
"1872","106/08/09",2,4,-0.00486914181375539
"1873","106/08/10",4,7,0.0116421568627451
"1874","106/08/11",1,7,0.0178461538461539
"1875","106/08/14",1,7,0.0222910216718266
"1876","106/08/15",5,8,0.01230012300123
"1877","106/08/16",5,8,0.0209876543209877
"1878","106/08/17",14,5,0.0159216166564605
"1879","106/08/18",5,3,0.0227972889710412
"1880","106/08/21",5,3,0.0222085132634176
"1881","106/08/22",14,5,0.0134392180818572
"1882","106/08/23",14,5,0.0103975535168195
"1883","106/08/24",8,6,-0.00363416111447604
"1884","106/08/25",8,6,0
"1885","106/08/28",13,5,0
"1886","106/08/29",13,3,0.00668286755771564
"1887","106/08/30",13,3,-0.00483675937122135
"1888","106/08/31",14,5,-0.00723327305605797
"1889","106/09/01",13,5,-0.00783132530120489
"1890","106/09/04",13,3,0.00362100181050104
"1891","106/09/05",13,3,-0.00241109101868599
"1892","106/09/06",5,8,-0.00484261501210643
"1893","106/09/07",2,8,0.00547112462006082
"1894","106/09/08",5,3,-0.0133010882708586
"1895","106/09/11",5,8,-0.019382192610539
"1896","106/09/12",13,3,-0.0307785153892577
"1897","106/09/13",2,4,-0.0194410692588092
"1898","106/09/14",2,8,-0.0236794171220399
"1899","106/09/15",5,8,-0.0206435944140861
"1900","106/09/18",14,5,-0.0234515935057126
"1901","106/09/19",13,3,-0.0151057401812689
"1902","106/09/20",2,4,-0.00851581508515819
"1903","106/09/21",13,3,-0.0102781136638453
"1904","106/09/22",4,7,0.00612745098039216
"1905","106/09/25",12,7,0.0302655960469426
"1906","106/09/26",12,7,0.0485678704856788
"1907","106/09/27",1,7,0.0415117719950433
"1908","106/09/28",1,7,0.0509950248756218
"1909","106/09/29",5,8,0.0452572845629261
"1910","106/09/30",14,5,0.0418719211822659
"1911","106/10/02",14,5,0.041717791411043
"1912","106/10/03",8,5,0.0374233128834355
"1913","106/10/05",8,5,0.0323762981062921
"1914","106/10/06",8,5,0.0280146163215592
"1915","106/10/11",10,2,0.0113908872901677
"1916","106/10/12",15,2,0.00059382422802847
"1917","106/10/13",9,6,0.00297441998810232
"1918","106/10/16",9,6,0.00532544378698228
"1919","106/10/17",8,5,0.01067615658363
"1920","106/10/18",13,5,0.00591016548463357
"1921","106/10/19",8,5,-0.00117785630153131
"1922","106/10/20",13,3,0.00177409816676529
"1923","106/10/23",5,3,0.00414201183431946
"1924","106/10/24",5,8,0.0106635071090046
"1925","106/10/25",5,8,0.00711321873147609
"1926","106/10/26",5,8,0.00178041543026713
"1927","106/10/27",5,3,0.0029655990510083
"1928","106/10/30",14,5,-0.0076515597410242
"1929","106/10/31",8,5,-0.0123239436619718
"1930","106/11/01",13,5,-0.0211515863689776
"1931","106/11/02",2,3,-0.0141509433962264
"1932","106/11/03",5,8,-0.00413223140495878
"1933","106/11/06",5,8,-0.0100176782557454
"1934","106/11/07",14,3,-0.00644783118405624
"1935","106/11/08",13,3,0.0023543260741613
"1936","106/11/09",2,8,0.00947867298578196
"1937","106/11/10",5,8,0.00709639266706101
"1938","106/11/13",5,8,-0.00177935943060488
"1939","106/11/14",5,8,-0.00653594771241844
"1940","106/11/15",4,7,0.00480192076830739
"1941","106/11/16",5,8,-0.0161483253588516
"1942","106/11/17",14,1,-0.020746887966805
"1943","106/11/20",13,3,-0.013095238095238
"1944","106/11/21",8,5,-0.0294985250737463
"1945","106/11/22",8,6,-0.0504991192014094
"1946","106/11/23",8,5,-0.0504694835680751
"1947","106/11/24",13,5,-0.0499119201409278
"1948","106/11/27",2,4,-0.031491384432561
"1949","106/11/28",4,7,-0.0316985645933013
"1950","106/11/29",1,7,-0.0322580645161291
"1951","106/11/30",12,9,-0.0060790273556231
"1952","106/12/01",1,7,-0.0181598062953995
"1953","106/12/04",5,8,-0.0205066344993969
"1954","106/12/05",1,8,-0.017629179331307
"1955","106/12/06",12,7,0.00247371675943108
"1956","106/12/07",4,7,0.00123609394313961
"1957","106/12/08",1,7,0.00494437577255861
"1958","106/12/11",7,1,-0.000613496932515303
"1959","106/12/12",5,8,-0.00370599135268681
"1960","106/12/13",5,3,-0.0012345679012345
"1961","106/12/14",14,5,-0.000611620795106999
"1962","106/12/15",2,8,0.0129469790382246
"1963","106/12/18",13,3,0.0172413793103447
"1964","106/12/19",2,8,0.031559405940594
"1965","106/12/20",5,8,0.0302282541640963
"1966","106/12/21",5,3,0.0339506172839506
"1967","106/12/22",14,3,0.034440344403444
"1968","106/12/25",14,5,0.0331491712707183
"1969","106/12/26",2,4,0.0384376937383756
"1970","106/12/27",5,8,0.030902348578492
"1971","106/12/28",14,5,0.0293757649938799
"1972","106/12/29",10,6,0.0304321363359708
"1973","107/01/02",10,6,0.0290556900726393
"1974","107/01/03",9,2,0.0215956808638274
"1975","107/01/04",9,6,0.0335329341317365
"1976","107/01/05",8,6,0.0405970149253732
"1977","107/01/08",8,6,0.0457788347205709
"1978","107/01/09",8,5,0.0493166963755198
"1979","107/01/10",13,3,0.0411940298507463
"1980","107/01/11",2,8,0.0485611510791367
"1981","107/01/12",14,3,0.0404280618311535
"1982","107/01/15",14,5,0.0106320141760188
"1983","107/01/16",10,6,-0.00529411764705886
"1984","107/01/17",8,6,-0.00587199060481503
"1985","107/01/18",9,6,-0.0121668597914252
"1986","107/01/19",15,2,-0.0258175559380379
"1987","107/01/22",15,2,-0.0494599204093236
"1988","107/01/23",15,2,-0.0979614949037372
"1989","107/01/24",13,4,-0.0751146788990825
"1990","107/01/25",13,4,-0.0783304745568897
"1991","107/01/26",5,8,-0.0965714285714286
"1992","107/01/29",12,7,-0.0683810637054354
"1993","107/01/30",6,9,-0.0360733293908929
"1994","107/01/31",16,7,-0.0431187241582989
"1995","107/02/01",7,1,-0.0381231671554252
"1996","107/02/02",5,8,-0.0294464075382803
"1997","107/02/05",4,7,-0.0149521531100478
"1998","107/02/06",3,9,0.0263653483992466
"1999","107/02/07",6,9,0.00619962802231866
"2000","107/02/08",16,9,0.0018610421836229
"2001","107/02/09",6,9,0.0392156862745099
"2002","107/02/12",5,7,0.0263488080301129
"2003","107/02/21",10,1,0.0153374233128834
"2004","107/02/22",10,6,0.0228395061728394
"2005","107/02/23",9,2,0.026219512195122
"2006","107/02/26",9,6,0.0309466019417475
"2007","107/02/27",8,5,0.0236794171220401
"2008","107/03/01",2,4,0.0305810397553517
"2009","107/03/02",4,7,0.0338878619839803
"2010","107/03/05",1,7,0.0383900928792569
"2011","107/03/06",7,1,0.0200852099817406
"2012","107/03/07",14,5,0.0250611246943765
"2013","107/03/08",9,6,0.00966767371601205
"2014","107/03/09",8,6,-0.00905250452625226
"2015","107/03/12",15,2,-0.0231729055258467
"2016","107/03/13",15,2,-0.0182460270747498
"2017","107/03/14",8,6,-0.0243179122182681
"2018","107/03/15",13,5,-0.025519287833828
"2019","107/03/16",2,8,-0.0125148986889155
"2020","107/03/19",5,8,-0.0107334525939176
"2021","107/03/20",5,8,-0.0184964200477327
"2022","107/03/21",5,3,-0.0280262373285628
"2023","107/03/22",5,8,-0.0161579892280071
"2024","107/03/23",12,7,0.00487210718635817
"2025","107/03/26",1,7,0.00790754257907532
"2026","107/03/27",7,1,-0.0107913669064749
"2027","107/03/28",5,1,0.00303951367781155
"2028","107/03/29",2,4,0.00243605359317908
"2029","107/03/30",13,3,-0.0175015087507542
"2030","107/03/31",14,1,-0.0162748643761303
"2031","107/04/02",2,4,0.00486322188449855
"2032","107/04/03",4,7,-0.00920245398773006
"2033","107/04/09",5,8,-0.0273722627737226
"2034","107/04/10",7,1,-0.0357575757575758
"2035","107/04/11",14,5,-0.0428485214242607
"2036","107/04/12",13,5,-0.0418181818181819
"2037","107/04/13",13,3,-0.04
"2038","107/04/16",2,8,-0.0279465370595382
"2039","107/04/17",4,7,-0.0245700245700246
"2040","107/04/18",1,7,-0.0373774509803921
"2041","107/04/19",14,1,-0.044767090139141
"2042","107/04/20",4,7,-0.0154798761609907
"2043","107/04/23",12,7,0.000625390869293273
"2044","107/04/24",12,7,0.011313639220616
"2045","107/04/25",16,7,0.0170239596469106
"2046","107/04/26",1,7,0.032258064516129
"2047","107/04/27",5,8,0.0416666666666666
"2048","107/04/30",14,5,0.0206250000000001
"2049","107/05/02",13,3,0.0295969773299747
"2050","107/05/03",4,7,0.0337364735837047
"2051","107/05/04",5,8,0.0253324889170361
"2052","107/05/07",7,1,0.0320754716981132
"2053","107/05/08",14,1,0.021875
"2054","107/05/09",10,6,0.0111870727159725
"2055","107/05/10",9,6,0.0111593304401735
"2056","107/05/11",9,6,0.00306372549019608
"2057","107/05/14",15,2,-0.0036363636363636
"2058","107/05/15",8,5,0.00244947948560917
"2059","107/05/16",13,4,-0.0165137614678898
"2060","107/05/17",2,4,-0.0055418719211823
"2061","107/05/18",1,7,0.00494132180358235
"2062","107/05/21",14,1,0.00670322973796462
"2063","107/05/22",14,3,0.00917431192660551
"2064","107/05/23",2,4,0.0239704978488015
"2065","107/05/24",13,3,0.023298589822195
"2066","107/05/25",13,3,0.00855222968845453
"2067","107/05/28",14,5,0.00547445255474456
"2068","107/05/29",13,3,0.00794135613927924
"2069","107/05/30",4,7,0.0323383084577114
"2070","107/05/31",1,7,0.0123839009287926
"2071","107/06/01",5,1,0.00737553779963133
"2072","107/06/04",10,2,-0.0242130750605327
"2073","107/06/05",10,6,-0.0121212121212121
"2074","107/06/06",9,2,-0.024609843937575
"2075","107/06/07",9,6,-0.0275614140203714
"2076","107/06/08",2,4,-0.0199878861296183
"2077","107/06/11",2,4,-0.0235934664246824
"2078","107/06/12",5,8,-0.0254545454545454
"2079","107/06/13",5,1,-0.0355421686746988
"2080","107/06/14",4,7,-0.00366972477064217
"2081","107/06/15",5,8,-0.0109823062843198
"2082","107/06/19",12,7,0.00682382133995051
"2083","107/06/20",5,8,-0.00122699386503061
"2084","107/06/21",5,8,-0.00615384615384615
"2085","107/06/22",5,3,-0.00246457178065315
"2086","107/06/25",5,3,0.0166872682323856
"2087","107/06/26",5,8,0.0216852540272615
"2088","107/06/27",5,8,0.0161691542288557
"2089","107/06/28",1,8,0.032479700187383
"2090","107/06/29",14,1,0.0233271945979127
"2091","107/07/02",14,5,0.0240592227020358
"2092","107/07/03",13,5,0.0172520024645717
"2093","107/07/04",8,5,0.0202702702702702
"2094","107/07/05",2,4,0.031578947368421
"2095","107/07/06",5,8,0.0457072266831378
"2096","107/07/09",10,6,0.0279635258358662
"2097","107/07/10",10,6,0.0272892662219527
"2098","107/07/11",13,4,0.0373317013463892
"2099","107/07/12",8,6,0.02843315184513
"2100","107/07/13",10,6,0.0281943611277745
"2101","107/07/16",8,5,0.030722891566265
"2102","107/07/17",13,4,0.0363416111447608
"2103","107/07/18",13,3,0.037326911499097
"2104","107/07/19",14,3,0.0186074429771908
"2105","107/07/20",10,6,0.0106320141760188
"2106","107/07/23",9,6,0.0136014192785335
"2107","107/07/24",8,6,0.00944510035419123
"2108","107/07/25",8,5,0.016519174041298
"2109","107/07/26",14,5,0.0135294117647059
"2110","107/07/27",10,6,0
"2111","107/07/30",8,5,-0.0187025131502045
"2112","107/07/31",13,5,-0.0116890707188778
"2113","107/08/01",8,5,-0.0278583865351132
"2114","107/08/02",2,4,-0.0123747790218032
"2115","107/08/03",5,3,-0.0222092343658678
"2116","107/08/06",5,3,-0.0204200700116686
"2117","107/08/07",5,8,-0.0111111111111111
"2118","107/08/08",14,5,-0.0174114915844457
"2119","107/08/09",13,5,-0.012768427161927
"2120","107/08/10",2,3,-0.0105017502917154
"2121","107/08/13",12,7,0.0190589636688504
"2122","107/08/14",1,7,0.0201064458900059
"2123","107/08/15",16,7,0.0417910447761194
"2124","107/08/16",1,7,0.0447494033412888
"2125","107/08/17",5,8,0.0394500896592946
"2126","107/08/20",5,3,0.0297796307325789
"2127","107/08/21",14,5,0.0289769367238321
"2128","107/08/22",8,5,0.0277613703484937
"2129","107/08/23",8,5,0.0170487948265726
"2130","107/08/24",13,5,0.018867924528302
"2131","107/08/27",8,5,0.00526008182349507
"2132","107/08/28",10,6,-0.00695652173913037
"2133","107/08/29",15,2,-0.0194842406876791
"2134","107/08/30",9,2,-0.0296973158195316
"2135","107/08/31",8,5,-0.00517538815411159
"2136","107/09/03",2,4,-0.00694042799305967
"2137","107/09/04",5,3,-0.0183908045977011
"2138","107/09/05",5,8,-0.00977011494252867
"2139","107/09/06",2,8,-0.00693641618497103
"2140","107/09/07",5,8,0.0052083333333332
"2141","107/09/10",1,8,0.0127906976744185
"2142","107/09/11",1,7,0.0145942790426153
"2143","107/09/12",1,8,0.0210403272939801
"2144","107/09/13",1,7,0.0229546792230724
"2145","107/09/14",14,1,0.00982658959537566
"2146","107/09/17",13,3,0.00232964472917883
"2147","107/09/18",2,4,0.00644028103044493
"2148","107/09/19",13,3,-0.0145095763203714
"2149","107/09/20",5,3,-0.0285215366705472
"2150","107/09/21",14,5,-0.0443293033966609
"2151","107/09/25",8,6,-0.0442020665901262
"2152","107/09/26",8,5,-0.109321058688147
"2153","107/09/27",8,5,-0.0835718374356039
"2154","107/09/28",13,3,-0.0886075949367089
"2155","107/10/01",13,3,-0.092157985117344
"2156","107/10/02",4,7,-0.0772806507844276
"2157","107/10/03",4,7,-0.0791157649796393
"2158","107/10/04",12,7,-0.065959952885748
"2159","107/10/05",6,9,-0.0509286998202516
"2160","107/10/08",6,9,-0.0632530120481928
"2161","107/10/09",16,7,-0.0702702702702702
"2162","107/10/11",3,9,-0.0245478036175711
"2163","107/10/12",16,9,-0.0580886945658962
"2164","107/10/15",16,9,-0.0435606060606061
"2165","107/10/16",7,9,-0.0422446406052963
"2166","107/10/17",13,1,-0.0232997481108313
"2167","107/10/18",2,4,-0.00947567909033481
"2168","107/10/19",5,4,-0.0081967213114753
"2169","107/10/22",5,1,-0.0119949494949495
"2170","107/10/23",12,7,0.00321543408360129
"2171","107/10/24",12,7,0.0129198966408269
"2172","107/10/25",6,9,0.0443708609271522
"2173","107/10/26",6,9,0.0318302387267903
"2174","107/10/29",16,7,0.0297029702970297
"2175","107/10/30",7,1,0.0151415404871625
"2176","107/10/31",11,2,-0.00257898130238559
"2177","107/11/01",15,2,-0.0102040816326532
"2178","107/11/02",15,2,-0.0216147488874762
"2179","107/11/05",9,6,-0.0198083067092651
"2180","107/11/06",13,4,-0.0256410256410256
"2181","107/11/07",13,3,-0.0306122448979593
"2182","107/11/08",14,5,-0.0412175015852885
"2183","107/11/09",2,4,-0.0314910025706941
"2184","107/11/12",2,8,-0.0237179487179486
"2185","107/11/13",4,7,-0.0136186770428015
"2186","107/11/14",1,7,-0.00581771170006449
"2187","107/11/15",7,1,-0.00708762886597934
"2188","107/11/16",2,4,-0.0025990903183886
"2189","107/11/19",2,4,0.0273794002607561
"2190","107/11/20",4,7,0.0296052631578947
"2191","107/11/21",1,7,0.00855263157894744
"2192","107/11/22",1,7,-0.00661375661375661
"2193","107/11/23",1,7,0.00132714001327151
"2194","107/11/26",14,1,-0.0223243598161524
"2195","107/11/27",13,3,-0.0131492439184747
"2196","107/11/28",10,6,-0.00910273081924581
"2197","107/11/29",8,6,-0.00973393900064893
"2198","107/11/30",13,5,-0.0182410423452769
"2199","107/12/03",15,2,-0.0361675126903553
"2200","107/12/04",8,6,-0.0376996805111821
"2201","107/12/05",4,7,-0.00978473581213307
"2202","107/12/06",6,9,-0.000665778961384782
"2203","107/12/07",16,9,-0.00331345261762757
"2204","107/12/10",6,9,0.005372733378106
"2205","107/12/11",1,7,-0.00466355762824776
"2206","107/12/12",10,1,-0.0321522309711286
"2207","107/12/13",10,6,-0.0360419397116645
"2208","107/12/14",13,4,-0.00398142003981416
"2209","107/12/17",13,5,-0.00592495062541149
"2210","107/12/18",5,8,-0.0166002656042497
"2211","107/12/19",14,1,-0.0335968379446642
"2212","107/12/20",2,8,-0.0379746835443037
"2213","107/12/21",5,8,-0.0166223404255319
"2214","107/12/22",5,8,-0.0160320641282564
"2215","107/12/24",5,8,0.00401606425702807
"2216","107/12/25",4,7,0.0142372881355932
"2217","107/12/26",1,7,0.026512576478586
"2218","107/12/27",14,1,-0.000666222518321081
"2219","107/12/28",10,6,0.00198675496688749
"2220","108/01/02",2,4,0.0202565833896016
"2221","108/01/03",4,7,0.0299931833674165
"2222","108/01/04",6,9,0.0519390581717451
"2223","108/01/07",7,1,0.0344827586206896
"2224","108/01/08",7,1,0.00543109300746764
"2225","108/01/09",10,2,-0.0173333333333333
"2226","108/01/10",9,6,-0.0100267379679144
"2227","108/01/11",9,6,-0.00662251655629139
"2228","108/01/14",13,5,0.00200000000000008
"2229","108/01/15",8,5,-0.0152015862524786
"2230","108/01/16",13,5,-0.0158835208471211
