"","ら戳","Θユ鸭","Θユ髅B","}L基","程蔼基","程C基","ΜL基","害^基t","Θユ掸计","Date","PreviousPrice","NextPrice","Lable","index","valueLow1","valueLow2","valueLow3","priceLow1","priceLow2","priceLow3","indexLow1","indexLow2","indexLow3","valueHigh1","valueHigh2","valueHigh3","priceHigh1","priceHigh2","priceHigh3","indexHigh1","indexHigh2","indexHigh3","Criterion1","UpSlopeNow","DownSlopePrevious","DownSlopePPrevious","TrendPriceSlope","TrendPriceSlope2","TrendPrcieCriterion","TrendPrcieCriterion2","Criterion2","Criterion3","Criterion4","Criterion5","Criterion6","Criterion7","Criterion8","Action"
"1","107/01/02",700144,20537468,29.3,29.55,29.15,29.25,0,195,2018-01-02,29.25,29.55,"High",1972,369857,63787,124450,29.25,29,28.05,1971,1968,1963,729873,527188,300100,29.75,29.2,28.5,1970,1966,1961,0,0.300000000000001,-0.5,-0.0999999999999996,0.1375,0.138888888888889,12.3875,30.0277777777778,0,0,1,1,1,1,1,0
"2","107/01/03",426134,12359349,29.55,29.55,28.75,29,-0.25,192,2018-01-03,29.55,29.3,"NO",1973,369857,63787,124450,29.25,29,28.05,1971,1968,1963,700144,729873,527188,29.55,29.75,29.2,1972,1970,1966,0,0.15,0.300000000000001,0.375,-0.0999999999999996,0.0583333333333336,12.3875,29.6083333333333,0,0,1,1,0,0,0,0
"3","107/01/04",278350,8087450,29.1,29.3,28.95,29.1,0.100000000000001,126,2018-01-04,29.55,29.8,"Low",1974,369857,63787,124450,29.25,29,28.05,1971,1968,1963,700144,729873,527188,29.55,29.75,29.2,1972,1970,1966,0,0.0166666666666669,0.300000000000001,0.375,-0.0999999999999996,0.0583333333333336,12.3875,29.6666666666667,0,0,1,0,0,0,1,0
"4","107/01/05",639202,18814216,29.2,29.8,29.2,29.55,0.449999999999999,220,2018-01-05,29.3,29.5,"High",1975,278350,369857,63787,29.3,29.25,29,1974,1971,1968,700144,729873,527188,29.55,29.75,29.2,1972,1970,1966,1,0.5,-0.125,-0.5,-0.0999999999999996,0.0583333333333336,12.3875,29.725,1,1,1,1,1,1,0,0
"5","107/01/08",1075005,31285146,29.5,29.5,28.85,29,-0.550000000000001,383,2018-01-08,29.8,29.3,"NO",1976,278350,369857,63787,29.3,29.25,29,1974,1971,1968,639202,700144,729873,29.8,29.55,29.75,1975,1972,1970,0,0.0999999999999996,0.5,0.300000000000001,0.0833333333333333,0.0100000000000001,12.3875,29.81,0,1,1,1,0,0,1,0
"6","107/01/09",404578,11783668,28.85,29.3,28.8,29.1,0.100000000000001,183,2018-01-09,29.5,29.1,"NO",1977,278350,369857,63787,29.3,29.25,29,1974,1971,1968,639202,700144,729873,29.8,29.55,29.75,1975,1972,1970,0,0,0.5,0.300000000000001,0.0833333333333333,0.0100000000000001,12.3875,29.82,0,1,1,1,0,0,1,0
"7","107/01/10",249020,7190280,29.1,29.1,28.7,28.8,-0.300000000000001,111,2018-01-10,29.3,29.2,"Low",1978,278350,369857,63787,29.3,29.25,29,1974,1971,1968,639202,700144,729873,29.8,29.55,29.75,1975,1972,1970,0,-0.0499999999999998,0.5,0.300000000000001,0.0833333333333333,0.0100000000000001,12.3875,29.83,0,1,1,0,0,0,1,0
"8","107/01/11",161250,4659237,29.15,29.2,28.7,28.7,-0.100000000000001,106,2018-01-11,29.1,29.1,"High",1979,249020,278350,369857,29.1,29.3,29.25,1978,1974,1971,639202,700144,729873,29.8,29.55,29.75,1975,1972,1970,0,0.0999999999999979,-0.233333333333333,-0.125,0.0833333333333333,0.0100000000000001,12.3875,29.84,0,0,1,0,1,1,1,0
"9","107/01/12",144000,4168300,29.05,29.1,28.85,28.9,0.199999999999999,75,2018-01-12,29.2,29.15,"Low",1980,249020,278350,369857,29.1,29.3,29.25,1978,1974,1971,161250,639202,700144,29.2,29.8,29.55,1979,1975,1972,0,0,0.0999999999999979,0.5,-0.15,-0.0500000000000002,12.3875,29.15,0,0,1,0,0,0,1,0
"10","107/01/15",157093,4572136,29.15,29.15,28.95,29.15,0.25,88,2018-01-15,29.1,29.3,"NO",1981,144000,249020,278350,29.1,29.1,29.3,1980,1978,1974,161250,639202,700144,29.2,29.8,29.55,1979,1975,1972,0,0.0499999999999972,-0.0999999999999979,-0.233333333333333,-0.15,-0.0500000000000002,12.3875,29.1,0,1,1,1,1,1,1,0
"11","107/01/16",301184,8773986,29.15,29.3,28.95,29.1,-0.0499999999999972,143,2018-01-16,29.15,29.2,"High",1982,144000,249020,278350,29.1,29.1,29.3,1980,1978,1974,161250,639202,700144,29.2,29.8,29.55,1979,1975,1972,1,0.0999999999999996,-0.0999999999999979,-0.233333333333333,-0.15,-0.0500000000000002,12.3875,29.05,1,1,1,1,1,1,0,0
"12","107/01/17",266300,7742435,29.1,29.2,28.9,29,-0.100000000000001,139,2018-01-17,29.3,29.3,"Low",1983,144000,249020,278350,29.1,29.1,29.3,1980,1978,1974,301184,161250,639202,29.3,29.2,29.8,1982,1979,1975,0,0.0333333333333326,0.0999999999999996,0.0999999999999979,0.0333333333333338,-0.0714285714285714,12.3875,29.2285714285714,0,1,1,1,0,0,1,0
"13","107/01/18",242100,7048950,29.3,29.3,29,29.05,0.0500000000000007,81,2018-01-18,29.2,28.85,"High",1984,266300,144000,249020,29.2,29.1,29.1,1983,1980,1978,301184,161250,639202,29.3,29.2,29.8,1982,1979,1975,0,0.100000000000001,-0.100000000000001,-0.0999999999999979,0.0333333333333338,-0.0714285714285714,12.3875,29.1571428571429,0,0,1,0,1,1,0,0
"14","107/01/19",432344,12321370,28.15,28.85,28.15,28.45,-0.600000000000001,243,2018-01-19,29.3,28.45,"NO",1985,266300,144000,249020,29.2,29.1,29.1,1983,1980,1978,242100,301184,161250,29.3,29.3,29.2,1984,1982,1979,0,-0.174999999999999,0.100000000000001,0.0999999999999996,0,0.0200000000000003,12.3875,29.32,0,1,1,1,0,0,1,0
"15","107/01/22",456101,12839048,28.45,28.45,28,28,-0.449999999999999,175,2018-01-22,28.85,28.4,"NO",1986,266300,144000,249020,29.2,29.1,29.1,1983,1980,1978,242100,301184,161250,29.3,29.3,29.2,1984,1982,1979,0,-0.25,0.100000000000001,0.0999999999999996,0,0.0200000000000003,12.3875,29.34,0,1,1,1,0,0,1,0
"16","107/01/23",200798,5641844,28.4,28.4,28,28,0,98,2018-01-23,28.45,28.5,"Low",1987,266300,144000,249020,29.2,29.1,29.1,1983,1980,1978,242100,301184,161250,29.3,29.3,29.2,1984,1982,1979,0,-0.2,0.100000000000001,0.0999999999999996,0,0.0200000000000003,12.3875,29.36,0,1,1,0,0,0,1,0
"17","107/01/24",183677,5202008,28.3,28.5,28.15,28.5,0.5,108,2018-01-24,28.4,28.95,"NO",1988,200798,266300,144000,28.4,29.2,29.1,1987,1983,1980,242100,301184,161250,29.3,29.3,29.2,1984,1982,1979,0,0.100000000000001,-0.300000000000001,-0.100000000000001,0,0.0200000000000003,12.3875,29.38,0,0,1,0,1,1,1,0
"18","107/01/25",280146,8031209,28.5,28.95,28.35,28.35,-0.149999999999999,131,2018-01-25,28.5,28.75,"High",1989,200798,266300,144000,28.4,29.2,29.1,1987,1983,1980,242100,301184,161250,29.3,29.3,29.2,1984,1982,1979,0,0.275,-0.300000000000001,-0.100000000000001,0,0.0200000000000003,12.3875,29.4,0,0,1,1,1,1,1,0
"19","107/01/26",262162,7493083,28.5,28.75,28.5,28.6,0.25,102,2018-01-26,28.95,28.8,"Low",1990,200798,266300,144000,28.4,29.2,29.1,1987,1983,1980,280146,242100,301184,28.95,29.3,29.3,1989,1984,1982,0,0.116666666666667,0.275,0.100000000000001,-0.0700000000000003,-0.0500000000000002,12.3875,28.9,0,1,1,1,0,1,1,0
"20","107/01/29",179461,5104994,28.8,28.8,28.25,28.5,-0.100000000000001,100,2018-01-29,28.75,28.5,"High",1991,262162,200798,266300,28.75,28.4,29.2,1990,1987,1983,280146,242100,301184,28.95,29.3,29.3,1989,1984,1982,0,0.0500000000000007,-0.199999999999999,-0.300000000000001,-0.0700000000000003,-0.0500000000000002,12.3875,28.85,0,1,1,0,1,1,1,0
"21","107/01/30",147551,4163999,28.45,28.5,28.1,28.15,-0.350000000000001,96,2018-01-30,28.8,28.3,"NO",1992,262162,200798,266300,28.75,28.4,29.2,1990,1987,1983,179461,280146,242100,28.8,28.95,29.3,1991,1989,1984,0,-0.125,0.0500000000000007,0.275,-0.0749999999999993,-0.0714285714285714,12.3875,28.7285714285714,0,0,1,0,0,0,1,0
"22","107/01/31",161871,4542543,28,28.3,27.95,28.1,-0.0499999999999972,89,2018-01-31,28.5,28.45,"Low",1993,262162,200798,266300,28.75,28.4,29.2,1990,1987,1983,179461,280146,242100,28.8,28.95,29.3,1991,1989,1984,0,-0.15,0.0500000000000007,0.275,-0.0749999999999993,-0.0714285714285714,12.3875,28.6571428571429,0,0,1,0,0,0,1,0
"23","107/02/01",155000,4389700,28.1,28.45,28.1,28.15,0.0499999999999972,69,2018-02-01,28.3,28.45,"High",1994,161871,262162,200798,28.3,28.75,28.4,1993,1990,1987,179461,280146,242100,28.8,28.95,29.3,1991,1989,1984,0,0.149999999999999,-0.25,-0.199999999999999,-0.0749999999999993,-0.0714285714285714,12.3875,28.5857142857143,0,0,1,0,1,1,1,0
"24","107/02/02",219000,6196950,28.2,28.45,28.2,28.3,0.150000000000002,71,2018-02-02,28.45,28.2,"NO",1995,161871,262162,200798,28.3,28.75,28.4,1993,1990,1987,155000,179461,280146,28.45,28.8,28.95,1994,1991,1989,0,0.0749999999999993,0.149999999999999,0.0500000000000007,-0.116666666666667,-0.1,12.3875,28.35,0,1,1,1,0,1,0,0
"25","107/02/05",318431,8847600,28.2,28.2,27.5,27.9,-0.400000000000002,180,2018-02-05,28.45,27.5,"NO",1996,161871,262162,200798,28.3,28.75,28.4,1993,1990,1987,155000,179461,280146,28.45,28.8,28.95,1994,1991,1989,0,-0.0333333333333338,0.149999999999999,0.0500000000000007,-0.116666666666667,-0.1,12.3875,28.25,0,1,1,1,0,0,1,0
"26","107/02/06",602697,16041529,27.5,27.5,25.5,26.3,-1.6,304,2018-02-06,28.2,27.15,"NO",1997,161871,262162,200798,28.3,28.75,28.4,1993,1990,1987,155000,179461,280146,28.45,28.8,28.95,1994,1991,1989,0,-0.2,0.149999999999999,0.0500000000000007,-0.116666666666667,-0.1,12.3875,28.15,0,1,1,1,0,0,1,0
"27","107/02/07",255164,6852611,27,27.15,26.75,26.75,0.449999999999999,146,2018-02-07,27.5,27.1,"NO",1998,161871,262162,200798,28.3,28.75,28.4,1993,1990,1987,155000,179461,280146,28.45,28.8,28.95,1994,1991,1989,0,-0.23,0.149999999999999,0.0500000000000007,-0.116666666666667,-0.1,12.3875,28.05,0,1,1,1,0,0,1,0
"28","107/02/08",175001,4660626,27.1,27.1,26.45,26.8,0.0500000000000007,80,2018-02-08,27.15,26.7,"NO",1999,161871,262162,200798,28.3,28.75,28.4,1993,1990,1987,155000,179461,280146,28.45,28.8,28.95,1994,1991,1989,0,-0.2,0.149999999999999,0.0500000000000007,-0.116666666666667,-0.1,12.3875,27.95,0,1,1,1,0,0,1,0
"29","107/02/09",554147,14527738,25.6,26.7,25.55,26.5,-0.300000000000001,134,2018-02-09,27.1,26.85,"Low",2000,161871,262162,200798,28.3,28.75,28.4,1993,1990,1987,155000,179461,280146,28.45,28.8,28.95,1994,1991,1989,0,-0.228571428571429,0.149999999999999,0.0500000000000007,-0.116666666666667,-0.1,12.3875,27.85,0,1,1,1,0,0,1,0
"30","107/02/12",109151,2897673,26.5,26.85,26.4,26.4,-0.100000000000001,72,2018-02-12,26.7,27.1,"NO",2001,554147,161871,262162,26.7,28.3,28.75,2000,1993,1990,155000,179461,280146,28.45,28.8,28.95,1994,1991,1989,0,0.150000000000002,-0.291666666666667,-0.25,-0.116666666666667,-0.1,12.3875,27.75,0,0,1,0,1,1,1,0
"31","107/02/21",614380,16470472,26.85,27.1,26.6,26.9,0.5,137,2018-02-21,26.85,27.45,"NO",2002,554147,161871,262162,26.7,28.3,28.75,2000,1993,1990,155000,179461,280146,28.45,28.8,28.95,1994,1991,1989,0,0.200000000000001,-0.291666666666667,-0.25,-0.116666666666667,-0.1,12.3875,27.65,0,0,1,1,1,1,1,0
"32","107/02/22",291746,7931066,26.9,27.45,26.9,27.3,0.400000000000002,121,2018-02-22,27.1,29.4,"NO",2003,554147,161871,262162,26.7,28.3,28.75,2000,1993,1990,155000,179461,280146,28.45,28.8,28.95,1994,1991,1989,0,0.25,-0.291666666666667,-0.25,-0.116666666666667,-0.1,12.3875,27.55,0,0,1,0,1,1,1,0
"33","107/02/23",1944630,55862744,27.65,29.4,27.5,29.4,2.1,698,2018-02-23,27.45,32,"NO",2004,554147,161871,262162,26.7,28.3,28.75,2000,1993,1990,155000,179461,280146,28.45,28.8,28.95,1994,1991,1989,1,0.675,-0.291666666666667,-0.25,-0.116666666666667,-0.1,12.3875,27.45,1,0,1,1,1,1,0,0
"34","107/02/26",2828135,88147313,32,32,30.15,30.8,1.4,1378,2018-02-26,29.4,31.1,"High",2005,554147,161871,262162,26.7,28.3,28.75,2000,1993,1990,155000,179461,280146,28.45,28.8,28.95,1994,1991,1989,1,1.06,-0.291666666666667,-0.25,-0.116666666666667,-0.1,12.3875,27.35,1,0,1,1,1,1,0,0
"35","107/02/27",1235910,37289353,31.1,31.1,29.8,29.9,-0.900000000000002,590,2018-02-27,32,30.5,"NO",2006,554147,161871,262162,26.7,28.3,28.75,2000,1993,1990,2828135,155000,179461,32,28.45,28.8,2005,1994,1991,0,0.733333333333334,1.06,0.149999999999999,0.322727272727273,0.228571428571429,12.3875,32.2285714285714,0,1,1,1,0,1,1,0
"36","107/03/01",768100,23240200,30.3,30.5,29.8,30.4,0.5,359,2018-03-01,31.1,30.4,"NO",2007,554147,161871,262162,26.7,28.3,28.75,2000,1993,1990,2828135,155000,179461,32,28.45,28.8,2005,1994,1991,0,0.542857142857143,1.06,0.149999999999999,0.322727272727273,0.228571428571429,12.3875,32.4571428571429,0,1,1,1,0,1,1,0
"37","107/03/02",754001,22634830,30.05,30.4,29.55,30,-0.399999999999999,288,2018-03-02,30.5,30.6,"Low",2008,554147,161871,262162,26.7,28.3,28.75,2000,1993,1990,2828135,155000,179461,32,28.45,28.8,2005,1994,1991,0,0.4625,1.06,0.149999999999999,0.322727272727273,0.228571428571429,12.3875,32.6857142857143,0,1,1,1,0,1,1,0
"38","107/03/05",571817,17025523,30.6,30.6,29.3,29.3,-0.699999999999999,287,2018-03-05,30.4,29.5,"High",2009,754001,554147,161871,30.4,26.7,28.3,2008,2000,1993,2828135,155000,179461,32,28.45,28.8,2005,1994,1991,0,0.200000000000003,-0.533333333333334,-0.291666666666667,0.322727272727273,0.228571428571429,12.3875,32.9142857142857,0,0,1,0,1,1,1,0
"39","107/03/06",572410,16686190,29.1,29.5,28.9,29,-0.300000000000001,282,2018-03-06,30.6,29.15,"NO",2010,754001,554147,161871,30.4,26.7,28.3,2008,2000,1993,571817,2828135,155000,30.6,32,28.45,2009,2005,1994,0,-0.449999999999999,0.200000000000003,1.06,-0.35,0.143333333333333,12.3875,30.7433333333333,0,0,1,0,0,0,1,0
"40","107/03/07",188002,5434056,29.15,29.15,28.7,28.7,-0.300000000000001,115,2018-03-07,29.5,29.2,"Low",2011,754001,554147,161871,30.4,26.7,28.3,2008,2000,1993,571817,2828135,155000,30.6,32,28.45,2009,2005,1994,0,-0.416666666666667,0.200000000000003,1.06,-0.35,0.143333333333333,12.3875,30.8866666666667,0,0,1,0,0,0,1,0
"41","107/03/08",196574,5684937,29,29.2,28.7,29.05,0.350000000000001,105,2018-03-08,29.15,29.25,"NO",2012,188002,754001,554147,29.15,30.4,26.7,2011,2008,2000,571817,2828135,155000,30.6,32,28.45,2009,2005,1994,0,0.0500000000000007,-0.725000000000001,-0.533333333333334,-0.35,0.143333333333333,12.3875,31.03,0,0,1,1,1,1,1,0
"42","107/03/09",604200,17588719,29.25,29.25,28.85,28.85,-0.199999999999999,151,2018-03-09,29.2,29.3,"NO",2013,188002,754001,554147,29.15,30.4,26.7,2011,2008,2000,571817,2828135,155000,30.6,32,28.45,2009,2005,1994,0,0.0500000000000007,-0.725000000000001,-0.533333333333334,-0.35,0.143333333333333,12.3875,31.1733333333333,0,0,1,1,1,1,1,0
"43","107/03/12",602000,17560550,29.15,29.3,29,29.1,0.25,211,2018-03-12,29.25,28.85,"High",2014,188002,754001,554147,29.15,30.4,26.7,2011,2008,2000,571817,2828135,155000,30.6,32,28.45,2009,2005,1994,0,0.0500000000000007,-0.725000000000001,-0.533333333333334,-0.35,0.143333333333333,12.3875,31.3166666666667,0,0,1,1,1,1,1,0
"44","107/03/13",1125100,31801040,28.85,28.85,28,28.4,-0.700000000000003,583,2018-03-13,29.3,28.5,"NO",2015,188002,754001,554147,29.15,30.4,26.7,2011,2008,2000,602000,571817,2828135,29.3,30.6,32,2014,2009,2005,0,-0.0749999999999993,0.0500000000000007,0.200000000000003,-0.26,-0.3,12.3875,29,0,0,1,1,0,0,1,0
"45","107/03/14",612574,17315558,28.4,28.5,28.1,28.35,-0.0499999999999972,215,2018-03-14,28.85,28.4,"NO",2016,188002,754001,554147,29.15,30.4,26.7,2011,2008,2000,602000,571817,2828135,29.3,30.6,32,2014,2009,2005,0,-0.13,0.0500000000000007,0.200000000000003,-0.26,-0.3,12.3875,28.7,0,0,1,1,0,0,1,0
"46","107/03/15",544374,15385621,28.3,28.4,28.2,28.25,-0.100000000000001,176,2018-03-15,28.5,28.35,"NO",2017,188002,754001,554147,29.15,30.4,26.7,2011,2008,2000,602000,571817,2828135,29.3,30.6,32,2014,2009,2005,0,-0.125,0.0500000000000007,0.200000000000003,-0.26,-0.3,12.3875,28.4,0,0,1,1,0,0,1,0
"47","107/03/16",598000,16798950,28.35,28.35,27.9,28.1,-0.149999999999999,211,2018-03-16,28.4,28.2,"NO",2018,188002,754001,554147,29.15,30.4,26.7,2011,2008,2000,602000,571817,2828135,29.3,30.6,32,2014,2009,2005,0,-0.114285714285714,0.0500000000000007,0.200000000000003,-0.26,-0.3,12.3875,28.1,0,0,1,1,0,0,1,0
"48","107/03/19",594115,16630070,28.1,28.2,27.85,27.9,-0.200000000000003,216,2018-03-19,28.35,27.85,"NO",2019,188002,754001,554147,29.15,30.4,26.7,2011,2008,2000,602000,571817,2828135,29.3,30.6,32,2014,2009,2005,0,-0.11875,0.0500000000000007,0.200000000000003,-0.26,-0.3,12.3875,27.8,0,0,1,1,0,0,1,0
"49","107/03/20",265500,7341750,27.85,27.85,27.5,27.7,-0.199999999999999,110,2018-03-20,28.2,27.8,"NO",2020,188002,754001,554147,29.15,30.4,26.7,2011,2008,2000,602000,571817,2828135,29.3,30.6,32,2014,2009,2005,0,-0.144444444444444,0.0500000000000007,0.200000000000003,-0.26,-0.3,12.3875,27.5,0,0,1,1,0,0,1,0
"50","107/03/21",264350,7299454,27.8,27.8,27.4,27.45,-0.25,146,2018-03-21,27.85,27.35,"NO",2021,188002,754001,554147,29.15,30.4,26.7,2011,2008,2000,602000,571817,2828135,29.3,30.6,32,2014,2009,2005,0,-0.135,0.0500000000000007,0.200000000000003,-0.26,-0.3,12.3875,27.2,0,0,1,1,0,0,1,0
"51","107/03/22",245001,6672627,27.35,27.35,27.1,27.2,-0.25,149,2018-03-22,27.8,27,"NO",2022,188002,754001,554147,29.15,30.4,26.7,2011,2008,2000,602000,571817,2828135,29.3,30.6,32,2014,2009,2005,0,-0.163636363636363,0.0500000000000007,0.200000000000003,-0.26,-0.3,12.3875,26.9,0,0,1,1,0,0,1,0
"52","107/03/23",489000,13083150,27,27,26.6,26.75,-0.449999999999999,193,2018-03-23,27.35,26.75,"NO",2023,188002,754001,554147,29.15,30.4,26.7,2011,2008,2000,602000,571817,2828135,29.3,30.6,32,2014,2009,2005,0,-0.179166666666667,0.0500000000000007,0.200000000000003,-0.26,-0.3,12.3875,26.6,0,0,1,1,0,0,1,0
"53","107/03/26",265151,7048211,26.6,26.75,26.45,26.7,-0.0500000000000007,111,2018-03-26,27,27.1,"Low",2024,188002,754001,554147,29.15,30.4,26.7,2011,2008,2000,602000,571817,2828135,29.3,30.6,32,2014,2009,2005,0,-0.184615384615385,0.0500000000000007,0.200000000000003,-0.26,-0.3,12.3875,26.3,0,0,1,1,0,0,1,0
"54","107/03/27",163341,4393621,26.9,27.1,26.75,26.85,0.150000000000002,97,2018-03-27,26.75,26.9,"High",2025,265151,188002,754001,26.75,29.15,30.4,2024,2011,2008,602000,571817,2828135,29.3,30.6,32,2014,2009,2005,0,0.350000000000001,-0.255,-0.725000000000001,-0.26,-0.3,12.3875,26,1,1,1,0,1,1,1,1
"55","107/03/28",111000,2966200,26.7,26.9,26.6,26.9,0.0499999999999972,49,2018-03-28,27.1,27.1,"Low",2026,265151,188002,754001,26.75,29.15,30.4,2024,2011,2008,163341,602000,571817,27.1,29.3,30.6,2025,2014,2009,0,0.0749999999999993,0.350000000000001,0.0500000000000007,-0.2,-0.21875,12.3875,26.88125,0,1,1,0,0,1,1,0
"56","107/03/29",130000,3485250,27.1,27.1,26.6,26.9,0,90,2018-03-29,26.9,27.1,"High",2027,111000,265151,188002,26.9,26.75,29.15,2026,2024,2011,163341,602000,571817,27.1,29.3,30.6,2025,2014,2009,0,0.200000000000003,-0.200000000000003,-0.255,-0.2,-0.21875,12.3875,26.6625,0,1,1,1,1,1,0,0
"57","107/03/30",106100,2851560,27,27.1,26.7,26.7,-0.199999999999999,76,2018-03-30,27.1,27.1,"NO",2028,111000,265151,188002,26.9,26.75,29.15,2026,2024,2011,130000,163341,602000,27.1,27.1,29.3,2027,2025,2014,0,0.100000000000001,0.200000000000003,0.350000000000001,0,-0.169230769230769,12.3875,26.9307692307692,0,0,1,0,0,0,0,0
"58","107/03/31",152000,4096200,27.1,27.1,26.75,27,0.300000000000001,72,2018-03-31,27.1,27.1,"NO",2029,111000,265151,188002,26.9,26.75,29.15,2026,2024,2011,130000,163341,602000,27.1,27.1,29.3,2027,2025,2014,0,0.0666666666666676,0.200000000000003,0.350000000000001,0,-0.169230769230769,12.3875,26.7615384615385,0,0,1,1,0,0,0,0
"59","107/04/02",134001,3609426,27.1,27.1,26.85,26.95,-0.0500000000000007,61,2018-04-02,27.1,26.95,"NO",2030,111000,265151,188002,26.9,26.75,29.15,2026,2024,2011,130000,163341,602000,27.1,27.1,29.3,2027,2025,2014,0,0.0500000000000007,0.200000000000003,0.350000000000001,0,-0.169230769230769,12.3875,26.5923076923077,0,0,1,1,0,0,0,0
"60","107/04/03",134938,3620792,26.95,26.95,26.8,26.9,-0.0500000000000007,67,2018-04-03,27.1,27.05,"Low",2031,111000,265151,188002,26.9,26.75,29.15,2026,2024,2011,130000,163341,602000,27.1,27.1,29.3,2027,2025,2014,0,0.0100000000000001,0.200000000000003,0.350000000000001,0,-0.169230769230769,12.3875,26.4230769230769,0,0,1,1,0,0,1,0
"61","107/04/09",752405,20108250,26.9,27.05,26.2,26.45,-0.449999999999999,197,2018-04-09,26.95,29.05,"NO",2032,134938,111000,265151,26.95,26.9,26.75,2031,2026,2024,130000,163341,602000,27.1,27.1,29.3,2027,2025,2014,0,0.100000000000001,-0.0375000000000005,-0.200000000000003,0,-0.169230769230769,12.3875,26.2538461538462,1,1,1,1,1,1,1,1
"62","107/04/10",2660101,75345078,26.95,29.05,26.6,27.95,1.5,1073,2018-04-10,27.05,28.35,"High",2033,134938,111000,265151,26.95,26.9,26.75,2031,2026,2024,130000,163341,602000,27.1,27.1,29.3,2027,2025,2014,1,1.05,-0.0375000000000005,-0.200000000000003,0,-0.169230769230769,12.3875,26.0846153846154,1,1,1,1,1,1,0,0
"63","107/04/11",814878,22540556,28.2,28.35,27.2,27.6,-0.349999999999998,410,2018-04-11,29.05,27.9,"NO",2034,134938,111000,265151,26.95,26.9,26.75,2031,2026,2024,2660101,130000,163341,29.05,27.1,27.1,2033,2027,2025,0,0.466666666666667,1.05,0.200000000000003,0.325,0.24375,12.3875,29.29375,0,1,1,1,0,1,1,0
"64","107/04/12",602010,16672079,27.75,27.9,27.4,27.65,0.0499999999999972,168,2018-04-12,28.35,27.9,"NO",2035,134938,111000,265151,26.95,26.9,26.75,2031,2026,2024,2660101,130000,163341,29.05,27.1,27.1,2033,2027,2025,0,0.2375,1.05,0.200000000000003,0.325,0.24375,12.3875,29.5375,0,1,1,1,0,1,1,0
"65","107/04/13",436097,12025086,27.6,27.9,27.45,27.45,-0.199999999999999,141,2018-04-13,27.9,27.8,"NO",2036,134938,111000,265151,26.95,26.9,26.75,2031,2026,2024,2660101,130000,163341,29.05,27.1,27.1,2033,2027,2025,0,0.19,1.05,0.200000000000003,0.325,0.24375,12.3875,29.78125,0,1,1,1,0,0,1,0
"66","107/04/16",184001,4999577,27.8,27.8,27,27.1,-0.349999999999998,119,2018-04-16,27.9,27.3,"NO",2037,134938,111000,265151,26.95,26.9,26.75,2031,2026,2024,2660101,130000,163341,29.05,27.1,27.1,2033,2027,2025,0,0.141666666666667,1.05,0.200000000000003,0.325,0.24375,12.3875,30.025,0,1,1,1,0,0,1,0
"67","107/04/17",358497,9606170,27.2,27.3,26.6,26.6,-0.5,160,2018-04-17,27.8,27.1,"NO",2038,134938,111000,265151,26.95,26.9,26.75,2031,2026,2024,2660101,130000,163341,29.05,27.1,27.1,2033,2027,2025,0,0.0500000000000002,1.05,0.200000000000003,0.325,0.24375,12.3875,30.26875,0,1,1,1,0,0,1,0
"68","107/04/18",465000,12446100,26.65,27.1,26.4,26.55,-0.0500000000000007,132,2018-04-18,27.3,26.95,"NO",2039,134938,111000,265151,26.95,26.9,26.75,2031,2026,2024,2660101,130000,163341,29.05,27.1,27.1,2033,2027,2025,0,0.0187500000000003,1.05,0.200000000000003,0.325,0.24375,12.3875,30.5125,0,1,1,1,0,0,1,0
"69","107/04/19",414038,11057000,26.9,26.95,26.45,26.55,0,157,2018-04-19,27.1,27.3,"Low",2040,134938,111000,265151,26.95,26.9,26.75,2031,2026,2024,2660101,130000,163341,29.05,27.1,27.1,2033,2027,2025,0,0,1.05,0.200000000000003,0.325,0.24375,12.3875,30.75625,0,1,1,1,0,0,1,0
"70","107/04/20",721100,19347124,26.7,27.3,26.5,26.5,-0.0500000000000007,318,2018-04-20,26.95,26.8,"High",2041,414038,134938,111000,26.95,26.95,26.9,2040,2031,2026,2660101,130000,163341,29.05,27.1,27.1,2033,2027,2025,0,0.350000000000001,-0.3,-0.0375000000000005,0.325,0.24375,12.3875,31,1,0,1,1,1,1,1,0
"71","107/04/23",263000,6974050,26.55,26.8,26.3,26.5,0,114,2018-04-23,27.3,26.4,"NO",2042,414038,134938,111000,26.95,26.95,26.9,2040,2031,2026,721100,2660101,130000,27.3,29.05,27.1,2041,2033,2027,0,-0.0749999999999993,0.350000000000001,1.05,-0.21875,0.0142857142857142,12.3875,27.3142857142857,0,0,1,0,0,0,1,0
"72","107/04/24",416000,10740350,26.4,26.4,25.4,26,-0.5,223,2018-04-24,26.8,26.1,"NO",2043,414038,134938,111000,26.95,26.95,26.9,2040,2031,2026,721100,2660101,130000,27.3,29.05,27.1,2041,2033,2027,0,-0.183333333333334,0.350000000000001,1.05,-0.21875,0.0142857142857142,12.3875,27.3285714285714,0,0,1,1,0,0,1,0
"73","107/04/25",249000,6389700,25.5,26.1,25.5,25.85,-0.149999999999999,133,2018-04-25,26.4,25.85,"NO",2044,414038,134938,111000,26.95,26.95,26.9,2040,2031,2026,721100,2660101,130000,27.3,29.05,27.1,2041,2033,2027,0,-0.212499999999999,0.350000000000001,1.05,-0.21875,0.0142857142857142,12.3875,27.3428571428571,0,0,1,0,0,0,1,0
"74","107/04/26",194350,4925555,25.85,25.85,24.55,25.2,-0.650000000000002,121,2018-04-26,26.1,25.55,"NO",2045,414038,134938,111000,26.95,26.95,26.9,2040,2031,2026,721100,2660101,130000,27.3,29.05,27.1,2041,2033,2027,0,-0.22,0.350000000000001,1.05,-0.21875,0.0142857142857142,12.3875,27.3571428571429,0,0,1,0,0,0,1,0
"75","107/04/27",203838,5158624,25.3,25.55,25.2,25.3,0.100000000000001,116,2018-04-27,25.85,25.8,"Low",2046,414038,134938,111000,26.95,26.95,26.9,2040,2031,2026,721100,2660101,130000,27.3,29.05,27.1,2041,2033,2027,0,-0.233333333333333,0.350000000000001,1.05,-0.21875,0.0142857142857142,12.3875,27.3714285714286,0,0,1,0,0,0,1,0
"76","107/04/30",177130,4505754,25.3,25.8,25.05,25.8,0.5,93,2018-04-30,25.55,26.25,"NO",2047,203838,414038,134938,25.55,26.95,26.95,2046,2040,2031,721100,2660101,130000,27.3,29.05,27.1,2041,2033,2027,0,0.25,-0.35,-0.3,-0.21875,0.0142857142857142,12.3875,27.3857142857143,0,0,1,0,1,1,1,0
"77","107/05/02",97002,2518052,25.7,26.25,25.65,26.05,0.25,62,2018-05-02,25.8,26.15,"High",2048,203838,414038,134938,25.55,26.95,26.95,2046,2040,2031,721100,2660101,130000,27.3,29.05,27.1,2041,2033,2027,0,0.35,-0.35,-0.3,-0.21875,0.0142857142857142,12.3875,27.4,0,0,1,0,1,1,1,0
"78","107/05/03",101000,2600850,26.15,26.15,25.6,25.7,-0.350000000000001,69,2018-05-03,26.25,25.9,"NO",2049,203838,414038,134938,25.55,26.95,26.95,2046,2040,2031,97002,721100,2660101,26.25,27.3,29.05,2048,2041,2033,0,0.199999999999999,0.35,0.350000000000001,-0.15,-0.186666666666667,12.3875,26.0633333333333,0,0,1,0,0,0,1,0
"79","107/05/04",103150,2640332,25.9,25.9,25.4,25.5,-0.199999999999999,68,2018-05-04,26.15,25.9,"NO",2050,203838,414038,134938,25.55,26.95,26.95,2046,2040,2031,97002,721100,2660101,26.25,27.3,29.05,2048,2041,2033,0,0.0874999999999995,0.35,0.350000000000001,-0.15,-0.186666666666667,12.3875,25.8766666666667,0,0,1,0,0,0,1,0
"80","107/05/07",218080,5595435,25.9,25.9,25.4,25.45,-0.0500000000000007,88,2018-05-07,25.9,25.7,"NO",2051,203838,414038,134938,25.55,26.95,26.95,2046,2040,2031,97002,721100,2660101,26.25,27.3,29.05,2048,2041,2033,0,0.0699999999999996,0.35,0.350000000000001,-0.15,-0.186666666666667,12.3875,25.69,0,0,1,1,0,0,1,0
"81","107/05/08",312000,7983750,25.45,25.7,25.45,25.6,0.150000000000002,77,2018-05-08,25.9,25.35,"NO",2052,203838,414038,134938,25.55,26.95,26.95,2046,2040,2031,97002,721100,2660101,26.25,27.3,29.05,2048,2041,2033,0,0.0249999999999998,0.35,0.350000000000001,-0.15,-0.186666666666667,12.3875,25.5033333333333,0,0,1,1,0,0,1,0
"82","107/05/09",816538,20239138,25.35,25.35,24.5,24.8,-0.800000000000001,312,2018-05-09,25.7,24.7,"NO",2053,203838,414038,134938,25.55,26.95,26.95,2046,2040,2031,97002,721100,2660101,26.25,27.3,29.05,2048,2041,2033,0,-0.0285714285714285,0.35,0.350000000000001,-0.15,-0.186666666666667,12.3875,25.3166666666667,0,0,1,1,0,0,1,0
"83","107/05/10",534869,12962435,24.7,24.7,23.95,24.05,-0.75,268,2018-05-10,25.35,24.4,"NO",2054,203838,414038,134938,25.55,26.95,26.95,2046,2040,2031,97002,721100,2660101,26.25,27.3,29.05,2048,2041,2033,0,-0.10625,0.35,0.350000000000001,-0.15,-0.186666666666667,12.3875,25.13,0,0,1,1,0,0,1,0
"84","107/05/11",660608,15773005,23.95,24.4,23.45,24.4,0.349999999999998,268,2018-05-11,24.7,24.7,"Low",2055,203838,414038,134938,25.55,26.95,26.95,2046,2040,2031,97002,721100,2660101,26.25,27.3,29.05,2048,2041,2033,0,-0.127777777777778,0.35,0.350000000000001,-0.15,-0.186666666666667,12.3875,24.9433333333333,0,0,1,1,0,0,1,0
"85","107/05/14",210200,5143310,24.6,24.7,24.3,24.6,0.200000000000003,96,2018-05-14,24.4,24.8,"NO",2056,660608,203838,414038,24.4,25.55,26.95,2055,2046,2040,97002,721100,2660101,26.25,27.3,29.05,2048,2041,2033,0,0.300000000000001,-0.264285714285715,-0.35,-0.15,-0.186666666666667,12.3875,24.7566666666667,1,1,1,0,1,1,1,1
"86","107/05/15",60200,1476110,24.45,24.8,24.35,24.35,-0.25,47,2018-05-15,24.7,24.4,"High",2057,660608,203838,414038,24.4,25.55,26.95,2055,2046,2040,97002,721100,2660101,26.25,27.3,29.05,2048,2041,2033,0,0.200000000000001,-0.264285714285715,-0.35,-0.15,-0.186666666666667,12.3875,24.57,0,1,1,0,1,1,1,0
"87","107/05/16",197502,4777723,24.3,24.4,24,24.05,-0.300000000000001,91,2018-05-16,24.8,24.3,"NO",2058,660608,203838,414038,24.4,25.55,26.95,2055,2046,2040,60200,97002,721100,24.8,26.25,27.3,2057,2048,2041,0,0,0.200000000000001,0.35,-0.161111111111111,-0.15625,12.3875,24.64375,0,0,1,0,0,0,1,0
"88","107/05/17",564200,13382570,24.3,24.3,23.55,23.6,-0.449999999999999,148,2018-05-17,24.4,23.7,"NO",2059,660608,203838,414038,24.4,25.55,26.95,2055,2046,2040,60200,97002,721100,24.8,26.25,27.3,2057,2048,2041,0,-0.0249999999999995,0.200000000000001,0.35,-0.161111111111111,-0.15625,12.3875,24.4875,0,0,1,0,0,0,1,0
"89","107/05/18",304002,7180546,23.7,23.7,23.5,23.7,0.0999999999999979,83,2018-05-18,24.3,23.95,"Low",2060,660608,203838,414038,24.4,25.55,26.95,2055,2046,2040,60200,97002,721100,24.8,26.25,27.3,2057,2048,2041,0,-0.14,0.200000000000001,0.35,-0.161111111111111,-0.15625,12.3875,24.33125,0,0,1,0,0,0,1,0
"90","107/05/21",407252,9681232,23.75,23.95,23.5,23.5,-0.199999999999999,110,2018-05-21,23.7,23.6,"High",2061,304002,660608,203838,23.7,24.4,25.55,2060,2055,2046,60200,97002,721100,24.8,26.25,27.3,2057,2048,2041,0,0.25,-0.366666666666667,-0.264285714285715,-0.161111111111111,-0.15625,12.3875,24.175,0,0,1,1,1,1,1,0
"91","107/05/22",488393,11420126,23.6,23.6,23.2,23.3,-0.199999999999999,130,2018-05-22,23.95,23.75,"Low",2062,304002,660608,203838,23.7,24.4,25.55,2060,2055,2046,407252,60200,97002,23.95,24.8,26.25,2061,2057,2048,0,-0.0499999999999989,0.25,0.200000000000001,-0.2125,-0.176923076923077,12.3875,23.7730769230769,0,1,1,1,0,0,1,0
"92","107/05/23",651033,15301842,23.3,23.75,23.25,23.25,-0.0500000000000007,122,2018-05-23,23.6,23.6,"High",2063,488393,304002,660608,23.6,23.7,24.4,2062,2060,2055,407252,60200,97002,23.95,24.8,26.25,2061,2057,2048,0,0.149999999999999,-0.349999999999998,-0.366666666666667,-0.2125,-0.176923076923077,12.3875,23.5961538461538,0,1,1,1,1,1,1,0
"93","107/05/24",438100,10294820,23.3,23.6,23.25,23.3,0.0500000000000007,109,2018-05-24,23.75,23.5,"NO",2064,488393,304002,660608,23.6,23.7,24.4,2062,2060,2055,651033,407252,60200,23.75,23.95,24.8,2063,2061,2057,0,0,0.149999999999999,0.25,-0.0999999999999996,-0.175,12.3875,23.575,0,0,1,0,0,0,1,0
"94","107/05/25",117170,2734476,23.5,23.5,23.2,23.25,-0.0500000000000007,64,2018-05-25,23.6,23.4,"NO",2065,488393,304002,660608,23.6,23.7,24.4,2062,2060,2055,651033,407252,60200,23.75,23.95,24.8,2063,2061,2057,0,-0.0333333333333338,0.149999999999999,0.25,-0.0999999999999996,-0.175,12.3875,23.4,0,0,1,0,0,0,1,0
"95","107/05/28",725004,16909692,23.25,23.4,23.2,23.2,-0.0500000000000007,114,2018-05-28,23.5,23.35,"NO",2066,488393,304002,660608,23.6,23.7,24.4,2062,2060,2055,651033,407252,60200,23.75,23.95,24.8,2063,2061,2057,0,-0.0500000000000007,0.149999999999999,0.25,-0.0999999999999996,-0.175,12.3875,23.225,0,0,1,1,0,0,1,0
"96","107/05/29",302000,7007850,23.2,23.35,23.1,23.2,0,97,2018-05-29,23.4,23.35,"NO",2067,488393,304002,660608,23.6,23.7,24.4,2062,2060,2055,651033,407252,60200,23.75,23.95,24.8,2063,2061,2057,0,-0.05,0.149999999999999,0.25,-0.0999999999999996,-0.175,12.3875,23.05,0,0,1,0,0,0,1,0
"97","107/05/30",126051,2923773,23.2,23.35,23.1,23.15,-0.0500000000000007,54,2018-05-30,23.35,23.25,"NO",2068,488393,304002,660608,23.6,23.7,24.4,2062,2060,2055,651033,407252,60200,23.75,23.95,24.8,2063,2061,2057,0,-0.0416666666666667,0.149999999999999,0.25,-0.0999999999999996,-0.175,12.3875,22.875,0,0,1,0,0,0,1,0
"98","107/05/31",801360,18417030,23.25,23.25,22.8,22.85,-0.299999999999997,286,2018-05-31,23.35,23.35,"Low",2069,488393,304002,660608,23.6,23.7,24.4,2062,2060,2055,651033,407252,60200,23.75,23.95,24.8,2063,2061,2057,0,-0.0500000000000002,0.149999999999999,0.25,-0.0999999999999996,-0.175,12.3875,22.7,0,0,1,1,0,0,1,0
"99","107/06/01",238084,5511948,23.1,23.35,23,23.2,0.349999999999998,138,2018-06-01,23.25,24.2,"NO",2070,801360,488393,304002,23.25,23.6,23.7,2069,2062,2060,651033,407252,60200,23.75,23.95,24.8,2063,2061,2057,0,0.100000000000001,-0.0833333333333333,-0.349999999999998,-0.0999999999999996,-0.175,12.3875,22.525,1,1,1,0,1,1,1,1
"100","107/06/04",397000,9388050,23.35,24.2,23.25,24.1,0.900000000000002,196,2018-06-04,23.35,24.2,"High",2071,801360,488393,304002,23.25,23.6,23.7,2069,2062,2060,651033,407252,60200,23.75,23.95,24.8,2063,2061,2057,1,0.475,-0.0833333333333333,-0.349999999999998,-0.0999999999999996,-0.175,12.3875,22.35,1,1,1,0,1,1,0,0
"101","107/06/05",204314,4861375,24.15,24.2,23.6,23.65,-0.450000000000003,122,2018-06-05,24.2,23.9,"NO",2072,801360,488393,304002,23.25,23.6,23.7,2069,2062,2060,397000,651033,407252,24.2,23.75,23.95,2071,2063,2061,0,0.316666666666666,0.475,0.149999999999999,0.0562499999999999,0.025,12.3875,24.225,0,1,1,0,0,1,0,0
"102","107/06/06",95000,2253650,23.9,23.9,23.65,23.75,0.100000000000001,60,2018-06-06,24.2,23.9,"NO",2073,801360,488393,304002,23.25,23.6,23.7,2069,2062,2060,397000,651033,407252,24.2,23.75,23.95,2071,2063,2061,0,0.1625,0.475,0.149999999999999,0.0562499999999999,0.025,12.3875,24.25,0,1,1,0,0,1,1,0
"103","107/06/07",102100,2427605,23.85,23.9,23.7,23.7,-0.0500000000000007,64,2018-06-07,23.9,24.3,"Low",2074,801360,488393,304002,23.25,23.6,23.7,2069,2062,2060,397000,651033,407252,24.2,23.75,23.95,2071,2063,2061,0,0.13,0.475,0.149999999999999,0.0562499999999999,0.025,12.3875,24.275,0,1,1,0,0,0,1,0
"104","107/06/08",117207,2804195,23.55,24.3,23.55,23.8,0.100000000000001,79,2018-06-08,23.9,23.9,"High",2075,102100,801360,488393,23.9,23.25,23.6,2074,2069,2062,397000,651033,407252,24.2,23.75,23.95,2071,2063,2061,1,0.400000000000002,-0.1,-0.0833333333333333,0.0562499999999999,0.025,12.3875,24.3,1,0,1,1,1,1,0,0
"105","107/06/11",640107,14958171,23.9,23.9,23.1,23.25,-0.550000000000001,140,2018-06-11,24.3,23.8,"NO",2076,102100,801360,488393,23.9,23.25,23.6,2074,2069,2062,117207,397000,651033,24.3,24.2,23.75,2075,2071,2063,0,0,0.400000000000002,0.475,0.0250000000000004,0.0458333333333334,12.3875,24.3458333333333,0,0,1,1,0,0,1,0
"106","107/06/12",274549,6452936,23.5,23.8,23.3,23.4,0.149999999999999,97,2018-06-12,23.9,23.6,"NO",2077,102100,801360,488393,23.9,23.25,23.6,2074,2069,2062,117207,397000,651033,24.3,24.2,23.75,2075,2071,2063,0,-0.0333333333333326,0.400000000000002,0.475,0.0250000000000004,0.0458333333333334,12.3875,24.3916666666667,0,0,1,1,0,0,1,0
"107","107/06/13",55549,1305391,23.45,23.6,23.45,23.45,0.0500000000000007,44,2018-06-13,23.8,23.45,"NO",2078,102100,801360,488393,23.9,23.25,23.6,2074,2069,2062,117207,397000,651033,24.3,24.2,23.75,2075,2071,2063,0,-0.0749999999999993,0.400000000000002,0.475,0.0250000000000004,0.0458333333333334,12.3875,24.4375,0,0,1,0,0,0,1,0
"108","107/06/14",111000,2583100,23.2,23.45,23.2,23.2,-0.25,60,2018-06-14,23.6,23.3,"NO",2079,102100,801360,488393,23.9,23.25,23.6,2074,2069,2062,117207,397000,651033,24.3,24.2,23.75,2075,2071,2063,0,-0.0899999999999999,0.400000000000002,0.475,0.0250000000000004,0.0458333333333334,12.3875,24.4833333333333,0,0,1,1,0,0,1,0
"109","107/06/15",176000,4064300,23.2,23.3,22.9,23,-0.199999999999999,97,2018-06-15,23.45,23.05,"NO",2080,102100,801360,488393,23.9,23.25,23.6,2074,2069,2062,117207,397000,651033,24.3,24.2,23.75,2075,2071,2063,0,-0.0999999999999996,0.400000000000002,0.475,0.0250000000000004,0.0458333333333334,12.3875,24.5291666666667,0,0,1,1,0,0,1,0
"110","107/06/19",265300,6071484,22.9,23.05,22.7,22.75,-0.25,95,2018-06-19,23.3,22.8,"NO",2081,102100,801360,488393,23.9,23.25,23.6,2074,2069,2062,117207,397000,651033,24.3,24.2,23.75,2075,2071,2063,0,-0.121428571428571,0.400000000000002,0.475,0.0250000000000004,0.0458333333333334,12.3875,24.575,0,0,1,1,0,0,1,0
"111","107/06/20",405900,8983800,22.8,22.8,21.75,22.05,-0.699999999999999,249,2018-06-20,23.05,22.1,"NO",2082,102100,801360,488393,23.9,23.25,23.6,2074,2069,2062,117207,397000,651033,24.3,24.2,23.75,2075,2071,2063,0,-0.1375,0.400000000000002,0.475,0.0250000000000004,0.0458333333333334,12.3875,24.6208333333333,0,0,1,1,0,0,1,0
"112","107/06/21",232000,5086000,22.1,22.1,21.8,21.9,-0.150000000000002,83,2018-06-21,22.8,21.9,"NO",2083,102100,801360,488393,23.9,23.25,23.6,2074,2069,2062,117207,397000,651033,24.3,24.2,23.75,2075,2071,2063,0,-0.2,0.400000000000002,0.475,0.0250000000000004,0.0458333333333334,12.3875,24.6666666666667,0,0,1,1,0,0,1,0
"113","107/06/22",526151,11179836,21.9,21.9,21,21.1,-0.799999999999997,265,2018-06-22,22.1,21.3,"NO",2084,102100,801360,488393,23.9,23.25,23.6,2074,2069,2062,117207,397000,651033,24.3,24.2,23.75,2075,2071,2063,0,-0.2,0.400000000000002,0.475,0.0250000000000004,0.0458333333333334,12.3875,24.7125,0,0,1,1,0,0,1,0
"114","107/06/25",431861,8931112,21.2,21.3,20.4,20.45,-0.650000000000002,215,2018-06-25,21.9,20.4,"NO",2085,102100,801360,488393,23.9,23.25,23.6,2074,2069,2062,117207,397000,651033,24.3,24.2,23.75,2075,2071,2063,0,-0.236363636363636,0.400000000000002,0.475,0.0250000000000004,0.0458333333333334,12.3875,24.7583333333333,0,0,1,1,0,0,1,0
"115","107/06/26",575500,11534847,20.35,20.4,19.9,20.1,-0.349999999999998,251,2018-06-26,21.3,20.9,"Low",2086,102100,801360,488393,23.9,23.25,23.6,2074,2069,2062,117207,397000,651033,24.3,24.2,23.75,2075,2071,2063,0,-0.291666666666667,0.400000000000002,0.475,0.0250000000000004,0.0458333333333334,12.3875,24.8041666666667,0,0,1,1,0,0,1,0
"116","107/06/27",571160,11638530,20.3,20.9,20.1,20.15,0.0499999999999972,312,2018-06-27,20.4,19.45,"High",2087,575500,102100,801360,20.4,23.9,23.25,2086,2074,2069,117207,397000,651033,24.3,24.2,23.75,2075,2071,2063,0,0.5,-0.354545454545455,-0.1,0.0250000000000004,0.0458333333333334,12.3875,24.85,1,0,1,0,1,1,1,0
"117","107/06/28",353787,6797981,19.45,19.45,19.1,19.25,-0.899999999999999,169,2018-06-28,20.9,20.2,"Low",2088,575500,102100,801360,20.4,23.9,23.25,2086,2074,2069,571160,117207,397000,20.9,24.3,24.2,2087,2075,2071,0,-0.475,0.5,0.400000000000002,-0.283333333333333,-0.20625,12.3875,20.69375,0,1,1,0,0,0,1,0
"118","107/06/29",303500,6046925,19.25,20.2,19.25,20.15,0.899999999999999,196,2018-06-29,19.45,20.7,"NO",2089,353787,575500,102100,19.45,20.4,23.9,2088,2086,2074,571160,117207,397000,20.9,24.3,24.2,2087,2075,2071,0,0.75,-1.45,-0.354545454545455,-0.283333333333333,-0.20625,12.3875,20.4875,0,0,1,0,1,1,1,0
"119","107/07/02",1119000,23014950,20.15,20.7,20.15,20.55,0.400000000000002,175,2018-07-02,20.2,20.5,"High",2090,353787,575500,102100,19.45,20.4,23.9,2088,2086,2074,571160,117207,397000,20.9,24.3,24.2,2087,2075,2071,0,0.625,-1.45,-0.354545454545455,-0.283333333333333,-0.20625,12.3875,20.28125,0,0,1,1,1,1,1,0
"120","107/07/03",155150,3123630,20.4,20.5,20,20.2,-0.350000000000001,86,2018-07-03,20.7,20.2,"NO",2091,353787,575500,102100,19.45,20.4,23.9,2088,2086,2074,1119000,571160,117207,20.7,20.9,24.3,2090,2087,2075,0,0.35,0.625,0.5,-0.0666666666666664,-0.24,12.3875,20.46,0,1,1,0,0,0,1,0
"121","107/07/04",74000,1483450,20.2,20.2,19.85,19.85,-0.349999999999998,42,2018-07-04,20.5,19.85,"NO",2092,353787,575500,102100,19.45,20.4,23.9,2088,2086,2074,1119000,571160,117207,20.7,20.9,24.3,2090,2087,2075,0,0.1875,0.625,0.5,-0.0666666666666664,-0.24,12.3875,20.22,0,1,1,0,0,0,1,0
"122","107/07/05",93002,1821988,19.85,19.85,19.25,19.25,-0.600000000000001,59,2018-07-05,20.2,19.9,"Low",2093,353787,575500,102100,19.45,20.4,23.9,2088,2086,2074,1119000,571160,117207,20.7,20.9,24.3,2090,2087,2075,0,0.0800000000000004,0.625,0.5,-0.0666666666666664,-0.24,12.3875,19.98,0,1,1,0,0,0,1,0
"123","107/07/06",253100,4884080,19.4,19.9,19.15,19.25,0,103,2018-07-06,19.85,20.3,"NO",2094,93002,353787,575500,19.85,19.45,20.4,2093,2088,2086,1119000,571160,117207,20.7,20.9,24.3,2090,2087,2075,0,0.0499999999999972,-0.283333333333333,-1.45,-0.0666666666666664,-0.24,12.3875,19.74,0,1,1,1,1,1,1,0
"124","107/07/09",223164,4450946,19.55,20.3,19.25,20.1,0.850000000000001,146,2018-07-09,19.9,20.35,"NO",2095,93002,353787,575500,19.85,19.45,20.4,2093,2088,2086,1119000,571160,117207,20.7,20.9,24.3,2090,2087,2075,0,0.225,-0.283333333333333,-1.45,-0.0666666666666664,-0.24,12.3875,19.5,0,1,1,1,1,1,1,0
"125","107/07/10",117000,2366300,20.3,20.35,20,20,-0.100000000000001,62,2018-07-10,20.3,20.4,"NO",2096,93002,353787,575500,19.85,19.45,20.4,2093,2088,2086,1119000,571160,117207,20.7,20.9,24.3,2090,2087,2075,0,0.166666666666667,-0.283333333333333,-1.45,-0.0666666666666664,-0.24,12.3875,19.26,0,1,1,1,1,1,1,0
"126","107/07/11",605000,12175750,20,20.4,19.85,19.95,-0.0500000000000007,89,2018-07-11,20.35,20.45,"NO",2097,93002,353787,575500,19.85,19.45,20.4,2093,2088,2086,1119000,571160,117207,20.7,20.9,24.3,2090,2087,2075,0,0.137499999999999,-0.283333333333333,-1.45,-0.0666666666666664,-0.24,12.3875,19.02,0,1,1,1,1,1,1,0
"127","107/07/12",350000,7065300,20.45,20.45,19.9,20.1,0.150000000000002,64,2018-07-12,20.4,20.2,"High",2098,93002,353787,575500,19.85,19.45,20.4,2093,2088,2086,1119000,571160,117207,20.7,20.9,24.3,2090,2087,2075,0,0.12,-0.283333333333333,-1.45,-0.0666666666666664,-0.24,12.3875,18.78,0,1,1,1,1,1,1,0
"128","107/07/13",150572,3015654,20.15,20.2,19.9,20.05,-0.0500000000000007,69,2018-07-13,20.45,20.25,"Low",2099,93002,353787,575500,19.85,19.45,20.4,2093,2088,2086,350000,1119000,571160,20.45,20.7,20.9,2098,2090,2087,0,0.058333333333333,0.12,0.625,-0.03125,-0.0409090909090908,12.3875,20.4090909090909,0,0,1,1,0,0,1,0
"129","107/07/16",52001,1049620,20.1,20.25,20.1,20.2,0.149999999999999,44,2018-07-16,20.2,20.2,"High",2100,150572,93002,353787,20.2,19.85,19.45,2099,2093,2088,350000,1119000,571160,20.45,20.7,20.9,2098,2090,2087,0,0.0500000000000007,-0.25,-0.283333333333333,-0.03125,-0.0409090909090908,12.3875,20.3681818181818,0,1,1,0,1,1,1,0
"130","107/07/17",14022,281140,20.2,20.2,20,20,-0.199999999999999,16,2018-07-17,20.25,20.1,"NO",2101,150572,93002,353787,20.2,19.85,19.45,2099,2093,2088,52001,350000,1119000,20.25,20.45,20.7,2100,2098,2090,0,0,0.0500000000000007,0.12,-0.0999999999999996,-0.0449999999999999,12.3875,20.205,0,0,1,0,0,0,1,0
"131","107/07/18",86149,1715380,20,20.1,19.7,20,0,58,2018-07-18,20.2,20.2,"Low",2102,150572,93002,353787,20.2,19.85,19.45,2099,2093,2088,52001,350000,1119000,20.25,20.45,20.7,2100,2098,2090,0,-0.0333333333333326,0.0500000000000007,0.12,-0.0999999999999996,-0.0449999999999999,12.3875,20.16,0,0,1,0,0,0,1,0
"132","107/07/19",88178,1747310,20.2,20.2,19.6,19.85,-0.149999999999999,62,2018-07-19,20.1,19.95,"High",2103,86149,150572,93002,20.1,20.2,19.85,2102,2099,2093,52001,350000,1119000,20.25,20.45,20.7,2100,2098,2090,0,0.0999999999999979,-0.0749999999999993,-0.25,-0.0999999999999996,-0.0449999999999999,12.3875,20.115,1,1,1,1,1,1,1,1
"133","107/07/20",86000,1689700,19.55,19.95,19.45,19.8,-0.0500000000000007,42,2018-07-20,20.2,19.8,"NO",2104,86149,150572,93002,20.1,20.2,19.85,2102,2099,2093,88178,52001,350000,20.2,20.25,20.45,2103,2100,2098,0,-0.0750000000000011,0.0999999999999979,0.0500000000000007,-0.0166666666666669,-0.05,12.3875,20.15,0,1,1,0,0,0,1,0
"134","107/07/23",104574,2056199,19.8,19.8,19.5,19.55,-0.25,48,2018-07-23,19.95,19.7,"NO",2105,86149,150572,93002,20.1,20.2,19.85,2102,2099,2093,88178,52001,350000,20.2,20.25,20.45,2103,2100,2098,0,-0.1,0.0999999999999979,0.0500000000000007,-0.0166666666666669,-0.05,12.3875,20.1,0,1,1,1,0,0,1,0
"135","107/07/24",225101,4400939,19.35,19.7,19.35,19.6,0.0500000000000007,72,2018-07-24,19.8,19.8,"Low",2106,86149,150572,93002,20.1,20.2,19.85,2102,2099,2093,88178,52001,350000,20.2,20.25,20.45,2103,2100,2098,0,-0.100000000000001,0.0999999999999979,0.0500000000000007,-0.0166666666666669,-0.05,12.3875,20.05,0,1,1,1,0,0,1,0
"136","107/07/25",231005,4548148,19.6,19.8,19.6,19.8,0.199999999999999,78,2018-07-25,19.7,19.9,"NO",2107,225101,86149,150572,19.7,20.1,20.2,2106,2102,2099,88178,52001,350000,20.2,20.25,20.45,2103,2100,2098,0,0.100000000000001,-0.166666666666667,-0.0749999999999993,-0.0166666666666669,-0.05,12.3875,20,0,0,1,1,1,1,1,0
"137","107/07/26",43377,857900,19.8,19.9,19.7,19.7,-0.100000000000001,40,2018-07-26,19.8,19.9,"High",2108,225101,86149,150572,19.7,20.1,20.2,2106,2102,2099,88178,52001,350000,20.2,20.25,20.45,2103,2100,2098,0,0.0999999999999996,-0.166666666666667,-0.0749999999999993,-0.0166666666666669,-0.05,12.3875,19.95,0,0,1,0,1,1,1,0
"138","107/07/27",58809,1161771,19.9,19.9,19.7,19.8,0.100000000000001,37,2018-07-27,19.9,21.75,"Low",2109,225101,86149,150572,19.7,20.1,20.2,2106,2102,2099,43377,88178,52001,19.9,20.2,20.25,2108,2103,2100,0,0.0666666666666664,0.0999999999999996,0.0999999999999979,-0.0600000000000001,-0.0437500000000002,12.3875,19.85625,0,1,1,0,0,0,0,0
"139","107/07/30",2252374,47538576,19.95,21.75,19.95,21.75,1.95,1207,2018-07-30,19.9,21.9,"NO",2110,58809,225101,86149,19.9,19.7,20.1,2109,2106,2102,43377,88178,52001,19.9,20.2,20.25,2108,2103,2100,1,1.85,0,-0.166666666666667,-0.0600000000000001,-0.0437500000000002,12.3875,19.8125,1,1,1,1,1,1,0,0
"140","107/07/31",2422585,51230935,21.9,21.9,20.8,21,-0.75,887,2018-07-31,21.75,21.45,"High",2111,58809,225101,86149,19.9,19.7,20.1,2109,2106,2102,43377,88178,52001,19.9,20.2,20.25,2108,2103,2100,1,1,0,-0.166666666666667,-0.0600000000000001,-0.0437500000000002,12.3875,19.76875,1,1,1,1,1,1,0,0
"141","107/08/01",837761,17772341,21.05,21.45,21.05,21.1,0.100000000000001,311,2018-08-01,21.9,21.35,"NO",2112,58809,225101,86149,19.9,19.7,20.1,2109,2106,2102,2422585,43377,88178,21.9,19.9,20.2,2111,2108,2103,0,0.516666666666667,1,0.0999999999999996,0.666666666666667,0.2125,12.3875,22.1125,0,1,1,1,0,1,1,0
"142","107/08/02",260008,5432464,21.35,21.35,20.65,20.85,-0.25,154,2018-08-02,21.45,21.1,"NO",2113,58809,225101,86149,19.9,19.7,20.1,2109,2106,2102,2422585,43377,88178,21.9,19.9,20.2,2111,2108,2103,0,0.362500000000001,1,0.0999999999999996,0.666666666666667,0.2125,12.3875,22.325,0,1,1,1,0,1,1,0
"143","107/08/03",212100,4431900,21,21.1,20.7,21,0.149999999999999,120,2018-08-03,21.35,23.05,"Low",2114,58809,225101,86149,19.9,19.7,20.1,2109,2106,2102,2422585,43377,88178,21.9,19.9,20.2,2111,2108,2103,0,0.240000000000001,1,0.0999999999999996,0.666666666666667,0.2125,12.3875,22.5375,0,1,1,1,0,1,1,0
"144","107/08/06",2927070,65758784,21.8,23.05,21.8,22.7,1.7,1452,2018-08-06,21.1,22.7,"High",2115,212100,58809,225101,21.1,19.9,19.7,2114,2109,2106,2422585,43377,88178,21.9,19.9,20.2,2111,2108,2103,1,1.95,-0.266666666666666,0,0.666666666666667,0.2125,12.3875,22.75,1,0,1,1,1,1,0,0
"145","107/08/07",2415831,53095322,22.7,22.7,21.35,21.75,-0.949999999999999,1047,2018-08-07,23.05,21.95,"NO",2116,212100,58809,225101,21.1,19.9,19.7,2114,2109,2106,2927070,2422585,43377,23.05,21.9,19.9,2115,2111,2108,0,0.799999999999999,1.95,1,0.287500000000001,0.45,12.3875,23.5,0,1,1,1,0,0,1,0
"146","107/08/08",458430,9942650,21.9,21.95,21.5,21.55,-0.199999999999999,253,2018-08-08,22.7,21.55,"NO",2117,212100,58809,225101,21.1,19.9,19.7,2114,2109,2106,2927070,2422585,43377,23.05,21.9,19.9,2115,2111,2108,0,0.283333333333333,1.95,1,0.287500000000001,0.45,12.3875,23.95,0,1,1,1,0,0,1,0
"147","107/08/09",725791,15314638,21.55,21.55,20.9,20.95,-0.600000000000001,358,2018-08-09,21.95,21.25,"NO",2118,212100,58809,225101,21.1,19.9,19.7,2114,2109,2106,2927070,2422585,43377,23.05,21.9,19.9,2115,2111,2108,0,0.1125,1.95,1,0.287500000000001,0.45,12.3875,24.4,0,1,1,1,0,0,1,0
"148","107/08/10",523887,11039363,21.1,21.25,20.95,21,0.0500000000000007,239,2018-08-10,21.55,20.95,"NO",2119,212100,58809,225101,21.1,19.9,19.7,2114,2109,2106,2927070,2422585,43377,23.05,21.9,19.9,2115,2111,2108,0,0.0299999999999997,1.95,1,0.287500000000001,0.45,12.3875,24.85,0,1,1,1,0,0,1,0
"149","107/08/13",898650,18159700,20.95,20.95,19.75,19.85,-1.15,341,2018-08-13,21.25,20.15,"NO",2120,212100,58809,225101,21.1,19.9,19.7,2114,2109,2106,2927070,2422585,43377,23.05,21.9,19.9,2115,2111,2108,0,-0.0250000000000004,1.95,1,0.287500000000001,0.45,12.3875,25.3,0,1,1,1,0,0,1,0
"150","107/08/14",305900,6120114,20.05,20.15,19.9,20.15,0.299999999999997,197,2018-08-14,20.95,20.25,"Low",2121,212100,58809,225101,21.1,19.9,19.7,2114,2109,2106,2927070,2422585,43377,23.05,21.9,19.9,2115,2111,2108,0,-0.135714285714286,1.95,1,0.287500000000001,0.45,12.3875,25.75,0,1,1,1,0,0,1,0
"151","107/08/15",504900,10076454,20.15,20.25,19.85,19.95,-0.199999999999999,182,2018-08-15,20.15,20.15,"High",2122,305900,212100,58809,20.15,21.1,19.9,2121,2114,2109,2927070,2422585,43377,23.05,21.9,19.9,2115,2111,2108,0,0.100000000000001,-0.483333333333334,-0.266666666666666,0.287500000000001,0.45,12.3875,26.2,0,0,1,1,1,1,1,0
"152","107/08/16",438323,8732727,19.85,20.15,19.75,19.85,-0.0999999999999979,197,2018-08-16,20.25,20.25,"Low",2123,305900,212100,58809,20.15,21.1,19.9,2121,2114,2109,504900,2927070,2422585,20.25,23.05,21.9,2122,2115,2111,0,0,0.100000000000001,1.95,-0.4,-0.15,12.3875,20.1,0,0,1,1,0,0,1,0
"153","107/08/17",741203,14822579,20.1,20.25,19.85,19.85,0,292,2018-08-17,20.15,20.15,"High",2124,438323,305900,212100,20.15,20.15,21.1,2123,2121,2114,504900,2927070,2422585,20.25,23.05,21.9,2122,2115,2111,0,0.100000000000001,-0.100000000000001,-0.483333333333334,-0.4,-0.15,12.3875,19.95,0,1,1,1,1,1,0,0
"154","107/08/20",341050,6831292,20,20.15,19.85,20,0.149999999999999,167,2018-08-20,20.25,20.1,"NO",2125,438323,305900,212100,20.15,20.15,21.1,2123,2121,2114,741203,504900,2927070,20.25,20.25,23.05,2124,2122,2115,0,0,0.100000000000001,0.100000000000001,0,-0.311111111111111,12.3875,19.9388888888889,0,1,1,0,0,0,1,0
"155","107/08/21",160300,3208800,20,20.1,19.95,20,0,96,2018-08-21,20.15,21.2,"Low",2126,438323,305900,212100,20.15,20.15,21.1,2123,2121,2114,741203,504900,2927070,20.25,20.25,23.05,2124,2122,2115,0,-0.0166666666666657,0.100000000000001,0.100000000000001,0,-0.311111111111111,12.3875,19.6277777777778,0,1,1,0,0,0,1,0
"156","107/08/22",1671821,34690241,20,21.2,20,21.1,1.1,856,2018-08-22,20.1,22,"NO",2127,160300,438323,305900,20.1,20.15,20.15,2126,2123,2121,741203,504900,2927070,20.25,20.25,23.05,2124,2122,2115,1,1.1,-0.0749999999999993,-0.100000000000001,0,-0.311111111111111,12.3875,19.3166666666667,1,1,1,1,1,1,0,0
"157","107/08/23",2707349,58529208,21.1,22,20.85,21.7,0.599999999999998,1450,2018-08-23,21.2,21.7,"High",2128,160300,438323,305900,20.1,20.15,20.15,2126,2123,2121,741203,504900,2927070,20.25,20.25,23.05,2124,2122,2115,1,0.949999999999999,-0.0749999999999993,-0.100000000000001,0,-0.311111111111111,12.3875,19.0055555555556,1,1,1,1,1,1,0,0
"158","107/08/24",913001,19374821,21.7,21.7,21.05,21.05,-0.649999999999999,486,2018-08-24,22,21.35,"NO",2129,160300,438323,305900,20.1,20.15,20.15,2126,2123,2121,2707349,741203,504900,22,20.25,20.25,2128,2124,2122,0,0.533333333333333,0.949999999999999,0.100000000000001,0.4375,0.291666666666667,12.3875,22.2916666666667,0,1,1,1,0,1,1,0
"159","107/08/27",471873,9939451,21.3,21.35,20.9,21,-0.0500000000000007,249,2018-08-27,21.7,21.45,"Low",2130,160300,438323,305900,20.1,20.15,20.15,2126,2123,2121,2707349,741203,504900,22,20.25,20.25,2128,2124,2122,0,0.3125,0.949999999999999,0.100000000000001,0.4375,0.291666666666667,12.3875,22.5833333333333,0,1,1,1,0,1,1,0
"160","107/08/28",502238,10641707,21.2,21.45,21,21.25,0.25,298,2018-08-28,21.35,21.25,"High",2131,471873,160300,438323,21.35,20.1,20.15,2130,2126,2123,2707349,741203,504900,22,20.25,20.25,2128,2124,2122,0,0.0999999999999979,-0.324999999999999,-0.0749999999999993,0.4375,0.291666666666667,12.3875,22.875,0,0,1,1,1,1,1,0
"161","107/08/29",317746,6708003,21.25,21.25,21.05,21.05,-0.199999999999999,186,2018-08-29,21.45,21.25,"NO",2132,471873,160300,438323,21.35,20.1,20.15,2130,2126,2123,502238,2707349,741203,21.45,22,20.25,2131,2128,2124,0,-0.0500000000000007,0.0999999999999979,0.949999999999999,-0.183333333333334,0.171428571428571,12.3875,21.6214285714286,0,0,1,0,0,0,1,0
"162","107/08/30",347556,7285086,21.15,21.25,20.8,20.85,-0.199999999999999,187,2018-08-30,21.25,21,"NO",2133,471873,160300,438323,21.35,20.1,20.15,2130,2126,2123,502238,2707349,741203,21.45,22,20.25,2131,2128,2124,0,-0.0333333333333338,0.0999999999999979,0.949999999999999,-0.183333333333334,0.171428571428571,12.3875,21.7928571428571,0,0,1,0,0,0,1,0
"163","107/08/31",206162,4295452,20.75,21,20.7,20.85,0,123,2018-08-31,21.25,20.85,"NO",2134,471873,160300,438323,21.35,20.1,20.15,2130,2126,2123,502238,2707349,741203,21.45,22,20.25,2131,2128,2124,0,-0.0875000000000004,0.0999999999999979,0.949999999999999,-0.183333333333334,0.171428571428571,12.3875,21.9642857142857,0,0,1,0,0,0,1,0
"164","107/09/03",196361,4068871,20.85,20.85,20.6,20.7,-0.15,132,2018-09-03,21,20.9,"Low",2135,471873,160300,438323,21.35,20.1,20.15,2130,2126,2123,502238,2707349,741203,21.45,22,20.25,2131,2128,2124,0,-0.1,0.0999999999999979,0.949999999999999,-0.183333333333334,0.171428571428571,12.3875,22.1357142857143,0,0,1,0,0,0,1,0
"165","107/09/04",326074,6696567,20.85,20.9,20.4,20.5,-0.199999999999999,166,2018-09-04,20.85,20.5,"High",2136,196361,471873,160300,20.85,21.35,20.1,2135,2130,2126,502238,2707349,741203,21.45,22,20.25,2131,2128,2124,0,0.0499999999999972,-0.149999999999999,-0.324999999999999,-0.183333333333334,0.171428571428571,12.3875,22.3071428571429,0,1,1,1,1,1,1,0
"166","107/09/05",154100,3154290,20.5,20.5,20.4,20.4,-0.100000000000001,83,2018-09-05,20.9,20.4,"NO",2137,196361,471873,160300,20.85,21.35,20.1,2135,2130,2126,326074,502238,2707349,20.9,21.45,22,2136,2131,2128,0,-0.175000000000001,0.0499999999999972,0.0999999999999979,-0.11,-0.1375,12.3875,20.7625,0,0,1,0,0,0,1,0
"167","107/09/06",497000,10011500,20.4,20.4,20,20,-0.399999999999999,262,2018-09-06,20.5,20.4,"NO",2138,196361,471873,160300,20.85,21.35,20.1,2135,2130,2126,326074,502238,2707349,20.9,21.45,22,2136,2131,2128,0,-0.150000000000001,0.0499999999999972,0.0999999999999979,-0.11,-0.1375,12.3875,20.625,0,0,1,1,0,0,1,0
"168","107/09/07",1197000,24140000,20.1,20.4,19.7,19.7,-0.300000000000001,454,2018-09-07,20.4,19.8,"NO",2139,196361,471873,160300,20.85,21.35,20.1,2135,2130,2126,326074,502238,2707349,20.9,21.45,22,2136,2131,2128,0,-0.112500000000001,0.0499999999999972,0.0999999999999979,-0.11,-0.1375,12.3875,20.4875,0,0,1,1,0,0,1,0
"169","107/09/10",407294,7883653,19.75,19.8,19.2,19.4,-0.300000000000001,213,2018-09-10,20.4,19.7,"NO",2140,196361,471873,160300,20.85,21.35,20.1,2135,2130,2126,326074,502238,2707349,20.9,21.45,22,2136,2131,2128,0,-0.21,0.0499999999999972,0.0999999999999979,-0.11,-0.1375,12.3875,20.35,0,0,1,1,0,0,1,0
"170","107/09/11",312095,6071461,19.6,19.7,19.25,19.4,0,158,2018-09-11,19.8,19.55,"NO",2141,196361,471873,160300,20.85,21.35,20.1,2135,2130,2126,326074,502238,2707349,20.9,21.45,22,2136,2131,2128,0,-0.191666666666667,0.0499999999999972,0.0999999999999979,-0.11,-0.1375,12.3875,20.2125,0,0,1,1,0,0,1,0
"171","107/09/12",223000,4327650,19.5,19.55,19.3,19.3,-0.0999999999999979,155,2018-09-12,19.7,19.55,"NO",2142,196361,471873,160300,20.85,21.35,20.1,2135,2130,2126,326074,502238,2707349,20.9,21.45,22,2136,2131,2128,0,-0.185714285714286,0.0499999999999972,0.0999999999999979,-0.11,-0.1375,12.3875,20.075,0,0,1,1,0,0,1,0
"172","107/09/13",157083,3043510,19.3,19.55,19.3,19.35,0.0500000000000007,104,2018-09-13,19.55,20.3,"Low",2143,196361,471873,160300,20.85,21.35,20.1,2135,2130,2126,326074,502238,2707349,20.9,21.45,22,2136,2131,2128,0,-0.1625,0.0499999999999972,0.0999999999999979,-0.11,-0.1375,12.3875,19.9375,0,0,1,0,0,0,1,0
"173","107/09/14",622019,12410581,19.45,20.3,19.45,20.05,0.699999999999999,332,2018-09-14,19.55,20.2,"High",2144,157083,196361,471873,19.55,20.85,21.35,2143,2135,2130,326074,502238,2707349,20.9,21.45,22,2136,2131,2128,0,0.75,-0.192857142857143,-0.149999999999999,-0.11,-0.1375,12.3875,19.8,1,0,1,1,1,1,1,0
"174","107/09/17",478100,9588480,20.05,20.2,19.9,20.1,0.0500000000000007,240,2018-09-17,20.3,20.15,"NO",2145,157083,196361,471873,19.55,20.85,21.35,2143,2135,2130,622019,326074,502238,20.3,20.9,21.45,2144,2136,2131,0,0.324999999999999,0.75,0.0499999999999972,-0.0749999999999997,-0.0884615384615384,12.3875,20.2115384615385,0,1,1,1,0,1,1,0
"175","107/09/18",292000,5809700,20,20.15,19.65,19.85,-0.25,137,2018-09-18,20.2,20.75,"Low",2146,157083,196361,471873,19.55,20.85,21.35,2143,2135,2130,622019,326074,502238,20.3,20.9,21.45,2144,2136,2131,0,0.199999999999999,0.75,0.0499999999999972,-0.0749999999999997,-0.0884615384615384,12.3875,20.1230769230769,0,1,1,1,0,1,1,0
"176","107/09/19",1365000,28001400,20.1,20.75,20.1,20.5,0.649999999999999,736,2018-09-19,20.15,20.5,"High",2147,292000,157083,196361,20.15,19.55,20.85,2146,2143,2135,622019,326074,502238,20.3,20.9,21.45,2144,2136,2131,1,0.600000000000001,-0.0750000000000011,-0.192857142857143,-0.0749999999999997,-0.0884615384615384,12.3875,20.0346153846154,1,1,1,1,1,1,0,0
"177","107/09/20",495787,9997928,20.5,20.5,19.95,20,-0.5,248,2018-09-20,20.75,20.2,"NO",2148,292000,157083,196361,20.15,19.55,20.85,2146,2143,2135,1365000,622019,326074,20.75,20.3,20.9,2147,2144,2136,0,0.175000000000001,0.600000000000001,0.75,0.15,-0.0136363636363635,12.3875,20.7363636363636,0,0,1,1,0,0,1,0
"178","107/09/21",189007,3786890,20.2,20.2,20,20,0,90,2018-09-21,20.5,20.25,"Low",2149,292000,157083,196361,20.15,19.55,20.85,2146,2143,2135,1365000,622019,326074,20.75,20.3,20.9,2147,2144,2136,0,0.0166666666666669,0.600000000000001,0.75,0.15,-0.0136363636363635,12.3875,20.7227272727273,0,0,1,0,0,0,1,0
"179","107/09/25",223171,4454402,20.1,20.25,19.85,19.85,-0.149999999999999,118,2018-09-25,20.2,20.25,"High",2150,189007,292000,157083,20.2,20.15,19.55,2149,2146,2143,1365000,622019,326074,20.75,20.3,20.9,2147,2144,2136,0,0.0500000000000007,-0.275,-0.0750000000000011,0.15,-0.0136363636363635,12.3875,20.7090909090909,0,0,1,1,1,1,1,0
"180","107/09/26",216015,4338301,19.85,20.25,19.85,19.95,0.0999999999999979,136,2018-09-26,20.25,20.35,"Low",2151,189007,292000,157083,20.2,20.15,19.55,2149,2146,2143,223171,1365000,622019,20.25,20.75,20.3,2150,2147,2144,0,0.0250000000000004,0.0500000000000007,0.600000000000001,-0.166666666666667,-0.00833333333333345,12.3875,20.2416666666667,0,0,1,1,0,0,0,0
"181","107/09/27",558000,11209200,19.95,20.35,19.9,19.9,-0.0500000000000007,273,2018-09-27,20.25,20,"High",2152,216015,189007,292000,20.25,20.2,20.15,2151,2149,2146,223171,1365000,622019,20.25,20.75,20.3,2150,2147,2144,1,0.100000000000001,0,-0.275,-0.166666666666667,-0.00833333333333345,12.3875,20.2333333333333,1,1,1,1,1,1,0,0
"182","107/09/28",173000,3434550,20,20,19.75,19.85,-0.0499999999999972,122,2018-09-28,20.35,19.95,"NO",2153,216015,189007,292000,20.25,20.2,20.15,2151,2149,2146,558000,223171,1365000,20.35,20.25,20.75,2152,2150,2147,0,-0.125,0.100000000000001,0.0500000000000007,0.0500000000000007,-0.0799999999999997,12.3875,20.27,0,1,1,0,0,0,1,0
"183","107/10/01",127000,2526950,19.9,19.95,19.85,19.9,0.0499999999999972,77,2018-10-01,20,19.95,"NO",2154,216015,189007,292000,20.25,20.2,20.15,2151,2149,2146,558000,223171,1365000,20.35,20.25,20.75,2152,2150,2147,0,-0.1,0.100000000000001,0.0500000000000007,0.0500000000000007,-0.0799999999999997,12.3875,20.19,0,1,1,0,0,0,1,0
"184","107/10/02",107000,2130350,19.9,19.95,19.85,19.9,0,78,2018-10-02,19.95,20,"Low",2155,216015,189007,292000,20.25,20.2,20.15,2151,2149,2146,558000,223171,1365000,20.35,20.25,20.75,2152,2150,2147,0,-0.0750000000000002,0.100000000000001,0.0500000000000007,0.0500000000000007,-0.0799999999999997,12.3875,20.11,0,1,1,0,0,0,1,0
"185","107/10/03",195000,3879500,20,20,19.8,19.8,-0.0999999999999979,108,2018-10-03,19.95,19.9,"High",2156,107000,216015,189007,19.95,20.25,20.2,2155,2151,2149,558000,223171,1365000,20.35,20.25,20.75,2152,2150,2147,0,0.0500000000000007,-0.133333333333334,0,0.0500000000000007,-0.0799999999999997,12.3875,20.03,0,0,1,1,1,1,1,0
"186","107/10/04",286220,5607861,19.7,19.9,19.5,19.5,-0.300000000000001,146,2018-10-04,20,19.5,"NO",2157,107000,216015,189007,19.95,20.25,20.2,2155,2151,2149,195000,558000,223171,20,20.35,20.25,2156,2152,2150,0,-0.0250000000000004,0.0500000000000007,0.100000000000001,-0.0875000000000004,-0.0416666666666667,12.3875,19.9583333333333,0,0,1,1,0,0,1,0
"187","107/10/05",676001,12786369,19.5,19.5,18.6,18.6,-0.899999999999999,360,2018-10-05,19.9,18.5,"NO",2158,107000,216015,189007,19.95,20.25,20.2,2155,2151,2149,195000,558000,223171,20,20.35,20.25,2156,2152,2150,0,-0.15,0.0500000000000007,0.100000000000001,-0.0875000000000004,-0.0416666666666667,12.3875,19.9166666666667,0,0,1,1,0,0,1,0
"188","107/10/08",621030,11231593,18.5,18.5,17.9,18,-0.600000000000001,290,2018-10-08,19.5,17.95,"NO",2159,107000,216015,189007,19.95,20.25,20.2,2155,2151,2149,195000,558000,223171,20,20.35,20.25,2156,2152,2150,0,-0.3625,0.0500000000000007,0.100000000000001,-0.0875000000000004,-0.0416666666666667,12.3875,19.875,0,0,1,1,0,0,1,0
"189","107/10/09",431012,7604012,17.95,17.95,17.55,17.6,-0.399999999999999,222,2018-10-09,18.5,16.6,"NO",2160,107000,216015,189007,19.95,20.25,20.2,2155,2151,2149,195000,558000,223171,20,20.35,20.25,2156,2152,2150,0,-0.4,0.0500000000000007,0.100000000000001,-0.0875000000000004,-0.0416666666666667,12.3875,19.8333333333333,0,0,1,1,0,0,1,0
"190","107/10/11",1114390,17770429,16.5,16.6,15.85,15.85,-1.75,462,2018-10-11,17.95,15.75,"NO",2161,107000,216015,189007,19.95,20.25,20.2,2155,2151,2149,195000,558000,223171,20,20.35,20.25,2156,2152,2150,0,-0.558333333333333,0.0500000000000007,0.100000000000001,-0.0875000000000004,-0.0416666666666667,12.3875,19.7916666666667,0,0,1,1,0,0,1,0
"191","107/10/12",534000,8273250,15.05,15.75,15.05,15.65,-0.199999999999999,306,2018-10-12,16.6,16,"Low",2162,107000,216015,189007,19.95,20.25,20.2,2155,2151,2149,195000,558000,223171,20,20.35,20.25,2156,2152,2150,0,-0.6,0.0500000000000007,0.100000000000001,-0.0875000000000004,-0.0416666666666667,12.3875,19.75,0,0,1,1,0,0,1,0
"192","107/10/15",339000,5392700,15.9,16,15.65,15.9,0.25,203,2018-10-15,15.75,16.1,"NO",2163,534000,107000,216015,15.75,19.95,20.25,2162,2155,2151,195000,558000,223171,20,20.35,20.25,2156,2152,2150,0,0.25,-0.708333333333333,-0.133333333333334,-0.0875000000000004,-0.0416666666666667,12.3875,19.7083333333333,0,0,1,0,1,1,1,0
"193","107/10/16",154000,2463750,15.8,16.1,15.8,15.9,0,88,2018-10-16,16,16.15,"NO",2164,534000,107000,216015,15.75,19.95,20.25,2162,2155,2151,195000,558000,223171,20,20.35,20.25,2156,2152,2150,0,0.175000000000001,-0.708333333333333,-0.133333333333334,-0.0875000000000004,-0.0416666666666667,12.3875,19.6666666666667,0,0,1,0,1,1,1,0
"194","107/10/17",207000,3295400,16,16.15,15.8,15.95,0.0499999999999989,130,2018-10-17,16.1,15.95,"High",2165,534000,107000,216015,15.75,19.95,20.25,2162,2155,2151,195000,558000,223171,20,20.35,20.25,2156,2152,2150,0,0.133333333333333,-0.708333333333333,-0.133333333333334,-0.0875000000000004,-0.0416666666666667,12.3875,19.625,0,0,1,0,1,1,1,0
"195","107/10/18",209000,3273550,15.95,15.95,15.55,15.6,-0.35,93,2018-10-18,16.15,15.45,"NO",2166,534000,107000,216015,15.75,19.95,20.25,2162,2155,2151,207000,195000,558000,16.15,20,20.35,2165,2156,2152,0,0.0499999999999998,0.133333333333333,0.0500000000000007,-0.427777777777778,-0.323076923076923,12.3875,15.8269230769231,0,1,1,0,0,0,1,0
"196","107/10/19",205000,3136150,15.45,15.45,15.2,15.35,-0.25,97,2018-10-19,15.95,15.65,"Low",2167,534000,107000,216015,15.75,19.95,20.25,2162,2155,2151,207000,195000,558000,16.15,20,20.35,2165,2156,2152,0,-0.0600000000000001,0.133333333333333,0.0500000000000007,-0.427777777777778,-0.323076923076923,12.3875,15.5038461538462,0,1,1,0,0,0,1,0
"197","107/10/22",95000,1471200,15.15,15.65,15.15,15.65,0.300000000000001,71,2018-10-22,15.45,15.55,"High",2168,205000,534000,107000,15.45,15.75,19.95,2167,2162,2155,207000,195000,558000,16.15,20,20.35,2165,2156,2152,0,0.200000000000001,-0.35,-0.708333333333333,-0.427777777777778,-0.323076923076923,12.3875,15.1807692307692,0,1,1,0,1,1,1,0
"198","107/10/23",50876,783900,15.55,15.55,15.25,15.3,-0.35,41,2018-10-23,15.65,15.25,"NO",2169,205000,534000,107000,15.45,15.75,19.95,2167,2162,2155,95000,207000,195000,15.65,16.15,20,2168,2165,2156,0,0.0500000000000007,0.200000000000001,0.133333333333333,-0.166666666666666,-0.3625,12.3875,15.2875,0,1,1,0,0,0,1,0
"199","107/10/24",232300,3506060,15.2,15.25,15,15.15,-0.15,137,2018-10-24,15.55,15,"NO",2170,205000,534000,107000,15.45,15.75,19.95,2167,2162,2155,95000,207000,195000,15.65,16.15,20,2168,2165,2156,0,-0.0666666666666664,0.200000000000001,0.133333333333333,-0.166666666666666,-0.3625,12.3875,14.925,0,1,1,1,0,0,1,0
"200","107/10/25",494000,7151050,15,15,14.25,14.25,-0.9,250,2018-10-25,15.25,14.5,"NO",2171,205000,534000,107000,15.45,15.75,19.95,2167,2162,2155,95000,207000,195000,15.65,16.15,20,2168,2165,2156,0,-0.1125,0.200000000000001,0.133333333333333,-0.166666666666666,-0.3625,12.3875,14.5625,0,1,1,1,0,0,1,0
"201","107/10/26",313000,4460700,14.35,14.5,14.1,14.15,-0.0999999999999996,156,2018-10-26,15,14.2,"NO",2172,205000,534000,107000,15.45,15.75,19.95,2167,2162,2155,95000,207000,195000,15.65,16.15,20,2168,2165,2156,0,-0.19,0.200000000000001,0.133333333333333,-0.166666666666666,-0.3625,12.3875,14.2,0,1,1,1,0,0,1,0
"202","107/10/29",179000,2520300,14.15,14.2,14,14,-0.15,96,2018-10-29,14.5,14.05,"NO",2173,205000,534000,107000,15.45,15.75,19.95,2167,2162,2155,95000,207000,195000,15.65,16.15,20,2168,2165,2156,0,-0.208333333333333,0.200000000000001,0.133333333333333,-0.166666666666666,-0.3625,12.3875,13.8375,0,1,1,0,0,0,1,0
"203","107/10/30",349787,4850459,14.05,14.05,13.8,13.9,-0.0999999999999996,207,2018-10-30,14.2,14.25,"Low",2174,205000,534000,107000,15.45,15.75,19.95,2167,2162,2155,95000,207000,195000,15.65,16.15,20,2168,2165,2156,0,-0.2,0.200000000000001,0.133333333333333,-0.166666666666666,-0.3625,12.3875,13.475,0,1,1,1,0,0,1,0
"204","107/10/31",217066,3069893,14,14.25,14,14.2,0.299999999999999,143,2018-10-31,14.05,14.65,"NO",2175,349787,205000,534000,14.05,15.45,15.75,2174,2167,2162,95000,207000,195000,15.65,16.15,20,2168,2165,2156,0,0.199999999999999,-0.266666666666667,-0.35,-0.166666666666666,-0.3625,12.3875,13.1125,0,1,1,0,1,1,1,0
"205","107/11/01",278050,4030077,14.3,14.65,14.3,14.65,0.450000000000001,194,2018-11-01,14.25,15.2,"NO",2176,349787,205000,534000,14.05,15.45,15.75,2174,2167,2162,95000,207000,195000,15.65,16.15,20,2168,2165,2156,0,0.3,-0.266666666666667,-0.35,-0.166666666666666,-0.3625,12.3875,12.75,1,1,1,0,1,1,1,1
"206","107/11/02",270000,4037250,14.7,15.2,14.7,15.1,0.449999999999999,165,2018-11-02,14.65,15,"High",2177,349787,205000,534000,14.05,15.45,15.75,2174,2167,2162,95000,207000,195000,15.65,16.15,20,2168,2165,2156,0,0.383333333333333,-0.266666666666667,-0.35,-0.166666666666666,-0.3625,12.3875,12.3875,1,1,1,0,1,1,1,1
"207","107/11/05",174000,2578550,15,15,14.75,14.8,-0.299999999999999,109,2018-11-05,15.2,14.8,"NO",2178,349787,205000,534000,14.05,15.45,15.75,2174,2167,2162,270000,95000,207000,15.2,15.65,16.15,2177,2168,2165,0,0.2375,0.383333333333333,0.200000000000001,-0.0500000000000001,-0.0791666666666666,12.3875,15.1208333333333,0,1,1,0,0,1,1,0
"208","107/11/06",265000,3864250,14.8,14.8,14.45,14.5,-0.300000000000001,149,2018-11-06,15,14.75,"NO",2179,349787,205000,534000,14.05,15.45,15.75,2174,2167,2162,270000,95000,207000,15.2,15.65,16.15,2177,2168,2165,0,0.15,0.383333333333333,0.200000000000001,-0.0500000000000001,-0.0791666666666666,12.3875,15.0416666666667,0,1,1,0,0,0,1,0
"209","107/11/07",146805,2150321,14.55,14.75,14.55,14.7,0.199999999999999,85,2018-11-07,14.8,14.9,"Low",2180,349787,205000,534000,14.05,15.45,15.75,2174,2167,2162,270000,95000,207000,15.2,15.65,16.15,2177,2168,2165,0,0.116666666666667,0.383333333333333,0.200000000000001,-0.0500000000000001,-0.0791666666666666,12.3875,14.9625,0,1,1,0,0,0,1,0
"210","107/11/08",130000,1924650,14.8,14.9,14.7,14.8,0.100000000000001,77,2018-11-08,14.75,15.2,"NO",2181,146805,349787,205000,14.75,14.05,15.45,2180,2174,2167,270000,95000,207000,15.2,15.65,16.15,2177,2168,2165,0,0.15,-0.15,-0.266666666666667,-0.0500000000000001,-0.0791666666666666,12.3875,14.8833333333333,1,1,1,0,1,1,1,1
"211","107/11/09",678000,10221850,15,15.2,14.95,15,0.199999999999999,297,2018-11-09,14.9,15.2,"High",2182,146805,349787,205000,14.75,14.05,15.45,2180,2174,2167,270000,95000,207000,15.2,15.65,16.15,2177,2168,2165,0,0.225,-0.15,-0.266666666666667,-0.0500000000000001,-0.0791666666666666,12.3875,14.8041666666667,1,1,1,1,1,1,0,0
"212","107/11/12",286300,4295729,15,15.2,14.8,15.1,0.0999999999999996,123,2018-11-12,15.2,14.9,"NO",2183,146805,349787,205000,14.75,14.05,15.45,2180,2174,2167,678000,270000,95000,15.2,15.2,15.65,2182,2177,2168,0,0.15,0.225,0.383333333333333,0,-0.0321428571428572,12.3875,15.1678571428571,0,0,1,1,0,0,0,0
"213","107/11/13",85000,1263050,14.8,14.9,14.8,14.9,-0.199999999999999,54,2018-11-13,15.2,14.95,"Low",2184,146805,349787,205000,14.75,14.05,15.45,2180,2174,2167,678000,270000,95000,15.2,15.2,15.65,2182,2177,2168,0,0.0375000000000001,0.225,0.383333333333333,0,-0.0321428571428572,12.3875,15.1357142857143,0,0,1,0,0,0,1,0
"214","107/11/14",287000,4265600,14.9,14.95,14.8,14.9,0,119,2018-11-14,14.9,15.1,"NO",2185,85000,146805,349787,14.9,14.75,14.05,2184,2180,2174,678000,270000,95000,15.2,15.2,15.65,2182,2177,2168,0,0.0499999999999989,-0.149999999999999,-0.15,0,-0.0321428571428572,12.3875,15.1035714285714,0,1,1,1,1,1,1,0
"215","107/11/15",117873,1770695,14.8,15.1,14.8,15,0.0999999999999996,72,2018-11-15,14.95,15,"High",2186,85000,146805,349787,14.9,14.75,14.05,2184,2180,2174,678000,270000,95000,15.2,15.2,15.65,2182,2177,2168,0,0.0999999999999996,-0.149999999999999,-0.15,0,-0.0321428571428572,12.3875,15.0714285714286,0,1,1,1,1,1,1,0
"216","107/11/16",71500,1070800,15,15,14.95,15,0,47,2018-11-16,15.1,15.25,"Low",2187,85000,146805,349787,14.9,14.75,14.05,2184,2180,2174,117873,678000,270000,15.1,15.2,15.2,2186,2182,2177,0,0.0333333333333332,0.0999999999999996,0.225,-0.0249999999999999,-0.0111111111111111,12.3875,15.0888888888889,0,0,1,0,0,0,1,0
"217","107/11/19",142298,2151414,15.15,15.25,14.9,15.15,0.15,91,2018-11-19,15,15.15,"High",2188,71500,85000,146805,15,14.9,14.75,2187,2184,2180,117873,678000,270000,15.1,15.2,15.2,2186,2182,2177,1,0.25,-0.0999999999999996,-0.149999999999999,-0.0249999999999999,-0.0111111111111111,12.3875,15.0777777777778,1,1,1,1,1,1,0,0
"218","107/11/20",63030,951254,15.05,15.15,15,15.15,0,41,2018-11-20,15.25,15.05,"NO",2189,71500,85000,146805,15,14.9,14.75,2187,2184,2180,142298,117873,678000,15.25,15.1,15.2,2188,2186,2182,0,0.0750000000000002,0.25,0.0999999999999996,0.0750000000000002,0.00833333333333345,12.3875,15.2583333333333,0,1,1,0,0,0,1,0
"219","107/11/21",46170,692300,14.9,15.05,14.9,15,-0.15,29,2018-11-21,15.15,15.1,"Low",2190,71500,85000,146805,15,14.9,14.75,2187,2184,2180,142298,117873,678000,15.25,15.1,15.2,2188,2186,2182,0,0.0166666666666669,0.25,0.0999999999999996,0.0750000000000002,0.00833333333333345,12.3875,15.2666666666667,0,1,1,0,0,0,1,0
"220","107/11/22",179000,2685600,15.1,15.1,14.9,15.05,0.0500000000000007,91,2018-11-22,15.05,15.2,"NO",2191,46170,71500,85000,15.05,15,14.9,2190,2187,2184,142298,117873,678000,15.25,15.1,15.2,2188,2186,2182,0,0.0499999999999989,-0.0999999999999996,-0.0999999999999996,0.0750000000000002,0.00833333333333345,12.3875,15.275,0,1,1,1,1,1,1,0
"221","107/11/23",258000,3859700,15.1,15.2,14.8,14.9,-0.15,132,2018-11-23,15.1,15.15,"High",2192,46170,71500,85000,15.05,15,14.9,2190,2187,2184,142298,117873,678000,15.25,15.1,15.2,2188,2186,2182,0,0.0749999999999993,-0.0999999999999996,-0.0999999999999996,0.0750000000000002,0.00833333333333345,12.3875,15.2833333333333,0,1,1,1,1,1,1,0
"222","107/11/26",140000,2104200,15,15.15,14.85,15.15,0.25,95,2018-11-26,15.2,15.2,"Low",2193,46170,71500,85000,15.05,15,14.9,2190,2187,2184,258000,142298,117873,15.2,15.25,15.1,2192,2188,2186,0,0.0333333333333332,0.0749999999999993,0.25,-0.0125000000000002,0.0166666666666666,12.3875,15.2166666666667,0,0,1,1,0,0,1,0
"223","107/11/27",107500,1625200,15.15,15.2,15.05,15.1,-0.0500000000000007,68,2018-11-27,15.15,15.2,"High",2194,140000,46170,71500,15.15,15.05,15,2193,2190,2187,258000,142298,117873,15.2,15.25,15.1,2192,2188,2186,0,0.0499999999999989,-0.0499999999999989,-0.0999999999999996,-0.0125000000000002,0.0166666666666666,12.3875,15.2333333333333,0,1,1,0,1,1,0,0
"224","107/11/28",370809,5538554,15.15,15.2,14.8,15,-0.0999999999999996,154,2018-11-28,15.2,15.15,"NO",2195,140000,46170,71500,15.15,15.05,15,2193,2190,2187,107500,258000,142298,15.2,15.2,15.25,2194,2192,2188,0,0.0249999999999995,0.0499999999999989,0.0749999999999993,0,-0.00833333333333345,12.3875,15.1916666666667,0,0,1,1,0,0,0,0
"225","107/11/29",317333,4796295,15.1,15.15,15.05,15.1,0.0999999999999996,145,2018-11-29,15.2,15.45,"Low",2196,140000,46170,71500,15.15,15.05,15,2193,2190,2187,107500,258000,142298,15.2,15.2,15.25,2194,2192,2188,0,0,0.0499999999999989,0.0749999999999993,0,-0.00833333333333345,12.3875,15.1833333333333,0,0,1,1,0,0,1,0
"226","107/11/30",388101,5936910,15.1,15.45,15.1,15.45,0.35,200,2018-11-30,15.15,16.05,"NO",2197,317333,140000,46170,15.15,15.15,15.05,2196,2193,2190,107500,258000,142298,15.2,15.2,15.25,2194,2192,2188,1,0.299999999999999,-0.0249999999999995,-0.0499999999999989,0,-0.00833333333333345,12.3875,15.175,1,1,1,1,1,1,0,0
"227","107/12/03",547026,8721618,16,16.05,15.8,15.8,0.35,325,2018-12-03,15.45,15.9,"High",2198,317333,140000,46170,15.15,15.15,15.05,2196,2193,2190,107500,258000,142298,15.2,15.2,15.25,2194,2192,2188,1,0.45,-0.0249999999999995,-0.0499999999999989,0,-0.00833333333333345,12.3875,15.1666666666667,1,1,1,1,1,1,0,0
"228","107/12/04",298000,4699250,15.9,15.9,15.6,15.7,-0.100000000000001,178,2018-12-04,16.05,15.65,"NO",2199,317333,140000,46170,15.15,15.15,15.05,2196,2193,2190,547026,107500,258000,16.05,15.2,15.2,2198,2194,2192,0,0.25,0.45,0.0499999999999989,0.2125,0.141666666666667,12.3875,16.1916666666667,0,1,1,0,0,1,1,0
"229","107/12/05",118000,1831450,15.5,15.65,15.5,15.5,-0.199999999999999,78,2018-12-05,15.9,15.55,"NO",2200,317333,140000,46170,15.15,15.15,15.05,2196,2193,2190,547026,107500,258000,16.05,15.2,15.2,2198,2194,2192,0,0.125,0.45,0.0499999999999989,0.2125,0.141666666666667,12.3875,16.3333333333333,0,1,1,0,0,1,1,0
"230","107/12/06",268400,4083910,15.55,15.55,15,15.15,-0.35,168,2018-12-06,15.65,15.25,"NO",2201,317333,140000,46170,15.15,15.15,15.05,2196,2193,2190,547026,107500,258000,16.05,15.2,15.2,2198,2194,2192,0,0.0800000000000001,0.45,0.0499999999999989,0.2125,0.141666666666667,12.3875,16.475,0,1,1,0,0,1,1,0
"231","107/12/07",97000,1471300,15.1,15.25,15.1,15.15,0,53,2018-12-07,15.55,15.15,"NO",2202,317333,140000,46170,15.15,15.15,15.05,2196,2193,2190,547026,107500,258000,16.05,15.2,15.2,2198,2194,2192,0,0.0166666666666666,0.45,0.0499999999999989,0.2125,0.141666666666667,12.3875,16.6166666666667,0,1,1,0,0,0,1,0
"232","107/12/10",185000,2747750,15.15,15.15,14.7,14.8,-0.35,115,2018-12-10,15.25,15,"NO",2203,317333,140000,46170,15.15,15.15,15.05,2196,2193,2190,547026,107500,258000,16.05,15.2,15.2,2198,2194,2192,0,0,0.45,0.0499999999999989,0.2125,0.141666666666667,12.3875,16.7583333333333,0,1,1,0,0,0,1,0
"233","107/12/11",76012,1133477,14.9,15,14.8,14.9,0.0999999999999996,61,2018-12-11,15.15,15,"NO",2204,317333,140000,46170,15.15,15.15,15.05,2196,2193,2190,547026,107500,258000,16.05,15.2,15.2,2198,2194,2192,0,-0.01875,0.45,0.0499999999999989,0.2125,0.141666666666667,12.3875,16.9,0,1,1,0,0,0,1,0
"234","107/12/12",43003,641095,14.9,15,14.85,14.9,0,32,2018-12-12,15,15,"NO",2205,317333,140000,46170,15.15,15.15,15.05,2196,2193,2190,547026,107500,258000,16.05,15.2,15.2,2198,2194,2192,0,-0.0166666666666667,0.45,0.0499999999999989,0.2125,0.141666666666667,12.3875,17.0416666666667,0,1,1,0,0,0,1,0
"235","107/12/13",128000,1900950,14.8,15,14.8,14.95,0.0499999999999989,82,2018-12-13,15,14.95,"NO",2206,317333,140000,46170,15.15,15.15,15.05,2196,2193,2190,547026,107500,258000,16.05,15.2,15.2,2198,2194,2192,0,-0.015,0.45,0.0499999999999989,0.2125,0.141666666666667,12.3875,17.1833333333333,0,1,1,0,0,0,1,0
"236","107/12/14",94000,1395400,14.85,14.95,14.8,14.8,-0.149999999999999,42,2018-12-14,15,14.85,"NO",2207,317333,140000,46170,15.15,15.15,15.05,2196,2193,2190,547026,107500,258000,16.05,15.2,15.2,2198,2194,2192,0,-0.0181818181818183,0.45,0.0499999999999989,0.2125,0.141666666666667,12.3875,17.325,0,1,1,0,0,0,1,0
"237","107/12/17",68000,1006900,14.8,14.85,14.8,14.8,0,38,2018-12-17,14.95,14.75,"NO",2208,317333,140000,46170,15.15,15.15,15.05,2196,2193,2190,547026,107500,258000,16.05,15.2,15.2,2198,2194,2192,0,-0.0250000000000001,0.45,0.0499999999999989,0.2125,0.141666666666667,12.3875,17.4666666666667,0,1,1,0,0,0,1,0
"238","107/12/18",96000,1408450,14.75,14.75,14.6,14.6,-0.200000000000001,64,2018-12-18,14.85,14.75,"NO",2209,317333,140000,46170,15.15,15.15,15.05,2196,2193,2190,547026,107500,258000,16.05,15.2,15.2,2198,2194,2192,0,-0.0307692307692308,0.45,0.0499999999999989,0.2125,0.141666666666667,12.3875,17.6083333333333,0,1,1,0,0,0,1,0
"239","107/12/19",33000,483450,14.7,14.75,14.6,14.65,0.0500000000000007,30,2018-12-19,14.75,14.65,"NO",2210,317333,140000,46170,15.15,15.15,15.05,2196,2193,2190,547026,107500,258000,16.05,15.2,15.2,2198,2194,2192,0,-0.0285714285714286,0.45,0.0499999999999989,0.2125,0.141666666666667,12.3875,17.75,0,1,1,0,0,0,1,0
"240","107/12/20",135100,1964565,14.65,14.65,14.45,14.45,-0.200000000000001,78,2018-12-20,14.75,14.45,"NO",2211,317333,140000,46170,15.15,15.15,15.05,2196,2193,2190,547026,107500,258000,16.05,15.2,15.2,2198,2194,2192,0,-0.0333333333333333,0.45,0.0499999999999989,0.2125,0.141666666666667,12.3875,17.8916666666667,0,1,1,0,0,0,1,0
"241","107/12/21",133873,1920020,14.45,14.45,14.3,14.35,-0.0999999999999996,69,2018-12-21,14.65,14.6,"Low",2212,317333,140000,46170,15.15,15.15,15.05,2196,2193,2190,547026,107500,258000,16.05,15.2,15.2,2198,2194,2192,0,-0.0437500000000001,0.45,0.0499999999999989,0.2125,0.141666666666667,12.3875,18.0333333333333,0,1,1,0,0,0,1,0
"242","107/12/22",59000,853650,14.3,14.6,14.3,14.6,0.25,38,2018-12-22,14.45,14.55,"High",2213,133873,317333,140000,14.45,15.15,15.15,2212,2196,2193,547026,107500,258000,16.05,15.2,15.2,2198,2194,2192,0,0.15,-0.114285714285714,-0.0249999999999995,0.2125,0.141666666666667,12.3875,18.175,1,0,1,0,1,1,1,0
"243","107/12/24",35000,507550,14.55,14.55,14.45,14.5,-0.0999999999999996,26,2018-12-24,14.6,14.55,"NO",2214,133873,317333,140000,14.45,15.15,15.15,2212,2196,2193,59000,547026,107500,14.6,16.05,15.2,2213,2198,2194,0,0.0500000000000007,0.15,0.45,-0.0966666666666667,-0.031578947368421,12.3875,14.5684210526316,0,0,1,0,0,0,1,0
"244","107/12/25",60613,873427,14.4,14.55,14.3,14.4,-0.0999999999999996,50,2018-12-25,14.55,14.6,"Low",2215,133873,317333,140000,14.45,15.15,15.15,2212,2196,2193,59000,547026,107500,14.6,16.05,15.2,2213,2198,2194,0,0.0333333333333338,0.15,0.45,-0.0966666666666667,-0.031578947368421,12.3875,14.5368421052632,0,0,1,0,0,0,1,0
"245","107/12/26",43000,624200,14.5,14.6,14.5,14.5,0.0999999999999996,26,2018-12-26,14.55,14.75,"NO",2216,60613,133873,317333,14.55,14.45,15.15,2215,2212,2196,59000,547026,107500,14.6,16.05,15.2,2213,2198,2194,0,0.0499999999999989,-0.0249999999999995,-0.114285714285714,-0.0966666666666667,-0.031578947368421,12.3875,14.5052631578947,1,1,1,0,1,1,0,0
"246","107/12/27",101000,1478100,14.7,14.75,14.55,14.65,0.15,61,2018-12-27,14.6,14.7,"High",2217,60613,133873,317333,14.55,14.45,15.15,2215,2212,2196,59000,547026,107500,14.6,16.05,15.2,2213,2198,2194,1,0.0999999999999996,-0.0249999999999995,-0.114285714285714,-0.0966666666666667,-0.031578947368421,12.3875,14.4736842105263,1,1,1,1,1,1,0,0
"247","107/12/28",95361,1394660,14.7,14.7,14.6,14.7,0.0499999999999989,51,2018-12-28,14.75,14.8,"Low",2218,60613,133873,317333,14.55,14.45,15.15,2215,2212,2196,101000,59000,547026,14.75,14.6,16.05,2217,2213,2198,0,0.0499999999999995,0.0999999999999996,0.15,0.0375000000000001,-0.068421052631579,12.3875,14.6815789473684,0,0,1,1,0,0,1,0
"248","108/01/02",70000,1020000,14.8,14.8,14.45,14.45,-0.25,42,2019-01-02,14.7,14.6,"High",2219,95361,60613,133873,14.7,14.55,14.45,2218,2215,2212,101000,59000,547026,14.75,14.6,16.05,2217,2213,2198,1,0.100000000000001,-0.0500000000000007,-0.0249999999999995,0.0375000000000001,-0.068421052631579,12.3875,14.6131578947368,1,0,1,0,1,1,0,0
"249","108/01/03",72000,1045050,14.5,14.6,14.4,14.4,-0.0499999999999989,45,2019-01-03,14.8,14.35,"NO",2220,95361,60613,133873,14.7,14.55,14.45,2218,2215,2212,70000,101000,59000,14.8,14.75,14.6,2219,2217,2213,0,-0.0499999999999998,0.100000000000001,0.0999999999999996,0.0250000000000004,0.0333333333333335,12.3875,14.8333333333333,0,1,1,0,0,0,1,0
"250","108/01/04",104480,1491860,14.3,14.35,14.2,14.3,-0.0999999999999996,71,2019-01-04,14.6,14.65,"Low",2221,95361,60613,133873,14.7,14.55,14.45,2218,2215,2212,70000,101000,59000,14.8,14.75,14.6,2219,2217,2213,0,-0.116666666666667,0.100000000000001,0.0999999999999996,0.0250000000000004,0.0333333333333335,12.3875,14.8666666666667,0,1,1,1,0,0,1,0
"251","108/01/07",97000,1407500,14.45,14.65,14.4,14.55,0.25,59,2019-01-07,14.35,14.6,"High",2222,104480,95361,60613,14.35,14.7,14.55,2221,2218,2215,70000,101000,59000,14.8,14.75,14.6,2219,2217,2213,0,0.300000000000001,-0.225000000000001,-0.0500000000000007,0.0250000000000004,0.0333333333333335,12.3875,14.9,1,0,1,0,1,1,1,0
"252","108/01/08",55501,805962,14.5,14.6,14.45,14.6,0.0499999999999989,43,2019-01-08,14.65,14.75,"Low",2223,104480,95361,60613,14.35,14.7,14.55,2221,2218,2215,97000,70000,101000,14.65,14.8,14.75,2222,2219,2217,0,0.125,0.300000000000001,0.100000000000001,-0.0500000000000001,-0.0199999999999999,12.3875,14.63,0,1,1,0,0,1,1,0
"253","108/01/09",96000,1409800,14.7,14.75,14.6,14.7,0.0999999999999996,59,2019-01-09,14.6,14.7,"High",2224,55501,104480,95361,14.6,14.35,14.7,2223,2221,2218,97000,70000,101000,14.65,14.8,14.75,2222,2219,2217,1,0.15,-0.0500000000000007,-0.225000000000001,-0.0500000000000001,-0.0199999999999999,12.3875,14.61,1,1,1,1,1,1,0,0
"254","108/01/10",87129,1279588,14.7,14.7,14.65,14.65,-0.0499999999999989,44,2019-01-10,14.75,14.7,"NO",2225,55501,104480,95361,14.6,14.35,14.7,2223,2221,2218,96000,97000,70000,14.75,14.65,14.8,2224,2222,2219,0,0.0499999999999998,0.15,0.300000000000001,0.0499999999999998,-0.0100000000000001,12.3875,14.74,0,0,1,1,0,0,1,0
"255","108/01/11",51000,745850,14.6,14.7,14.55,14.55,-0.0999999999999996,39,2019-01-11,14.7,NA,"High",2226,55501,104480,95361,14.6,14.35,14.7,2223,2221,2218,96000,97000,70000,14.75,14.65,14.8,2224,2222,2219,0,0.0333333333333332,0.15,0.300000000000001,0.0499999999999998,-0.0100000000000001,12.3875,14.73,0,0,1,0,0,0,1,0
