"","KSC","KBC","Θユ鸭","Θユ髅B","}L基","程蔼基","程C基","ΜL基","害^基t","Θユ掸计","Date","PL1_N","PH1_N","RSV","K","D","MA60","LowLabel","StatusCount","MartketStatus","Long","Cash","YEAR"
"1",60,5,2726453,195669616,71.65,72,71.55,71.8,0.549999999999997,660,2016-12-30,70.35,72,87.8787878787877,51.3324011315436,34.3112067036347,71.7158333333334,"High",1,"NoTrend",0,400,"2016"
"2",60,10,2726453,195669616,71.65,72,71.55,71.8,0.549999999999997,660,2016-12-30,70.35,72,87.8787878787877,51.3324011315436,34.3112067036347,71.7158333333334,"High",1,"NoTrend",0,401.65,"2016"
"3",60,15,2726453,195669616,71.65,72,71.55,71.8,0.549999999999997,660,2016-12-30,70.35,72,87.8787878787877,51.3324011315436,34.3112067036347,71.7158333333334,"High",1,"NoTrend",2,273.5,"2016"
"4",60,20,2726453,195669616,71.65,72,71.55,71.8,0.549999999999997,660,2016-12-30,70.35,72,87.8787878787877,51.3324011315436,34.3112067036347,71.7158333333334,"High",1,"NoTrend",3,212.7,"2016"
"5",60,25,2726453,195669616,71.65,72,71.55,71.8,0.549999999999997,660,2016-12-30,70.35,72,87.8787878787877,51.3324011315436,34.3112067036347,71.7158333333334,"High",1,"NoTrend",4,145.6,"2016"
"6",60,30,2726453,195669616,71.65,72,71.55,71.8,0.549999999999997,660,2016-12-30,70.35,72,87.8787878787877,51.3324011315436,34.3112067036347,71.7158333333334,"High",1,"NoTrend",5,77.8499999999999,"2016"
"7",60,35,2726453,195669616,71.65,72,71.55,71.8,0.549999999999997,660,2016-12-30,70.35,72,87.8787878787877,51.3324011315436,34.3112067036347,71.7158333333334,"High",1,"NoTrend",5,63.85,"2016"
"8",60,40,2726453,195669616,71.65,72,71.55,71.8,0.549999999999997,660,2016-12-30,70.35,72,87.8787878787877,51.3324011315436,34.3112067036347,71.7158333333334,"High",1,"NoTrend",5,61.35,"2016"
"9",60,45,2726453,195669616,71.65,72,71.55,71.8,0.549999999999997,660,2016-12-30,70.35,72,87.8787878787877,51.3324011315436,34.3112067036347,71.7158333333334,"High",1,"NoTrend",5,49.45,"2016"
"10",60,50,2726453,195669616,71.65,72,71.55,71.8,0.549999999999997,660,2016-12-30,70.35,72,87.8787878787877,51.3324011315436,34.3112067036347,71.7158333333334,"High",1,"NoTrend",5,54.3,"2016"
"11",60,55,2726453,195669616,71.65,72,71.55,71.8,0.549999999999997,660,2016-12-30,70.35,72,87.8787878787877,51.3324011315436,34.3112067036347,71.7158333333334,"High",1,"NoTrend",5,55.4499999999999,"2016"
"12",65,5,2726453,195669616,71.65,72,71.55,71.8,0.549999999999997,660,2016-12-30,70.35,72,87.8787878787877,51.3324011315436,34.3112067036347,71.7158333333334,"High",1,"NoTrend",0,400,"2016"
"13",65,10,2726453,195669616,71.65,72,71.55,71.8,0.549999999999997,660,2016-12-30,70.35,72,87.8787878787877,51.3324011315436,34.3112067036347,71.7158333333334,"High",1,"NoTrend",0,401.65,"2016"
"14",65,15,2726453,195669616,71.65,72,71.55,71.8,0.549999999999997,660,2016-12-30,70.35,72,87.8787878787877,51.3324011315436,34.3112067036347,71.7158333333334,"High",1,"NoTrend",2,273.5,"2016"
"15",65,20,2726453,195669616,71.65,72,71.55,71.8,0.549999999999997,660,2016-12-30,70.35,72,87.8787878787877,51.3324011315436,34.3112067036347,71.7158333333334,"High",1,"NoTrend",3,214.4,"2016"
"16",65,25,2726453,195669616,71.65,72,71.55,71.8,0.549999999999997,660,2016-12-30,70.35,72,87.8787878787877,51.3324011315436,34.3112067036347,71.7158333333334,"High",1,"NoTrend",4,147.35,"2016"
"17",65,30,2726453,195669616,71.65,72,71.55,71.8,0.549999999999997,660,2016-12-30,70.35,72,87.8787878787877,51.3324011315436,34.3112067036347,71.7158333333334,"High",1,"NoTrend",5,80.8499999999999,"2016"
"18",65,35,2726453,195669616,71.65,72,71.55,71.8,0.549999999999997,660,2016-12-30,70.35,72,87.8787878787877,51.3324011315436,34.3112067036347,71.7158333333334,"High",1,"NoTrend",5,65.7499999999998,"2016"
"19",65,40,2726453,195669616,71.65,72,71.55,71.8,0.549999999999997,660,2016-12-30,70.35,72,87.8787878787877,51.3324011315436,34.3112067036347,71.7158333333334,"High",1,"NoTrend",5,63.25,"2016"
"20",65,45,2726453,195669616,71.65,72,71.55,71.8,0.549999999999997,660,2016-12-30,70.35,72,87.8787878787877,51.3324011315436,34.3112067036347,71.7158333333334,"High",1,"NoTrend",5,50.8999999999999,"2016"
"21",65,50,2726453,195669616,71.65,72,71.55,71.8,0.549999999999997,660,2016-12-30,70.35,72,87.8787878787877,51.3324011315436,34.3112067036347,71.7158333333334,"High",1,"NoTrend",5,56.3,"2016"
"22",65,55,2726453,195669616,71.65,72,71.55,71.8,0.549999999999997,660,2016-12-30,70.35,72,87.8787878787877,51.3324011315436,34.3112067036347,71.7158333333334,"High",1,"NoTrend",5,60.45,"2016"
"23",70,5,2726453,195669616,71.65,72,71.55,71.8,0.549999999999997,660,2016-12-30,70.35,72,87.8787878787877,51.3324011315436,34.3112067036347,71.7158333333334,"High",1,"NoTrend",0,400,"2016"
"24",70,10,2726453,195669616,71.65,72,71.55,71.8,0.549999999999997,660,2016-12-30,70.35,72,87.8787878787877,51.3324011315436,34.3112067036347,71.7158333333334,"High",1,"NoTrend",0,401.65,"2016"
"25",70,15,2726453,195669616,71.65,72,71.55,71.8,0.549999999999997,660,2016-12-30,70.35,72,87.8787878787877,51.3324011315436,34.3112067036347,71.7158333333334,"High",1,"NoTrend",2,273.5,"2016"
"26",70,20,2726453,195669616,71.65,72,71.55,71.8,0.549999999999997,660,2016-12-30,70.35,72,87.8787878787877,51.3324011315436,34.3112067036347,71.7158333333334,"High",1,"NoTrend",3,215.05,"2016"
"27",70,25,2726453,195669616,71.65,72,71.55,71.8,0.549999999999997,660,2016-12-30,70.35,72,87.8787878787877,51.3324011315436,34.3112067036347,71.7158333333334,"High",1,"NoTrend",4,145.05,"2016"
"28",70,30,2726453,195669616,71.65,72,71.55,71.8,0.549999999999997,660,2016-12-30,70.35,72,87.8787878787877,51.3324011315436,34.3112067036347,71.7158333333334,"High",1,"NoTrend",5,75.3,"2016"
"29",70,35,2726453,195669616,71.65,72,71.55,71.8,0.549999999999997,660,2016-12-30,70.35,72,87.8787878787877,51.3324011315436,34.3112067036347,71.7158333333334,"High",1,"NoTrend",5,62.4499999999999,"2016"
"30",70,40,2726453,195669616,71.65,72,71.55,71.8,0.549999999999997,660,2016-12-30,70.35,72,87.8787878787877,51.3324011315436,34.3112067036347,71.7158333333334,"High",1,"NoTrend",5,61.3999999999999,"2016"
"31",70,45,2726453,195669616,71.65,72,71.55,71.8,0.549999999999997,660,2016-12-30,70.35,72,87.8787878787877,51.3324011315436,34.3112067036347,71.7158333333334,"High",1,"NoTrend",5,54.2999999999999,"2016"
"32",70,50,2726453,195669616,71.65,72,71.55,71.8,0.549999999999997,660,2016-12-30,70.35,72,87.8787878787877,51.3324011315436,34.3112067036347,71.7158333333334,"High",1,"NoTrend",5,60.2,"2016"
"33",70,55,2726453,195669616,71.65,72,71.55,71.8,0.549999999999997,660,2016-12-30,70.35,72,87.8787878787877,51.3324011315436,34.3112067036347,71.7158333333334,"High",1,"NoTrend",5,63.1499999999999,"2016"
"34",75,5,2726453,195669616,71.65,72,71.55,71.8,0.549999999999997,660,2016-12-30,70.35,72,87.8787878787877,51.3324011315436,34.3112067036347,71.7158333333334,"High",1,"NoTrend",0,400,"2016"
"35",75,10,2726453,195669616,71.65,72,71.55,71.8,0.549999999999997,660,2016-12-30,70.35,72,87.8787878787877,51.3324011315436,34.3112067036347,71.7158333333334,"High",1,"NoTrend",0,402.3,"2016"
"36",75,15,2726453,195669616,71.65,72,71.55,71.8,0.549999999999997,660,2016-12-30,70.35,72,87.8787878787877,51.3324011315436,34.3112067036347,71.7158333333334,"High",1,"NoTrend",2,275.85,"2016"
"37",75,20,2726453,195669616,71.65,72,71.55,71.8,0.549999999999997,660,2016-12-30,70.35,72,87.8787878787877,51.3324011315436,34.3112067036347,71.7158333333334,"High",1,"NoTrend",3,218.85,"2016"
"38",75,25,2726453,195669616,71.65,72,71.55,71.8,0.549999999999997,660,2016-12-30,70.35,72,87.8787878787877,51.3324011315436,34.3112067036347,71.7158333333334,"High",1,"NoTrend",4,150.1,"2016"
"39",75,30,2726453,195669616,71.65,72,71.55,71.8,0.549999999999997,660,2016-12-30,70.35,72,87.8787878787877,51.3324011315436,34.3112067036347,71.7158333333334,"High",1,"NoTrend",5,82.4999999999999,"2016"
"40",75,35,2726453,195669616,71.65,72,71.55,71.8,0.549999999999997,660,2016-12-30,70.35,72,87.8787878787877,51.3324011315436,34.3112067036347,71.7158333333334,"High",1,"NoTrend",5,67.0999999999999,"2016"
"41",75,40,2726453,195669616,71.65,72,71.55,71.8,0.549999999999997,660,2016-12-30,70.35,72,87.8787878787877,51.3324011315436,34.3112067036347,71.7158333333334,"High",1,"NoTrend",5,66.9,"2016"
"42",75,45,2726453,195669616,71.65,72,71.55,71.8,0.549999999999997,660,2016-12-30,70.35,72,87.8787878787877,51.3324011315436,34.3112067036347,71.7158333333334,"High",1,"NoTrend",5,61.1499999999999,"2016"
"43",75,50,2726453,195669616,71.65,72,71.55,71.8,0.549999999999997,660,2016-12-30,70.35,72,87.8787878787877,51.3324011315436,34.3112067036347,71.7158333333334,"High",1,"NoTrend",5,68.85,"2016"
"44",75,55,2726453,195669616,71.65,72,71.55,71.8,0.549999999999997,660,2016-12-30,70.35,72,87.8787878787877,51.3324011315436,34.3112067036347,71.7158333333334,"High",1,"NoTrend",6,1.89999999999989,"2016"
"45",80,5,2726453,195669616,71.65,72,71.55,71.8,0.549999999999997,660,2016-12-30,70.35,72,87.8787878787877,51.3324011315436,34.3112067036347,71.7158333333334,"High",1,"NoTrend",0,400,"2016"
"46",80,10,2726453,195669616,71.65,72,71.55,71.8,0.549999999999997,660,2016-12-30,70.35,72,87.8787878787877,51.3324011315436,34.3112067036347,71.7158333333334,"High",1,"NoTrend",0,402.3,"2016"
"47",80,15,2726453,195669616,71.65,72,71.55,71.8,0.549999999999997,660,2016-12-30,70.35,72,87.8787878787877,51.3324011315436,34.3112067036347,71.7158333333334,"High",1,"NoTrend",2,275.85,"2016"
"48",80,20,2726453,195669616,71.65,72,71.55,71.8,0.549999999999997,660,2016-12-30,70.35,72,87.8787878787877,51.3324011315436,34.3112067036347,71.7158333333334,"High",1,"NoTrend",3,221.55,"2016"
"49",80,25,2726453,195669616,71.65,72,71.55,71.8,0.549999999999997,660,2016-12-30,70.35,72,87.8787878787877,51.3324011315436,34.3112067036347,71.7158333333334,"High",1,"NoTrend",4,153.7,"2016"
"50",80,30,2726453,195669616,71.65,72,71.55,71.8,0.549999999999997,660,2016-12-30,70.35,72,87.8787878787877,51.3324011315436,34.3112067036347,71.7158333333334,"High",1,"NoTrend",6,12.6499999999999,"2016"
"51",80,35,2726453,195669616,71.65,72,71.55,71.8,0.549999999999997,660,2016-12-30,70.35,72,87.8787878787877,51.3324011315436,34.3112067036347,71.7158333333334,"High",1,"NoTrend",5,70.0499999999999,"2016"
"52",80,40,2726453,195669616,71.65,72,71.55,71.8,0.549999999999997,660,2016-12-30,70.35,72,87.8787878787877,51.3324011315436,34.3112067036347,71.7158333333334,"High",1,"NoTrend",6,1.19999999999996,"2016"
"53",80,45,2726453,195669616,71.65,72,71.55,71.8,0.549999999999997,660,2016-12-30,70.35,72,87.8787878787877,51.3324011315436,34.3112067036347,71.7158333333334,"High",1,"NoTrend",5,68.1999999999999,"2016"
"54",80,50,2726453,195669616,71.65,72,71.55,71.8,0.549999999999997,660,2016-12-30,70.35,72,87.8787878787877,51.3324011315436,34.3112067036347,71.7158333333334,"High",1,"NoTrend",6,2.34999999999988,"2016"
"55",80,55,2726453,195669616,71.65,72,71.55,71.8,0.549999999999997,660,2016-12-30,70.35,72,87.8787878787877,51.3324011315436,34.3112067036347,71.7158333333334,"High",1,"NoTrend",6,2.9499999999999,"2016"
"56",85,5,2726453,195669616,71.65,72,71.55,71.8,0.549999999999997,660,2016-12-30,70.35,72,87.8787878787877,51.3324011315436,34.3112067036347,71.7158333333334,"High",1,"NoTrend",0,400,"2016"
"57",85,10,2726453,195669616,71.65,72,71.55,71.8,0.549999999999997,660,2016-12-30,70.35,72,87.8787878787877,51.3324011315436,34.3112067036347,71.7158333333334,"High",1,"NoTrend",0,402.45,"2016"
"58",85,15,2726453,195669616,71.65,72,71.55,71.8,0.549999999999997,660,2016-12-30,70.35,72,87.8787878787877,51.3324011315436,34.3112067036347,71.7158333333334,"High",1,"NoTrend",2,277.55,"2016"
"59",85,20,2726453,195669616,71.65,72,71.55,71.8,0.549999999999997,660,2016-12-30,70.35,72,87.8787878787877,51.3324011315436,34.3112067036347,71.7158333333334,"High",1,"NoTrend",5,81.2999999999999,"2016"
"60",85,25,2726453,195669616,71.65,72,71.55,71.8,0.549999999999997,660,2016-12-30,70.35,72,87.8787878787877,51.3324011315436,34.3112067036347,71.7158333333334,"High",1,"NoTrend",6,9.90000000000001,"2016"
"61",85,30,2726453,195669616,71.65,72,71.55,71.8,0.549999999999997,660,2016-12-30,70.35,72,87.8787878787877,51.3324011315436,34.3112067036347,71.7158333333334,"High",1,"NoTrend",6,11.25,"2016"
"62",85,35,2726453,195669616,71.65,72,71.55,71.8,0.549999999999997,660,2016-12-30,70.35,72,87.8787878787877,51.3324011315436,34.3112067036347,71.7158333333334,"High",1,"NoTrend",5,67,"2016"
"63",85,40,2726453,195669616,71.65,72,71.55,71.8,0.549999999999997,660,2016-12-30,70.35,72,87.8787878787877,51.3324011315436,34.3112067036347,71.7158333333334,"High",1,"NoTrend",5,66.05,"2016"
"64",85,45,2726453,195669616,71.65,72,71.55,71.8,0.549999999999997,660,2016-12-30,70.35,72,87.8787878787877,51.3324011315436,34.3112067036347,71.7158333333334,"High",1,"NoTrend",5,66.4,"2016"
"65",85,50,2726453,195669616,71.65,72,71.55,71.8,0.549999999999997,660,2016-12-30,70.35,72,87.8787878787877,51.3324011315436,34.3112067036347,71.7158333333334,"High",1,"NoTrend",6,2.09999999999999,"2016"
"66",85,55,2726453,195669616,71.65,72,71.55,71.8,0.549999999999997,660,2016-12-30,70.35,72,87.8787878787877,51.3324011315436,34.3112067036347,71.7158333333334,"High",1,"NoTrend",6,2.54999999999994,"2016"
"67",90,5,2726453,195669616,71.65,72,71.55,71.8,0.549999999999997,660,2016-12-30,70.35,72,87.8787878787877,51.3324011315436,34.3112067036347,71.7158333333334,"High",1,"NoTrend",0,400,"2016"
"68",90,10,2726453,195669616,71.65,72,71.55,71.8,0.549999999999997,660,2016-12-30,70.35,72,87.8787878787877,51.3324011315436,34.3112067036347,71.7158333333334,"High",1,"NoTrend",0,402.9,"2016"
"69",90,15,2726453,195669616,71.65,72,71.55,71.8,0.549999999999997,660,2016-12-30,70.35,72,87.8787878787877,51.3324011315436,34.3112067036347,71.7158333333334,"High",1,"NoTrend",2,279.25,"2016"
"70",90,20,2726453,195669616,71.65,72,71.55,71.8,0.549999999999997,660,2016-12-30,70.35,72,87.8787878787877,51.3324011315436,34.3112067036347,71.7158333333334,"High",1,"NoTrend",5,82.5,"2016"
"71",90,25,2726453,195669616,71.65,72,71.55,71.8,0.549999999999997,660,2016-12-30,70.35,72,87.8787878787877,51.3324011315436,34.3112067036347,71.7158333333334,"High",1,"NoTrend",6,15.05,"2016"
"72",90,30,2726453,195669616,71.65,72,71.55,71.8,0.549999999999997,660,2016-12-30,70.35,72,87.8787878787877,51.3324011315436,34.3112067036347,71.7158333333334,"High",1,"NoTrend",6,22.6,"2016"
"73",90,35,2726453,195669616,71.65,72,71.55,71.8,0.549999999999997,660,2016-12-30,70.35,72,87.8787878787877,51.3324011315436,34.3112067036347,71.7158333333334,"High",1,"NoTrend",6,11.9500000000001,"2016"
"74",90,40,2726453,195669616,71.65,72,71.55,71.8,0.549999999999997,660,2016-12-30,70.35,72,87.8787878787877,51.3324011315436,34.3112067036347,71.7158333333334,"High",1,"NoTrend",6,12.55,"2016"
"75",90,45,2726453,195669616,71.65,72,71.55,71.8,0.549999999999997,660,2016-12-30,70.35,72,87.8787878787877,51.3324011315436,34.3112067036347,71.7158333333334,"High",1,"NoTrend",6,12.7,"2016"
"76",90,50,2726453,195669616,71.65,72,71.55,71.8,0.549999999999997,660,2016-12-30,70.35,72,87.8787878787877,51.3324011315436,34.3112067036347,71.7158333333334,"High",1,"NoTrend",6,19.85,"2016"
"77",90,55,2726453,195669616,71.65,72,71.55,71.8,0.549999999999997,660,2016-12-30,70.35,72,87.8787878787877,51.3324011315436,34.3112067036347,71.7158333333334,"High",1,"NoTrend",6,23.1499999999999,"2016"
"78",95,5,2726453,195669616,71.65,72,71.55,71.8,0.549999999999997,660,2016-12-30,70.35,72,87.8787878787877,51.3324011315436,34.3112067036347,71.7158333333334,"High",1,"NoTrend",0,400,"2016"
"79",95,10,2726453,195669616,71.65,72,71.55,71.8,0.549999999999997,660,2016-12-30,70.35,72,87.8787878787877,51.3324011315436,34.3112067036347,71.7158333333334,"High",1,"NoTrend",0,409.45,"2016"
"80",95,15,2726453,195669616,71.65,72,71.55,71.8,0.549999999999997,660,2016-12-30,70.35,72,87.8787878787877,51.3324011315436,34.3112067036347,71.7158333333334,"High",1,"NoTrend",5,106.7,"2016"
"81",95,20,2726453,195669616,71.65,72,71.55,71.8,0.549999999999997,660,2016-12-30,70.35,72,87.8787878787877,51.3324011315436,34.3112067036347,71.7158333333334,"High",1,"NoTrend",6,51.3,"2016"
"82",95,25,2726453,195669616,71.65,72,71.55,71.8,0.549999999999997,660,2016-12-30,70.35,72,87.8787878787877,51.3324011315436,34.3112067036347,71.7158333333334,"High",1,"NoTrend",6,55.4,"2016"
"83",95,30,2726453,195669616,71.65,72,71.55,71.8,0.549999999999997,660,2016-12-30,70.35,72,87.8787878787877,51.3324011315436,34.3112067036347,71.7158333333334,"High",1,"NoTrend",6,66.8,"2016"
"84",95,35,2726453,195669616,71.65,72,71.55,71.8,0.549999999999997,660,2016-12-30,70.35,72,87.8787878787877,51.3324011315436,34.3112067036347,71.7158333333334,"High",1,"NoTrend",6,49.55,"2016"
"85",95,40,2726453,195669616,71.65,72,71.55,71.8,0.549999999999997,660,2016-12-30,70.35,72,87.8787878787877,51.3324011315436,34.3112067036347,71.7158333333334,"High",1,"NoTrend",6,52.15,"2016"
"86",95,45,2726453,195669616,71.65,72,71.55,71.8,0.549999999999997,660,2016-12-30,70.35,72,87.8787878787877,51.3324011315436,34.3112067036347,71.7158333333334,"High",1,"NoTrend",6,51.75,"2016"
"87",95,50,2726453,195669616,71.65,72,71.55,71.8,0.549999999999997,660,2016-12-30,70.35,72,87.8787878787877,51.3324011315436,34.3112067036347,71.7158333333334,"High",1,"NoTrend",6,52.35,"2016"
"88",95,55,2726453,195669616,71.65,72,71.55,71.8,0.549999999999997,660,2016-12-30,70.35,72,87.8787878787877,51.3324011315436,34.3112067036347,71.7158333333334,"High",1,"NoTrend",6,52.25,"2016"
"89",60,5,4690296,384768069,81.75,82.2,81.75,82.15,0.450000000000003,1612,2017-12-29,80.5,82.2,97.0588235294119,68.7934574945787,50.8202785978755,83.26,"Low",22,"Bear",0,400,"2017"
"90",60,10,4690296,384768069,81.75,82.2,81.75,82.15,0.450000000000003,1612,2017-12-29,80.5,82.2,97.0588235294119,68.7934574945787,50.8202785978755,83.26,"Low",22,"Bear",0,400,"2017"
"91",60,15,4690296,384768069,81.75,82.2,81.75,82.15,0.450000000000003,1612,2017-12-29,80.5,82.2,97.0588235294119,68.7934574945787,50.8202785978755,83.26,"Low",22,"Bear",1,323.5,"2017"
"92",60,20,4690296,384768069,81.75,82.2,81.75,82.15,0.450000000000003,1612,2017-12-29,80.5,82.2,97.0588235294119,68.7934574945787,50.8202785978755,83.26,"Low",22,"Bear",4,82.3,"2017"
"93",60,25,4690296,384768069,81.75,82.2,81.75,82.15,0.450000000000003,1612,2017-12-29,80.5,82.2,97.0588235294119,68.7934574945787,50.8202785978755,83.26,"Low",22,"Bear",5,9.49999999999991,"2017"
"94",60,30,4690296,384768069,81.75,82.2,81.75,82.15,0.450000000000003,1612,2017-12-29,80.5,82.2,97.0588235294119,68.7934574945787,50.8202785978755,83.26,"Low",22,"Bear",5,19.55,"2017"
"95",60,35,4690296,384768069,81.75,82.2,81.75,82.15,0.450000000000003,1612,2017-12-29,80.5,82.2,97.0588235294119,68.7934574945787,50.8202785978755,83.26,"Low",22,"Bear",5,17.8500000000001,"2017"
"96",60,40,4690296,384768069,81.75,82.2,81.75,82.15,0.450000000000003,1612,2017-12-29,80.5,82.2,97.0588235294119,68.7934574945787,50.8202785978755,83.26,"Low",22,"Bear",5,16.95,"2017"
"97",60,45,4690296,384768069,81.75,82.2,81.75,82.15,0.450000000000003,1612,2017-12-29,80.5,82.2,97.0588235294119,68.7934574945787,50.8202785978755,83.26,"Low",22,"Bear",5,18.8999999999999,"2017"
"98",60,50,4690296,384768069,81.75,82.2,81.75,82.15,0.450000000000003,1612,2017-12-29,80.5,82.2,97.0588235294119,68.7934574945787,50.8202785978755,83.26,"Low",22,"Bear",5,16.9999999999999,"2017"
"99",60,55,4690296,384768069,81.75,82.2,81.75,82.15,0.450000000000003,1612,2017-12-29,80.5,82.2,97.0588235294119,68.7934574945787,50.8202785978755,83.26,"Low",22,"Bear",5,20.8499999999999,"2017"
"100",65,5,4690296,384768069,81.75,82.2,81.75,82.15,0.450000000000003,1612,2017-12-29,80.5,82.2,97.0588235294119,68.7934574945787,50.8202785978755,83.26,"Low",22,"Bear",0,400,"2017"
"101",65,10,4690296,384768069,81.75,82.2,81.75,82.15,0.450000000000003,1612,2017-12-29,80.5,82.2,97.0588235294119,68.7934574945787,50.8202785978755,83.26,"Low",22,"Bear",0,400,"2017"
"102",65,15,4690296,384768069,81.75,82.2,81.75,82.15,0.450000000000003,1612,2017-12-29,80.5,82.2,97.0588235294119,68.7934574945787,50.8202785978755,83.26,"Low",22,"Bear",1,323.5,"2017"
"103",65,20,4690296,384768069,81.75,82.2,81.75,82.15,0.450000000000003,1612,2017-12-29,80.5,82.2,97.0588235294119,68.7934574945787,50.8202785978755,83.26,"Low",22,"Bear",4,83.4499999999999,"2017"
"104",65,25,4690296,384768069,81.75,82.2,81.75,82.15,0.450000000000003,1612,2017-12-29,80.5,82.2,97.0588235294119,68.7934574945787,50.8202785978755,83.26,"Low",22,"Bear",5,11.0499999999999,"2017"
"105",65,30,4690296,384768069,81.75,82.2,81.75,82.15,0.450000000000003,1612,2017-12-29,80.5,82.2,97.0588235294119,68.7934574945787,50.8202785978755,83.26,"Low",22,"Bear",5,21.0499999999998,"2017"
"106",65,35,4690296,384768069,81.75,82.2,81.75,82.15,0.450000000000003,1612,2017-12-29,80.5,82.2,97.0588235294119,68.7934574945787,50.8202785978755,83.26,"Low",22,"Bear",5,16.4,"2017"
"107",65,40,4690296,384768069,81.75,82.2,81.75,82.15,0.450000000000003,1612,2017-12-29,80.5,82.2,97.0588235294119,68.7934574945787,50.8202785978755,83.26,"Low",22,"Bear",5,17.0500000000001,"2017"
"108",65,45,4690296,384768069,81.75,82.2,81.75,82.15,0.450000000000003,1612,2017-12-29,80.5,82.2,97.0588235294119,68.7934574945787,50.8202785978755,83.26,"Low",22,"Bear",5,19.0999999999999,"2017"
"109",65,50,4690296,384768069,81.75,82.2,81.75,82.15,0.450000000000003,1612,2017-12-29,80.5,82.2,97.0588235294119,68.7934574945787,50.8202785978755,83.26,"Low",22,"Bear",5,17.8499999999999,"2017"
"110",65,55,4690296,384768069,81.75,82.2,81.75,82.15,0.450000000000003,1612,2017-12-29,80.5,82.2,97.0588235294119,68.7934574945787,50.8202785978755,83.26,"Low",22,"Bear",5,19.8499999999998,"2017"
"111",70,5,4690296,384768069,81.75,82.2,81.75,82.15,0.450000000000003,1612,2017-12-29,80.5,82.2,97.0588235294119,68.7934574945787,50.8202785978755,83.26,"Low",22,"Bear",0,400,"2017"
"112",70,10,4690296,384768069,81.75,82.2,81.75,82.15,0.450000000000003,1612,2017-12-29,80.5,82.2,97.0588235294119,68.7934574945787,50.8202785978755,83.26,"Low",22,"Bear",0,400,"2017"
"113",70,15,4690296,384768069,81.75,82.2,81.75,82.15,0.450000000000003,1612,2017-12-29,80.5,82.2,97.0588235294119,68.7934574945787,50.8202785978755,83.26,"Low",22,"Bear",1,325.45,"2017"
"114",70,20,4690296,384768069,81.75,82.2,81.75,82.15,0.450000000000003,1612,2017-12-29,80.5,82.2,97.0588235294119,68.7934574945787,50.8202785978755,83.26,"Low",22,"Bear",4,85.4,"2017"
"115",70,25,4690296,384768069,81.75,82.2,81.75,82.15,0.450000000000003,1612,2017-12-29,80.5,82.2,97.0588235294119,68.7934574945787,50.8202785978755,83.26,"Low",22,"Bear",5,13.4,"2017"
"116",70,30,4690296,384768069,81.75,82.2,81.75,82.15,0.450000000000003,1612,2017-12-29,80.5,82.2,97.0588235294119,68.7934574945787,50.8202785978755,83.26,"Low",22,"Bear",5,19.35,"2017"
"117",70,35,4690296,384768069,81.75,82.2,81.75,82.15,0.450000000000003,1612,2017-12-29,80.5,82.2,97.0588235294119,68.7934574945787,50.8202785978755,83.26,"Low",22,"Bear",5,17.3999999999999,"2017"
"118",70,40,4690296,384768069,81.75,82.2,81.75,82.15,0.450000000000003,1612,2017-12-29,80.5,82.2,97.0588235294119,68.7934574945787,50.8202785978755,83.26,"Low",22,"Bear",5,17.9000000000001,"2017"
"119",70,45,4690296,384768069,81.75,82.2,81.75,82.15,0.450000000000003,1612,2017-12-29,80.5,82.2,97.0588235294119,68.7934574945787,50.8202785978755,83.26,"Low",22,"Bear",5,20,"2017"
"120",70,50,4690296,384768069,81.75,82.2,81.75,82.15,0.450000000000003,1612,2017-12-29,80.5,82.2,97.0588235294119,68.7934574945787,50.8202785978755,83.26,"Low",22,"Bear",5,18,"2017"
"121",70,55,4690296,384768069,81.75,82.2,81.75,82.15,0.450000000000003,1612,2017-12-29,80.5,82.2,97.0588235294119,68.7934574945787,50.8202785978755,83.26,"Low",22,"Bear",5,19.5999999999999,"2017"
"122",75,5,4690296,384768069,81.75,82.2,81.75,82.15,0.450000000000003,1612,2017-12-29,80.5,82.2,97.0588235294119,68.7934574945787,50.8202785978755,83.26,"Low",22,"Bear",0,400,"2017"
"123",75,10,4690296,384768069,81.75,82.2,81.75,82.15,0.450000000000003,1612,2017-12-29,80.5,82.2,97.0588235294119,68.7934574945787,50.8202785978755,83.26,"Low",22,"Bear",0,400,"2017"
"124",75,15,4690296,384768069,81.75,82.2,81.75,82.15,0.450000000000003,1612,2017-12-29,80.5,82.2,97.0588235294119,68.7934574945787,50.8202785978755,83.26,"Low",22,"Bear",1,325.45,"2017"
"125",75,20,4690296,384768069,81.75,82.2,81.75,82.15,0.450000000000003,1612,2017-12-29,80.5,82.2,97.0588235294119,68.7934574945787,50.8202785978755,83.26,"Low",22,"Bear",4,85.55,"2017"
"126",75,25,4690296,384768069,81.75,82.2,81.75,82.15,0.450000000000003,1612,2017-12-29,80.5,82.2,97.0588235294119,68.7934574945787,50.8202785978755,83.26,"Low",22,"Bear",5,9.60000000000002,"2017"
"127",75,30,4690296,384768069,81.75,82.2,81.75,82.15,0.450000000000003,1612,2017-12-29,80.5,82.2,97.0588235294119,68.7934574945787,50.8202785978755,83.26,"Low",22,"Bear",5,16.8999999999999,"2017"
"128",75,35,4690296,384768069,81.75,82.2,81.75,82.15,0.450000000000003,1612,2017-12-29,80.5,82.2,97.0588235294119,68.7934574945787,50.8202785978755,83.26,"Low",22,"Bear",5,15.3,"2017"
"129",75,40,4690296,384768069,81.75,82.2,81.75,82.15,0.450000000000003,1612,2017-12-29,80.5,82.2,97.0588235294119,68.7934574945787,50.8202785978755,83.26,"Low",22,"Bear",5,17.0000000000002,"2017"
"130",75,45,4690296,384768069,81.75,82.2,81.75,82.15,0.450000000000003,1612,2017-12-29,80.5,82.2,97.0588235294119,68.7934574945787,50.8202785978755,83.26,"Low",22,"Bear",5,19.3000000000001,"2017"
"131",75,50,4690296,384768069,81.75,82.2,81.75,82.15,0.450000000000003,1612,2017-12-29,80.5,82.2,97.0588235294119,68.7934574945787,50.8202785978755,83.26,"Low",22,"Bear",5,15.9000000000002,"2017"
"132",75,55,4690296,384768069,81.75,82.2,81.75,82.15,0.450000000000003,1612,2017-12-29,80.5,82.2,97.0588235294119,68.7934574945787,50.8202785978755,83.26,"Low",22,"Bear",5,17.7999999999999,"2017"
"133",80,5,4690296,384768069,81.75,82.2,81.75,82.15,0.450000000000003,1612,2017-12-29,80.5,82.2,97.0588235294119,68.7934574945787,50.8202785978755,83.26,"Low",22,"Bear",0,400,"2017"
"134",80,10,4690296,384768069,81.75,82.2,81.75,82.15,0.450000000000003,1612,2017-12-29,80.5,82.2,97.0588235294119,68.7934574945787,50.8202785978755,83.26,"Low",22,"Bear",0,400,"2017"
"135",80,15,4690296,384768069,81.75,82.2,81.75,82.15,0.450000000000003,1612,2017-12-29,80.5,82.2,97.0588235294119,68.7934574945787,50.8202785978755,83.26,"Low",22,"Bear",1,326.55,"2017"
"136",80,20,4690296,384768069,81.75,82.2,81.75,82.15,0.450000000000003,1612,2017-12-29,80.5,82.2,97.0588235294119,68.7934574945787,50.8202785978755,83.26,"Low",22,"Bear",4,86.65,"2017"
"137",80,25,4690296,384768069,81.75,82.2,81.75,82.15,0.450000000000003,1612,2017-12-29,80.5,82.2,97.0588235294119,68.7934574945787,50.8202785978755,83.26,"Low",22,"Bear",5,10.55,"2017"
"138",80,30,4690296,384768069,81.75,82.2,81.75,82.15,0.450000000000003,1612,2017-12-29,80.5,82.2,97.0588235294119,68.7934574945787,50.8202785978755,83.26,"Low",22,"Bear",5,20.0499999999998,"2017"
"139",80,35,4690296,384768069,81.75,82.2,81.75,82.15,0.450000000000003,1612,2017-12-29,80.5,82.2,97.0588235294119,68.7934574945787,50.8202785978755,83.26,"Low",22,"Bear",5,16.5999999999998,"2017"
"140",80,40,4690296,384768069,81.75,82.2,81.75,82.15,0.450000000000003,1612,2017-12-29,80.5,82.2,97.0588235294119,68.7934574945787,50.8202785978755,83.26,"Low",22,"Bear",5,17.7000000000001,"2017"
"141",80,45,4690296,384768069,81.75,82.2,81.75,82.15,0.450000000000003,1612,2017-12-29,80.5,82.2,97.0588235294119,68.7934574945787,50.8202785978755,83.26,"Low",22,"Bear",5,18.5500000000001,"2017"
"142",80,50,4690296,384768069,81.75,82.2,81.75,82.15,0.450000000000003,1612,2017-12-29,80.5,82.2,97.0588235294119,68.7934574945787,50.8202785978755,83.26,"Low",22,"Bear",5,17.6999999999999,"2017"
"143",80,55,4690296,384768069,81.75,82.2,81.75,82.15,0.450000000000003,1612,2017-12-29,80.5,82.2,97.0588235294119,68.7934574945787,50.8202785978755,83.26,"Low",22,"Bear",5,20.8,"2017"
"144",85,5,4690296,384768069,81.75,82.2,81.75,82.15,0.450000000000003,1612,2017-12-29,80.5,82.2,97.0588235294119,68.7934574945787,50.8202785978755,83.26,"Low",22,"Bear",0,400,"2017"
"145",85,10,4690296,384768069,81.75,82.2,81.75,82.15,0.450000000000003,1612,2017-12-29,80.5,82.2,97.0588235294119,68.7934574945787,50.8202785978755,83.26,"Low",22,"Bear",0,400,"2017"
"146",85,15,4690296,384768069,81.75,82.2,81.75,82.15,0.450000000000003,1612,2017-12-29,80.5,82.2,97.0588235294119,68.7934574945787,50.8202785978755,83.26,"Low",22,"Bear",1,326.55,"2017"
"147",85,20,4690296,384768069,81.75,82.2,81.75,82.15,0.450000000000003,1612,2017-12-29,80.5,82.2,97.0588235294119,68.7934574945787,50.8202785978755,83.26,"Low",22,"Bear",4,88.0999999999999,"2017"
"148",85,25,4690296,384768069,81.75,82.2,81.75,82.15,0.450000000000003,1612,2017-12-29,80.5,82.2,97.0588235294119,68.7934574945787,50.8202785978755,83.26,"Low",22,"Bear",5,16.9999999999999,"2017"
"149",85,30,4690296,384768069,81.75,82.2,81.75,82.15,0.450000000000003,1612,2017-12-29,80.5,82.2,97.0588235294119,68.7934574945787,50.8202785978755,83.26,"Low",22,"Bear",5,20.8499999999999,"2017"
"150",85,35,4690296,384768069,81.75,82.2,81.75,82.15,0.450000000000003,1612,2017-12-29,80.5,82.2,97.0588235294119,68.7934574945787,50.8202785978755,83.26,"Low",22,"Bear",5,15.05,"2017"
"151",85,40,4690296,384768069,81.75,82.2,81.75,82.15,0.450000000000003,1612,2017-12-29,80.5,82.2,97.0588235294119,68.7934574945787,50.8202785978755,83.26,"Low",22,"Bear",5,13,"2017"
"152",85,45,4690296,384768069,81.75,82.2,81.75,82.15,0.450000000000003,1612,2017-12-29,80.5,82.2,97.0588235294119,68.7934574945787,50.8202785978755,83.26,"Low",22,"Bear",5,17.9499999999999,"2017"
"153",85,50,4690296,384768069,81.75,82.2,81.75,82.15,0.450000000000003,1612,2017-12-29,80.5,82.2,97.0588235294119,68.7934574945787,50.8202785978755,83.26,"Low",22,"Bear",5,19.8499999999999,"2017"
"154",85,55,4690296,384768069,81.75,82.2,81.75,82.15,0.450000000000003,1612,2017-12-29,80.5,82.2,97.0588235294119,68.7934574945787,50.8202785978755,83.26,"Low",22,"Bear",5,25.9499999999999,"2017"
"155",90,5,4690296,384768069,81.75,82.2,81.75,82.15,0.450000000000003,1612,2017-12-29,80.5,82.2,97.0588235294119,68.7934574945787,50.8202785978755,83.26,"Low",22,"Bear",0,400,"2017"
"156",90,10,4690296,384768069,81.75,82.2,81.75,82.15,0.450000000000003,1612,2017-12-29,80.5,82.2,97.0588235294119,68.7934574945787,50.8202785978755,83.26,"Low",22,"Bear",0,400,"2017"
"157",90,15,4690296,384768069,81.75,82.2,81.75,82.15,0.450000000000003,1612,2017-12-29,80.5,82.2,97.0588235294119,68.7934574945787,50.8202785978755,83.26,"Low",22,"Bear",1,326.8,"2017"
"158",90,20,4690296,384768069,81.75,82.2,81.75,82.15,0.450000000000003,1612,2017-12-29,80.5,82.2,97.0588235294119,68.7934574945787,50.8202785978755,83.26,"Low",22,"Bear",4,91.15,"2017"
"159",90,25,4690296,384768069,81.75,82.2,81.75,82.15,0.450000000000003,1612,2017-12-29,80.5,82.2,97.0588235294119,68.7934574945787,50.8202785978755,83.26,"Low",22,"Bear",5,21.55,"2017"
"160",90,30,4690296,384768069,81.75,82.2,81.75,82.15,0.450000000000003,1612,2017-12-29,80.5,82.2,97.0588235294119,68.7934574945787,50.8202785978755,83.26,"Low",22,"Bear",5,17.6999999999999,"2017"
"161",90,35,4690296,384768069,81.75,82.2,81.75,82.15,0.450000000000003,1612,2017-12-29,80.5,82.2,97.0588235294119,68.7934574945787,50.8202785978755,83.26,"Low",22,"Bear",5,13.8,"2017"
"162",90,40,4690296,384768069,81.75,82.2,81.75,82.15,0.450000000000003,1612,2017-12-29,80.5,82.2,97.0588235294119,68.7934574945787,50.8202785978755,83.26,"Low",22,"Bear",5,18.15,"2017"
"163",90,45,4690296,384768069,81.75,82.2,81.75,82.15,0.450000000000003,1612,2017-12-29,80.5,82.2,97.0588235294119,68.7934574945787,50.8202785978755,83.26,"Low",22,"Bear",5,22.95,"2017"
"164",90,50,4690296,384768069,81.75,82.2,81.75,82.15,0.450000000000003,1612,2017-12-29,80.5,82.2,97.0588235294119,68.7934574945787,50.8202785978755,83.26,"Low",22,"Bear",5,26.25,"2017"
"165",90,55,4690296,384768069,81.75,82.2,81.75,82.15,0.450000000000003,1612,2017-12-29,80.5,82.2,97.0588235294119,68.7934574945787,50.8202785978755,83.26,"Low",22,"Bear",5,31.5999999999999,"2017"
"166",95,5,4690296,384768069,81.75,82.2,81.75,82.15,0.450000000000003,1612,2017-12-29,80.5,82.2,97.0588235294119,68.7934574945787,50.8202785978755,83.26,"Low",22,"Bear",0,400,"2017"
"167",95,10,4690296,384768069,81.75,82.2,81.75,82.15,0.450000000000003,1612,2017-12-29,80.5,82.2,97.0588235294119,68.7934574945787,50.8202785978755,83.26,"Low",22,"Bear",0,400,"2017"
"168",95,15,4690296,384768069,81.75,82.2,81.75,82.15,0.450000000000003,1612,2017-12-29,80.5,82.2,97.0588235294119,68.7934574945787,50.8202785978755,83.26,"Low",22,"Bear",3,158,"2017"
"169",95,20,4690296,384768069,81.75,82.2,81.75,82.15,0.450000000000003,1612,2017-12-29,80.5,82.2,97.0588235294119,68.7934574945787,50.8202785978755,83.26,"Low",22,"Bear",5,13.5,"2017"
"170",95,25,4690296,384768069,81.75,82.2,81.75,82.15,0.450000000000003,1612,2017-12-29,80.5,82.2,97.0588235294119,68.7934574945787,50.8202785978755,83.26,"Low",22,"Bear",5,38.5,"2017"
"171",95,30,4690296,384768069,81.75,82.2,81.75,82.15,0.450000000000003,1612,2017-12-29,80.5,82.2,97.0588235294119,68.7934574945787,50.8202785978755,83.26,"Low",22,"Bear",5,37.7,"2017"
"172",95,35,4690296,384768069,81.75,82.2,81.75,82.15,0.450000000000003,1612,2017-12-29,80.5,82.2,97.0588235294119,68.7934574945787,50.8202785978755,83.26,"Low",22,"Bear",5,37.9,"2017"
"173",95,40,4690296,384768069,81.75,82.2,81.75,82.15,0.450000000000003,1612,2017-12-29,80.5,82.2,97.0588235294119,68.7934574945787,50.8202785978755,83.26,"Low",22,"Bear",5,37.3,"2017"
"174",95,45,4690296,384768069,81.75,82.2,81.75,82.15,0.450000000000003,1612,2017-12-29,80.5,82.2,97.0588235294119,68.7934574945787,50.8202785978755,83.26,"Low",22,"Bear",5,37.3,"2017"
"175",95,50,4690296,384768069,81.75,82.2,81.75,82.15,0.450000000000003,1612,2017-12-29,80.5,82.2,97.0588235294119,68.7934574945787,50.8202785978755,83.26,"Low",22,"Bear",5,37.35,"2017"
"176",95,55,4690296,384768069,81.75,82.2,81.75,82.15,0.450000000000003,1612,2017-12-29,80.5,82.2,97.0588235294119,68.7934574945787,50.8202785978755,83.26,"Low",22,"Bear",5,39.05,"2017"
"177",60,5,4629875,348222242,75.1,75.5,74.85,75.5,0.450000000000003,2008,2018-12-28,73.3,75.95,83.0188679245282,50.5292659164276,36.2207503290835,76.9808333333334,"Low",62,"Bear",0,400,"2018"
"178",60,10,4629875,348222242,75.1,75.5,74.85,75.5,0.450000000000003,2008,2018-12-28,73.3,75.95,83.0188679245282,50.5292659164276,36.2207503290835,76.9808333333334,"Low",62,"Bear",0,400,"2018"
"179",60,15,4629875,348222242,75.1,75.5,74.85,75.5,0.450000000000003,2008,2018-12-28,73.3,75.95,83.0188679245282,50.5292659164276,36.2207503290835,76.9808333333334,"Low",62,"Bear",0,405.9,"2018"
"180",60,20,4629875,348222242,75.1,75.5,74.85,75.5,0.450000000000003,2008,2018-12-28,73.3,75.95,83.0188679245282,50.5292659164276,36.2207503290835,76.9808333333334,"Low",62,"Bear",1,322.35,"2018"
"181",60,25,4629875,348222242,75.1,75.5,74.85,75.5,0.450000000000003,2008,2018-12-28,73.3,75.95,83.0188679245282,50.5292659164276,36.2207503290835,76.9808333333334,"Low",62,"Bear",3,168.95,"2018"
"182",60,30,4629875,348222242,75.1,75.5,74.85,75.5,0.450000000000003,2008,2018-12-28,73.3,75.95,83.0188679245282,50.5292659164276,36.2207503290835,76.9808333333334,"Low",62,"Bear",5,20.7000000000002,"2018"
"183",60,35,4629875,348222242,75.1,75.5,74.85,75.5,0.450000000000003,2008,2018-12-28,73.3,75.95,83.0188679245282,50.5292659164276,36.2207503290835,76.9808333333334,"Low",62,"Bear",5,8.90000000000009,"2018"
"184",60,40,4629875,348222242,75.1,75.5,74.85,75.5,0.450000000000003,2008,2018-12-28,73.3,75.95,83.0188679245282,50.5292659164276,36.2207503290835,76.9808333333334,"Low",62,"Bear",5,8.65000000000006,"2018"
"185",60,45,4629875,348222242,75.1,75.5,74.85,75.5,0.450000000000003,2008,2018-12-28,73.3,75.95,83.0188679245282,50.5292659164276,36.2207503290835,76.9808333333334,"Low",62,"Bear",5,0.400000000000048,"2018"
"186",60,50,4629875,348222242,75.1,75.5,74.85,75.5,0.450000000000003,2008,2018-12-28,73.3,75.95,83.0188679245282,50.5292659164276,36.2207503290835,76.9808333333334,"Low",62,"Bear",4,71.8500000000001,"2018"
"187",60,55,4629875,348222242,75.1,75.5,74.85,75.5,0.450000000000003,2008,2018-12-28,73.3,75.95,83.0188679245282,50.5292659164276,36.2207503290835,76.9808333333334,"Low",62,"Bear",4,69.45,"2018"
"188",65,5,4629875,348222242,75.1,75.5,74.85,75.5,0.450000000000003,2008,2018-12-28,73.3,75.95,83.0188679245282,50.5292659164276,36.2207503290835,76.9808333333334,"Low",62,"Bear",0,400,"2018"
"189",65,10,4629875,348222242,75.1,75.5,74.85,75.5,0.450000000000003,2008,2018-12-28,73.3,75.95,83.0188679245282,50.5292659164276,36.2207503290835,76.9808333333334,"Low",62,"Bear",0,400,"2018"
"190",65,15,4629875,348222242,75.1,75.5,74.85,75.5,0.450000000000003,2008,2018-12-28,73.3,75.95,83.0188679245282,50.5292659164276,36.2207503290835,76.9808333333334,"Low",62,"Bear",0,405.9,"2018"
"191",65,20,4629875,348222242,75.1,75.5,74.85,75.5,0.450000000000003,2008,2018-12-28,73.3,75.95,83.0188679245282,50.5292659164276,36.2207503290835,76.9808333333334,"Low",62,"Bear",1,321.1,"2018"
"192",65,25,4629875,348222242,75.1,75.5,74.85,75.5,0.450000000000003,2008,2018-12-28,73.3,75.95,83.0188679245282,50.5292659164276,36.2207503290835,76.9808333333334,"Low",62,"Bear",3,170.8,"2018"
"193",65,30,4629875,348222242,75.1,75.5,74.85,75.5,0.450000000000003,2008,2018-12-28,73.3,75.95,83.0188679245282,50.5292659164276,36.2207503290835,76.9808333333334,"Low",62,"Bear",5,24.0000000000001,"2018"
"194",65,35,4629875,348222242,75.1,75.5,74.85,75.5,0.450000000000003,2008,2018-12-28,73.3,75.95,83.0188679245282,50.5292659164276,36.2207503290835,76.9808333333334,"Low",62,"Bear",5,9.15000000000009,"2018"
"195",65,40,4629875,348222242,75.1,75.5,74.85,75.5,0.450000000000003,2008,2018-12-28,73.3,75.95,83.0188679245282,50.5292659164276,36.2207503290835,76.9808333333334,"Low",62,"Bear",5,7.20000000000016,"2018"
"196",65,45,4629875,348222242,75.1,75.5,74.85,75.5,0.450000000000003,2008,2018-12-28,73.3,75.95,83.0188679245282,50.5292659164276,36.2207503290835,76.9808333333334,"Low",62,"Bear",5,0.0500000000001393,"2018"
"197",65,50,4629875,348222242,75.1,75.5,74.85,75.5,0.450000000000003,2008,2018-12-28,73.3,75.95,83.0188679245282,50.5292659164276,36.2207503290835,76.9808333333334,"Low",62,"Bear",5,0.650000000000148,"2018"
"198",65,55,4629875,348222242,75.1,75.5,74.85,75.5,0.450000000000003,2008,2018-12-28,73.3,75.95,83.0188679245282,50.5292659164276,36.2207503290835,76.9808333333334,"Low",62,"Bear",4,71.9000000000001,"2018"
"199",70,5,4629875,348222242,75.1,75.5,74.85,75.5,0.450000000000003,2008,2018-12-28,73.3,75.95,83.0188679245282,50.5292659164276,36.2207503290835,76.9808333333334,"Low",62,"Bear",0,400,"2018"
"200",70,10,4629875,348222242,75.1,75.5,74.85,75.5,0.450000000000003,2008,2018-12-28,73.3,75.95,83.0188679245282,50.5292659164276,36.2207503290835,76.9808333333334,"Low",62,"Bear",0,400,"2018"
"201",70,15,4629875,348222242,75.1,75.5,74.85,75.5,0.450000000000003,2008,2018-12-28,73.3,75.95,83.0188679245282,50.5292659164276,36.2207503290835,76.9808333333334,"Low",62,"Bear",0,407.1,"2018"
"202",70,20,4629875,348222242,75.1,75.5,74.85,75.5,0.450000000000003,2008,2018-12-28,73.3,75.95,83.0188679245282,50.5292659164276,36.2207503290835,76.9808333333334,"Low",62,"Bear",1,323.55,"2018"
"203",70,25,4629875,348222242,75.1,75.5,74.85,75.5,0.450000000000003,2008,2018-12-28,73.3,75.95,83.0188679245282,50.5292659164276,36.2207503290835,76.9808333333334,"Low",62,"Bear",3,175.15,"2018"
"204",70,30,4629875,348222242,75.1,75.5,74.85,75.5,0.450000000000003,2008,2018-12-28,73.3,75.95,83.0188679245282,50.5292659164276,36.2207503290835,76.9808333333334,"Low",62,"Bear",5,31.1000000000002,"2018"
"205",70,35,4629875,348222242,75.1,75.5,74.85,75.5,0.450000000000003,2008,2018-12-28,73.3,75.95,83.0188679245282,50.5292659164276,36.2207503290835,76.9808333333334,"Low",62,"Bear",5,8.84999999999991,"2018"
"206",70,40,4629875,348222242,75.1,75.5,74.85,75.5,0.450000000000003,2008,2018-12-28,73.3,75.95,83.0188679245282,50.5292659164276,36.2207503290835,76.9808333333334,"Low",62,"Bear",5,8.39999999999995,"2018"
"207",70,45,4629875,348222242,75.1,75.5,74.85,75.5,0.450000000000003,2008,2018-12-28,73.3,75.95,83.0188679245282,50.5292659164276,36.2207503290835,76.9808333333334,"Low",62,"Bear",5,3.34999999999991,"2018"
"208",70,50,4629875,348222242,75.1,75.5,74.85,75.5,0.450000000000003,2008,2018-12-28,73.3,75.95,83.0188679245282,50.5292659164276,36.2207503290835,76.9808333333334,"Low",62,"Bear",5,3.09999999999988,"2018"
"209",70,55,4629875,348222242,75.1,75.5,74.85,75.5,0.450000000000003,2008,2018-12-28,73.3,75.95,83.0188679245282,50.5292659164276,36.2207503290835,76.9808333333334,"Low",62,"Bear",5,0.999999999999872,"2018"
"210",75,5,4629875,348222242,75.1,75.5,74.85,75.5,0.450000000000003,2008,2018-12-28,73.3,75.95,83.0188679245282,50.5292659164276,36.2207503290835,76.9808333333334,"Low",62,"Bear",0,400,"2018"
"211",75,10,4629875,348222242,75.1,75.5,74.85,75.5,0.450000000000003,2008,2018-12-28,73.3,75.95,83.0188679245282,50.5292659164276,36.2207503290835,76.9808333333334,"Low",62,"Bear",0,400,"2018"
"212",75,15,4629875,348222242,75.1,75.5,74.85,75.5,0.450000000000003,2008,2018-12-28,73.3,75.95,83.0188679245282,50.5292659164276,36.2207503290835,76.9808333333334,"Low",62,"Bear",0,407.1,"2018"
"213",75,20,4629875,348222242,75.1,75.5,74.85,75.5,0.450000000000003,2008,2018-12-28,73.3,75.95,83.0188679245282,50.5292659164276,36.2207503290835,76.9808333333334,"Low",62,"Bear",3,168.8,"2018"
"214",75,25,4629875,348222242,75.1,75.5,74.85,75.5,0.450000000000003,2008,2018-12-28,73.3,75.95,83.0188679245282,50.5292659164276,36.2207503290835,76.9808333333334,"Low",62,"Bear",5,20.15,"2018"
"215",75,30,4629875,348222242,75.1,75.5,74.85,75.5,0.450000000000003,2008,2018-12-28,73.3,75.95,83.0188679245282,50.5292659164276,36.2207503290835,76.9808333333334,"Low",62,"Bear",5,23.1500000000001,"2018"
"216",75,35,4629875,348222242,75.1,75.5,74.85,75.5,0.450000000000003,2008,2018-12-28,73.3,75.95,83.0188679245282,50.5292659164276,36.2207503290835,76.9808333333334,"Low",62,"Bear",5,4.75000000000006,"2018"
"217",75,40,4629875,348222242,75.1,75.5,74.85,75.5,0.450000000000003,2008,2018-12-28,73.3,75.95,83.0188679245282,50.5292659164276,36.2207503290835,76.9808333333334,"Low",62,"Bear",5,4.05000000000005,"2018"
"218",75,45,4629875,348222242,75.1,75.5,74.85,75.5,0.450000000000003,2008,2018-12-28,73.3,75.95,83.0188679245282,50.5292659164276,36.2207503290835,76.9808333333334,"Low",62,"Bear",5,0.599999999999838,"2018"
"219",75,50,4629875,348222242,75.1,75.5,74.85,75.5,0.450000000000003,2008,2018-12-28,73.3,75.95,83.0188679245282,50.5292659164276,36.2207503290835,76.9808333333334,"Low",62,"Bear",5,0.999999999999801,"2018"
"220",75,55,4629875,348222242,75.1,75.5,74.85,75.5,0.450000000000003,2008,2018-12-28,73.3,75.95,83.0188679245282,50.5292659164276,36.2207503290835,76.9808333333334,"Low",62,"Bear",5,0.299999999999926,"2018"
"221",80,5,4629875,348222242,75.1,75.5,74.85,75.5,0.450000000000003,2008,2018-12-28,73.3,75.95,83.0188679245282,50.5292659164276,36.2207503290835,76.9808333333334,"Low",62,"Bear",0,400,"2018"
"222",80,10,4629875,348222242,75.1,75.5,74.85,75.5,0.450000000000003,2008,2018-12-28,73.3,75.95,83.0188679245282,50.5292659164276,36.2207503290835,76.9808333333334,"Low",62,"Bear",0,400,"2018"
"223",80,15,4629875,348222242,75.1,75.5,74.85,75.5,0.450000000000003,2008,2018-12-28,73.3,75.95,83.0188679245282,50.5292659164276,36.2207503290835,76.9808333333334,"Low",62,"Bear",0,408.2,"2018"
"224",80,20,4629875,348222242,75.1,75.5,74.85,75.5,0.450000000000003,2008,2018-12-28,73.3,75.95,83.0188679245282,50.5292659164276,36.2207503290835,76.9808333333334,"Low",62,"Bear",4,95.5999999999999,"2018"
"225",80,25,4629875,348222242,75.1,75.5,74.85,75.5,0.450000000000003,2008,2018-12-28,73.3,75.95,83.0188679245282,50.5292659164276,36.2207503290835,76.9808333333334,"Low",62,"Bear",5,15.9,"2018"
"226",80,30,4629875,348222242,75.1,75.5,74.85,75.5,0.450000000000003,2008,2018-12-28,73.3,75.95,83.0188679245282,50.5292659164276,36.2207503290835,76.9808333333334,"Low",62,"Bear",5,25.0000000000001,"2018"
"227",80,35,4629875,348222242,75.1,75.5,74.85,75.5,0.450000000000003,2008,2018-12-28,73.3,75.95,83.0188679245282,50.5292659164276,36.2207503290835,76.9808333333334,"Low",62,"Bear",5,3.85000000000012,"2018"
"228",80,40,4629875,348222242,75.1,75.5,74.85,75.5,0.450000000000003,2008,2018-12-28,73.3,75.95,83.0188679245282,50.5292659164276,36.2207503290835,76.9808333333334,"Low",62,"Bear",5,4.40000000000006,"2018"
"229",80,45,4629875,348222242,75.1,75.5,74.85,75.5,0.450000000000003,2008,2018-12-28,73.3,75.95,83.0188679245282,50.5292659164276,36.2207503290835,76.9808333333334,"Low",62,"Bear",5,0.0500000000000256,"2018"
"230",80,50,4629875,348222242,75.1,75.5,74.85,75.5,0.450000000000003,2008,2018-12-28,73.3,75.95,83.0188679245282,50.5292659164276,36.2207503290835,76.9808333333334,"Low",62,"Bear",5,0.250000000000043,"2018"
"231",80,55,4629875,348222242,75.1,75.5,74.85,75.5,0.450000000000003,2008,2018-12-28,73.3,75.95,83.0188679245282,50.5292659164276,36.2207503290835,76.9808333333334,"Low",62,"Bear",4,72.7000000000001,"2018"
"232",85,5,4629875,348222242,75.1,75.5,74.85,75.5,0.450000000000003,2008,2018-12-28,73.3,75.95,83.0188679245282,50.5292659164276,36.2207503290835,76.9808333333334,"Low",62,"Bear",0,400,"2018"
"233",85,10,4629875,348222242,75.1,75.5,74.85,75.5,0.450000000000003,2008,2018-12-28,73.3,75.95,83.0188679245282,50.5292659164276,36.2207503290835,76.9808333333334,"Low",62,"Bear",0,400,"2018"
"234",85,15,4629875,348222242,75.1,75.5,74.85,75.5,0.450000000000003,2008,2018-12-28,73.3,75.95,83.0188679245282,50.5292659164276,36.2207503290835,76.9808333333334,"Low",62,"Bear",0,417.1,"2018"
"235",85,20,4629875,348222242,75.1,75.5,74.85,75.5,0.450000000000003,2008,2018-12-28,73.3,75.95,83.0188679245282,50.5292659164276,36.2207503290835,76.9808333333334,"Low",62,"Bear",5,29.35,"2018"
"236",85,25,4629875,348222242,75.1,75.5,74.85,75.5,0.450000000000003,2008,2018-12-28,73.3,75.95,83.0188679245282,50.5292659164276,36.2207503290835,76.9808333333334,"Low",62,"Bear",5,17.15,"2018"
"237",85,30,4629875,348222242,75.1,75.5,74.85,75.5,0.450000000000003,2008,2018-12-28,73.3,75.95,83.0188679245282,50.5292659164276,36.2207503290835,76.9808333333334,"Low",62,"Bear",5,2.39999999999999,"2018"
"238",85,35,4629875,348222242,75.1,75.5,74.85,75.5,0.450000000000003,2008,2018-12-28,73.3,75.95,83.0188679245282,50.5292659164276,36.2207503290835,76.9808333333334,"Low",62,"Bear",5,0.549999999999926,"2018"
"239",85,40,4629875,348222242,75.1,75.5,74.85,75.5,0.450000000000003,2008,2018-12-28,73.3,75.95,83.0188679245282,50.5292659164276,36.2207503290835,76.9808333333334,"Low",62,"Bear",5,0.349999999999966,"2018"
"240",85,45,4629875,348222242,75.1,75.5,74.85,75.5,0.450000000000003,2008,2018-12-28,73.3,75.95,83.0188679245282,50.5292659164276,36.2207503290835,76.9808333333334,"Low",62,"Bear",4,69.15,"2018"
"241",85,50,4629875,348222242,75.1,75.5,74.85,75.5,0.450000000000003,2008,2018-12-28,73.3,75.95,83.0188679245282,50.5292659164276,36.2207503290835,76.9808333333334,"Low",62,"Bear",4,68.75,"2018"
"242",85,55,4629875,348222242,75.1,75.5,74.85,75.5,0.450000000000003,2008,2018-12-28,73.3,75.95,83.0188679245282,50.5292659164276,36.2207503290835,76.9808333333334,"Low",62,"Bear",4,67.3,"2018"
"243",90,5,4629875,348222242,75.1,75.5,74.85,75.5,0.450000000000003,2008,2018-12-28,73.3,75.95,83.0188679245282,50.5292659164276,36.2207503290835,76.9808333333334,"Low",62,"Bear",0,400,"2018"
"244",90,10,4629875,348222242,75.1,75.5,74.85,75.5,0.450000000000003,2008,2018-12-28,73.3,75.95,83.0188679245282,50.5292659164276,36.2207503290835,76.9808333333334,"Low",62,"Bear",0,400,"2018"
"245",90,15,4629875,348222242,75.1,75.5,74.85,75.5,0.450000000000003,2008,2018-12-28,73.3,75.95,83.0188679245282,50.5292659164276,36.2207503290835,76.9808333333334,"Low",62,"Bear",0,417.65,"2018"
"246",90,20,4629875,348222242,75.1,75.5,74.85,75.5,0.450000000000003,2008,2018-12-28,73.3,75.95,83.0188679245282,50.5292659164276,36.2207503290835,76.9808333333334,"Low",62,"Bear",5,26.5,"2018"
"247",90,25,4629875,348222242,75.1,75.5,74.85,75.5,0.450000000000003,2008,2018-12-28,73.3,75.95,83.0188679245282,50.5292659164276,36.2207503290835,76.9808333333334,"Low",62,"Bear",5,0.0499999999999687,"2018"
"248",90,30,4629875,348222242,75.1,75.5,74.85,75.5,0.450000000000003,2008,2018-12-28,73.3,75.95,83.0188679245282,50.5292659164276,36.2207503290835,76.9808333333334,"Low",62,"Bear",4,71.45,"2018"
"249",90,35,4629875,348222242,75.1,75.5,74.85,75.5,0.450000000000003,2008,2018-12-28,73.3,75.95,83.0188679245282,50.5292659164276,36.2207503290835,76.9808333333334,"Low",62,"Bear",4,69.7,"2018"
"250",90,40,4629875,348222242,75.1,75.5,74.85,75.5,0.450000000000003,2008,2018-12-28,73.3,75.95,83.0188679245282,50.5292659164276,36.2207503290835,76.9808333333334,"Low",62,"Bear",4,69.7,"2018"
"251",90,45,4629875,348222242,75.1,75.5,74.85,75.5,0.450000000000003,2008,2018-12-28,73.3,75.95,83.0188679245282,50.5292659164276,36.2207503290835,76.9808333333334,"Low",62,"Bear",4,65.7999999999999,"2018"
"252",90,50,4629875,348222242,75.1,75.5,74.85,75.5,0.450000000000003,2008,2018-12-28,73.3,75.95,83.0188679245282,50.5292659164276,36.2207503290835,76.9808333333334,"Low",62,"Bear",4,65.7999999999999,"2018"
"253",90,55,4629875,348222242,75.1,75.5,74.85,75.5,0.450000000000003,2008,2018-12-28,73.3,75.95,83.0188679245282,50.5292659164276,36.2207503290835,76.9808333333334,"Low",62,"Bear",4,65.7999999999999,"2018"
"254",95,5,4629875,348222242,75.1,75.5,74.85,75.5,0.450000000000003,2008,2018-12-28,73.3,75.95,83.0188679245282,50.5292659164276,36.2207503290835,76.9808333333334,"Low",62,"Bear",0,400,"2018"
"255",95,10,4629875,348222242,75.1,75.5,74.85,75.5,0.450000000000003,2008,2018-12-28,73.3,75.95,83.0188679245282,50.5292659164276,36.2207503290835,76.9808333333334,"Low",62,"Bear",0,400,"2018"
"256",95,15,4629875,348222242,75.1,75.5,74.85,75.5,0.450000000000003,2008,2018-12-28,73.3,75.95,83.0188679245282,50.5292659164276,36.2207503290835,76.9808333333334,"Low",62,"Bear",3,163.2,"2018"
"257",95,20,4629875,348222242,75.1,75.5,74.85,75.5,0.450000000000003,2008,2018-12-28,73.3,75.95,83.0188679245282,50.5292659164276,36.2207503290835,76.9808333333334,"Low",62,"Bear",5,1.8,"2018"
"258",95,25,4629875,348222242,75.1,75.5,74.85,75.5,0.450000000000003,2008,2018-12-28,73.3,75.95,83.0188679245282,50.5292659164276,36.2207503290835,76.9808333333334,"Low",62,"Bear",5,0.749999999999972,"2018"
"259",95,30,4629875,348222242,75.1,75.5,74.85,75.5,0.450000000000003,2008,2018-12-28,73.3,75.95,83.0188679245282,50.5292659164276,36.2207503290835,76.9808333333334,"Low",62,"Bear",4,70.25,"2018"
"260",95,35,4629875,348222242,75.1,75.5,74.85,75.5,0.450000000000003,2008,2018-12-28,73.3,75.95,83.0188679245282,50.5292659164276,36.2207503290835,76.9808333333334,"Low",62,"Bear",4,65.6,"2018"
"261",95,40,4629875,348222242,75.1,75.5,74.85,75.5,0.450000000000003,2008,2018-12-28,73.3,75.95,83.0188679245282,50.5292659164276,36.2207503290835,76.9808333333334,"Low",62,"Bear",4,65.6,"2018"
"262",95,45,4629875,348222242,75.1,75.5,74.85,75.5,0.450000000000003,2008,2018-12-28,73.3,75.95,83.0188679245282,50.5292659164276,36.2207503290835,76.9808333333334,"Low",62,"Bear",4,61.7,"2018"
"263",95,50,4629875,348222242,75.1,75.5,74.85,75.5,0.450000000000003,2008,2018-12-28,73.3,75.95,83.0188679245282,50.5292659164276,36.2207503290835,76.9808333333334,"Low",62,"Bear",4,61.7,"2018"
"264",95,55,4629875,348222242,75.1,75.5,74.85,75.5,0.450000000000003,2008,2018-12-28,73.3,75.95,83.0188679245282,50.5292659164276,36.2207503290835,76.9808333333334,"Low",62,"Bear",4,61.7,"2018"
"265",60,5,19370894,1581406102,81.15,81.9,81.15,81.85,1.3,5592,2019-08-30,79.6,81.9,97.8260869565213,64.4923042717185,57.5067802314666,81.2225,"High",1,"NoTrend",0,400,"2019"
"266",60,10,19370894,1581406102,81.15,81.9,81.15,81.85,1.3,5592,2019-08-30,79.6,81.9,97.8260869565213,64.4923042717185,57.5067802314666,81.2225,"High",1,"NoTrend",0,401.4,"2019"
"267",60,15,19370894,1581406102,81.15,81.9,81.15,81.85,1.3,5592,2019-08-30,79.6,81.9,97.8260869565213,64.4923042717185,57.5067802314666,81.2225,"High",1,"NoTrend",0,400.45,"2019"
"268",60,20,19370894,1581406102,81.15,81.9,81.15,81.85,1.3,5592,2019-08-30,79.6,81.9,97.8260869565213,64.4923042717185,57.5067802314666,81.2225,"High",1,"NoTrend",0,397.85,"2019"
"269",60,25,19370894,1581406102,81.15,81.9,81.15,81.85,1.3,5592,2019-08-30,79.6,81.9,97.8260869565213,64.4923042717185,57.5067802314666,81.2225,"High",1,"NoTrend",0,397.45,"2019"
"270",60,30,19370894,1581406102,81.15,81.9,81.15,81.85,1.3,5592,2019-08-30,79.6,81.9,97.8260869565213,64.4923042717185,57.5067802314666,81.2225,"High",1,"NoTrend",0,397.85,"2019"
"271",60,35,19370894,1581406102,81.15,81.9,81.15,81.85,1.3,5592,2019-08-30,79.6,81.9,97.8260869565213,64.4923042717185,57.5067802314666,81.2225,"High",1,"NoTrend",0,395.45,"2019"
"272",60,40,19370894,1581406102,81.15,81.9,81.15,81.85,1.3,5592,2019-08-30,79.6,81.9,97.8260869565213,64.4923042717185,57.5067802314666,81.2225,"High",1,"NoTrend",0,395.85,"2019"
"273",60,45,19370894,1581406102,81.15,81.9,81.15,81.85,1.3,5592,2019-08-30,79.6,81.9,97.8260869565213,64.4923042717185,57.5067802314666,81.2225,"High",1,"NoTrend",0,397.45,"2019"
"274",60,50,19370894,1581406102,81.15,81.9,81.15,81.85,1.3,5592,2019-08-30,79.6,81.9,97.8260869565213,64.4923042717185,57.5067802314666,81.2225,"High",1,"NoTrend",1,312.45,"2019"
"275",60,55,19370894,1581406102,81.15,81.9,81.15,81.85,1.3,5592,2019-08-30,79.6,81.9,97.8260869565213,64.4923042717185,57.5067802314666,81.2225,"High",1,"NoTrend",1,315.2,"2019"
"276",65,5,19370894,1581406102,81.15,81.9,81.15,81.85,1.3,5592,2019-08-30,79.6,81.9,97.8260869565213,64.4923042717185,57.5067802314666,81.2225,"High",1,"NoTrend",0,400,"2019"
"277",65,10,19370894,1581406102,81.15,81.9,81.15,81.85,1.3,5592,2019-08-30,79.6,81.9,97.8260869565213,64.4923042717185,57.5067802314666,81.2225,"High",1,"NoTrend",0,403.6,"2019"
"278",65,15,19370894,1581406102,81.15,81.9,81.15,81.85,1.3,5592,2019-08-30,79.6,81.9,97.8260869565213,64.4923042717185,57.5067802314666,81.2225,"High",1,"NoTrend",0,402.15,"2019"
"279",65,20,19370894,1581406102,81.15,81.9,81.15,81.85,1.3,5592,2019-08-30,79.6,81.9,97.8260869565213,64.4923042717185,57.5067802314666,81.2225,"High",1,"NoTrend",0,399.55,"2019"
"280",65,25,19370894,1581406102,81.15,81.9,81.15,81.85,1.3,5592,2019-08-30,79.6,81.9,97.8260869565213,64.4923042717185,57.5067802314666,81.2225,"High",1,"NoTrend",0,399.45,"2019"
"281",65,30,19370894,1581406102,81.15,81.9,81.15,81.85,1.3,5592,2019-08-30,79.6,81.9,97.8260869565213,64.4923042717185,57.5067802314666,81.2225,"High",1,"NoTrend",1,318.75,"2019"
"282",65,35,19370894,1581406102,81.15,81.9,81.15,81.85,1.3,5592,2019-08-30,79.6,81.9,97.8260869565213,64.4923042717185,57.5067802314666,81.2225,"High",1,"NoTrend",1,316.35,"2019"
"283",65,40,19370894,1581406102,81.15,81.9,81.15,81.85,1.3,5592,2019-08-30,79.6,81.9,97.8260869565213,64.4923042717185,57.5067802314666,81.2225,"High",1,"NoTrend",1,317.05,"2019"
"284",65,45,19370894,1581406102,81.15,81.9,81.15,81.85,1.3,5592,2019-08-30,79.6,81.9,97.8260869565213,64.4923042717185,57.5067802314666,81.2225,"High",1,"NoTrend",1,319.05,"2019"
"285",65,50,19370894,1581406102,81.15,81.9,81.15,81.85,1.3,5592,2019-08-30,79.6,81.9,97.8260869565213,64.4923042717185,57.5067802314666,81.2225,"High",1,"NoTrend",2,234.55,"2019"
"286",65,55,19370894,1581406102,81.15,81.9,81.15,81.85,1.3,5592,2019-08-30,79.6,81.9,97.8260869565213,64.4923042717185,57.5067802314666,81.2225,"High",1,"NoTrend",2,237.7,"2019"
"287",70,5,19370894,1581406102,81.15,81.9,81.15,81.85,1.3,5592,2019-08-30,79.6,81.9,97.8260869565213,64.4923042717185,57.5067802314666,81.2225,"High",1,"NoTrend",0,400,"2019"
"288",70,10,19370894,1581406102,81.15,81.9,81.15,81.85,1.3,5592,2019-08-30,79.6,81.9,97.8260869565213,64.4923042717185,57.5067802314666,81.2225,"High",1,"NoTrend",0,404.45,"2019"
"289",70,15,19370894,1581406102,81.15,81.9,81.15,81.85,1.3,5592,2019-08-30,79.6,81.9,97.8260869565213,64.4923042717185,57.5067802314666,81.2225,"High",1,"NoTrend",0,404.85,"2019"
"290",70,20,19370894,1581406102,81.15,81.9,81.15,81.85,1.3,5592,2019-08-30,79.6,81.9,97.8260869565213,64.4923042717185,57.5067802314666,81.2225,"High",1,"NoTrend",0,402.25,"2019"
"291",70,25,19370894,1581406102,81.15,81.9,81.15,81.85,1.3,5592,2019-08-30,79.6,81.9,97.8260869565213,64.4923042717185,57.5067802314666,81.2225,"High",1,"NoTrend",0,402.15,"2019"
"292",70,30,19370894,1581406102,81.15,81.9,81.15,81.85,1.3,5592,2019-08-30,79.6,81.9,97.8260869565213,64.4923042717185,57.5067802314666,81.2225,"High",1,"NoTrend",1,321.45,"2019"
"293",70,35,19370894,1581406102,81.15,81.9,81.15,81.85,1.3,5592,2019-08-30,79.6,81.9,97.8260869565213,64.4923042717185,57.5067802314666,81.2225,"High",1,"NoTrend",1,319.05,"2019"
"294",70,40,19370894,1581406102,81.15,81.9,81.15,81.85,1.3,5592,2019-08-30,79.6,81.9,97.8260869565213,64.4923042717185,57.5067802314666,81.2225,"High",1,"NoTrend",1,320.85,"2019"
"295",70,45,19370894,1581406102,81.15,81.9,81.15,81.85,1.3,5592,2019-08-30,79.6,81.9,97.8260869565213,64.4923042717185,57.5067802314666,81.2225,"High",1,"NoTrend",2,243.5,"2019"
"296",70,50,19370894,1581406102,81.15,81.9,81.15,81.85,1.3,5592,2019-08-30,79.6,81.9,97.8260869565213,64.4923042717185,57.5067802314666,81.2225,"High",1,"NoTrend",2,239.65,"2019"
"297",70,55,19370894,1581406102,81.15,81.9,81.15,81.85,1.3,5592,2019-08-30,79.6,81.9,97.8260869565213,64.4923042717185,57.5067802314666,81.2225,"High",1,"NoTrend",3,162.7,"2019"
"298",75,5,19370894,1581406102,81.15,81.9,81.15,81.85,1.3,5592,2019-08-30,79.6,81.9,97.8260869565213,64.4923042717185,57.5067802314666,81.2225,"High",1,"NoTrend",0,400,"2019"
"299",75,10,19370894,1581406102,81.15,81.9,81.15,81.85,1.3,5592,2019-08-30,79.6,81.9,97.8260869565213,64.4923042717185,57.5067802314666,81.2225,"High",1,"NoTrend",0,406.3,"2019"
"300",75,15,19370894,1581406102,81.15,81.9,81.15,81.85,1.3,5592,2019-08-30,79.6,81.9,97.8260869565213,64.4923042717185,57.5067802314666,81.2225,"High",1,"NoTrend",0,406.8,"2019"
"301",75,20,19370894,1581406102,81.15,81.9,81.15,81.85,1.3,5592,2019-08-30,79.6,81.9,97.8260869565213,64.4923042717185,57.5067802314666,81.2225,"High",1,"NoTrend",0,404.2,"2019"
"302",75,25,19370894,1581406102,81.15,81.9,81.15,81.85,1.3,5592,2019-08-30,79.6,81.9,97.8260869565213,64.4923042717185,57.5067802314666,81.2225,"High",1,"NoTrend",0,404,"2019"
"303",75,30,19370894,1581406102,81.15,81.9,81.15,81.85,1.3,5592,2019-08-30,79.6,81.9,97.8260869565213,64.4923042717185,57.5067802314666,81.2225,"High",1,"NoTrend",2,242.4,"2019"
"304",75,35,19370894,1581406102,81.15,81.9,81.15,81.85,1.3,5592,2019-08-30,79.6,81.9,97.8260869565213,64.4923042717185,57.5067802314666,81.2225,"High",1,"NoTrend",2,240.55,"2019"
"305",75,40,19370894,1581406102,81.15,81.9,81.15,81.85,1.3,5592,2019-08-30,79.6,81.9,97.8260869565213,64.4923042717185,57.5067802314666,81.2225,"High",1,"NoTrend",3,162.2,"2019"
"306",75,45,19370894,1581406102,81.15,81.9,81.15,81.85,1.3,5592,2019-08-30,79.6,81.9,97.8260869565213,64.4923042717185,57.5067802314666,81.2225,"High",1,"NoTrend",3,165.5,"2019"
"307",75,50,19370894,1581406102,81.15,81.9,81.15,81.85,1.3,5592,2019-08-30,79.6,81.9,97.8260869565213,64.4923042717185,57.5067802314666,81.2225,"High",1,"NoTrend",4,82.2499999999998,"2019"
"308",75,55,19370894,1581406102,81.15,81.9,81.15,81.85,1.3,5592,2019-08-30,79.6,81.9,97.8260869565213,64.4923042717185,57.5067802314666,81.2225,"High",1,"NoTrend",4,86.1499999999998,"2019"
"309",80,5,19370894,1581406102,81.15,81.9,81.15,81.85,1.3,5592,2019-08-30,79.6,81.9,97.8260869565213,64.4923042717185,57.5067802314666,81.2225,"High",1,"NoTrend",0,400,"2019"
"310",80,10,19370894,1581406102,81.15,81.9,81.15,81.85,1.3,5592,2019-08-30,79.6,81.9,97.8260869565213,64.4923042717185,57.5067802314666,81.2225,"High",1,"NoTrend",0,408.2,"2019"
"311",80,15,19370894,1581406102,81.15,81.9,81.15,81.85,1.3,5592,2019-08-30,79.6,81.9,97.8260869565213,64.4923042717185,57.5067802314666,81.2225,"High",1,"NoTrend",0,409.05,"2019"
"312",80,20,19370894,1581406102,81.15,81.9,81.15,81.85,1.3,5592,2019-08-30,79.6,81.9,97.8260869565213,64.4923042717185,57.5067802314666,81.2225,"High",1,"NoTrend",0,406.45,"2019"
"313",80,25,19370894,1581406102,81.15,81.9,81.15,81.85,1.3,5592,2019-08-30,79.6,81.9,97.8260869565213,64.4923042717185,57.5067802314666,81.2225,"High",1,"NoTrend",1,325.35,"2019"
"314",80,30,19370894,1581406102,81.15,81.9,81.15,81.85,1.3,5592,2019-08-30,79.6,81.9,97.8260869565213,64.4923042717185,57.5067802314666,81.2225,"High",1,"NoTrend",3,163.75,"2019"
"315",80,35,19370894,1581406102,81.15,81.9,81.15,81.85,1.3,5592,2019-08-30,79.6,81.9,97.8260869565213,64.4923042717185,57.5067802314666,81.2225,"High",1,"NoTrend",4,81.2,"2019"
"316",80,40,19370894,1581406102,81.15,81.9,81.15,81.85,1.3,5592,2019-08-30,79.6,81.9,97.8260869565213,64.4923042717185,57.5067802314666,81.2225,"High",1,"NoTrend",4,84.05,"2019"
"317",80,45,19370894,1581406102,81.15,81.9,81.15,81.85,1.3,5592,2019-08-30,79.6,81.9,97.8260869565213,64.4923042717185,57.5067802314666,81.2225,"High",1,"NoTrend",4,88.2999999999998,"2019"
"318",80,50,19370894,1581406102,81.15,81.9,81.15,81.85,1.3,5592,2019-08-30,79.6,81.9,97.8260869565213,64.4923042717185,57.5067802314666,81.2225,"High",1,"NoTrend",5,6.79999999999984,"2019"
"319",80,55,19370894,1581406102,81.15,81.9,81.15,81.85,1.3,5592,2019-08-30,79.6,81.9,97.8260869565213,64.4923042717185,57.5067802314666,81.2225,"High",1,"NoTrend",5,10.6999999999998,"2019"
"320",85,5,19370894,1581406102,81.15,81.9,81.15,81.85,1.3,5592,2019-08-30,79.6,81.9,97.8260869565213,64.4923042717185,57.5067802314666,81.2225,"High",1,"NoTrend",0,400,"2019"
"321",85,10,19370894,1581406102,81.15,81.9,81.15,81.85,1.3,5592,2019-08-30,79.6,81.9,97.8260869565213,64.4923042717185,57.5067802314666,81.2225,"High",1,"NoTrend",2,251.9,"2019"
"322",85,15,19370894,1581406102,81.15,81.9,81.15,81.85,1.3,5592,2019-08-30,79.6,81.9,97.8260869565213,64.4923042717185,57.5067802314666,81.2225,"High",1,"NoTrend",3,171.55,"2019"
"323",85,20,19370894,1581406102,81.15,81.9,81.15,81.85,1.3,5592,2019-08-30,79.6,81.9,97.8260869565213,64.4923042717185,57.5067802314666,81.2225,"High",1,"NoTrend",3,168.95,"2019"
"324",85,25,19370894,1581406102,81.15,81.9,81.15,81.85,1.3,5592,2019-08-30,79.6,81.9,97.8260869565213,64.4923042717185,57.5067802314666,81.2225,"High",1,"NoTrend",5,6.75000000000003,"2019"
"325",85,30,19370894,1581406102,81.15,81.9,81.15,81.85,1.3,5592,2019-08-30,79.6,81.9,97.8260869565213,64.4923042717185,57.5067802314666,81.2225,"High",1,"NoTrend",5,5.90000000000002,"2019"
"326",85,35,19370894,1581406102,81.15,81.9,81.15,81.85,1.3,5592,2019-08-30,79.6,81.9,97.8260869565213,64.4923042717185,57.5067802314666,81.2225,"High",1,"NoTrend",5,5.74999999999996,"2019"
"327",85,40,19370894,1581406102,81.15,81.9,81.15,81.85,1.3,5592,2019-08-30,79.6,81.9,97.8260869565213,64.4923042717185,57.5067802314666,81.2225,"High",1,"NoTrend",5,9,"2019"
"328",85,45,19370894,1581406102,81.15,81.9,81.15,81.85,1.3,5592,2019-08-30,79.6,81.9,97.8260869565213,64.4923042717185,57.5067802314666,81.2225,"High",1,"NoTrend",5,16,"2019"
"329",85,50,19370894,1581406102,81.15,81.9,81.15,81.85,1.3,5592,2019-08-30,79.6,81.9,97.8260869565213,64.4923042717185,57.5067802314666,81.2225,"High",1,"NoTrend",5,19.6499999999999,"2019"
"330",85,55,19370894,1581406102,81.15,81.9,81.15,81.85,1.3,5592,2019-08-30,79.6,81.9,97.8260869565213,64.4923042717185,57.5067802314666,81.2225,"High",1,"NoTrend",5,24.5,"2019"
"331",90,5,19370894,1581406102,81.15,81.9,81.15,81.85,1.3,5592,2019-08-30,79.6,81.9,97.8260869565213,64.4923042717185,57.5067802314666,81.2225,"High",1,"NoTrend",0,400,"2019"
"332",90,10,19370894,1581406102,81.15,81.9,81.15,81.85,1.3,5592,2019-08-30,79.6,81.9,97.8260869565213,64.4923042717185,57.5067802314666,81.2225,"High",1,"NoTrend",4,88.05,"2019"
"333",90,15,19370894,1581406102,81.15,81.9,81.15,81.85,1.3,5592,2019-08-30,79.6,81.9,97.8260869565213,64.4923042717185,57.5067802314666,81.2225,"High",1,"NoTrend",5,7.69999999999999,"2019"
"334",90,20,19370894,1581406102,81.15,81.9,81.15,81.85,1.3,5592,2019-08-30,79.6,81.9,97.8260869565213,64.4923042717185,57.5067802314666,81.2225,"High",1,"NoTrend",5,5.10000000000001,"2019"
"335",90,25,19370894,1581406102,81.15,81.9,81.15,81.85,1.3,5592,2019-08-30,79.6,81.9,97.8260869565213,64.4923042717185,57.5067802314666,81.2225,"High",1,"NoTrend",5,3.15000000000002,"2019"
"336",90,30,19370894,1581406102,81.15,81.9,81.15,81.85,1.3,5592,2019-08-30,79.6,81.9,97.8260869565213,64.4923042717185,57.5067802314666,81.2225,"High",1,"NoTrend",5,3.15000000000002,"2019"
"337",90,35,19370894,1581406102,81.15,81.9,81.15,81.85,1.3,5592,2019-08-30,79.6,81.9,97.8260869565213,64.4923042717185,57.5067802314666,81.2225,"High",1,"NoTrend",5,6.29999999999995,"2019"
"338",90,40,19370894,1581406102,81.15,81.9,81.15,81.85,1.3,5592,2019-08-30,79.6,81.9,97.8260869565213,64.4923042717185,57.5067802314666,81.2225,"High",1,"NoTrend",5,16.4499999999999,"2019"
"339",90,45,19370894,1581406102,81.15,81.9,81.15,81.85,1.3,5592,2019-08-30,79.6,81.9,97.8260869565213,64.4923042717185,57.5067802314666,81.2225,"High",1,"NoTrend",5,30.25,"2019"
"340",90,50,19370894,1581406102,81.15,81.9,81.15,81.85,1.3,5592,2019-08-30,79.6,81.9,97.8260869565213,64.4923042717185,57.5067802314666,81.2225,"High",1,"NoTrend",5,26.95,"2019"
"341",90,55,19370894,1581406102,81.15,81.9,81.15,81.85,1.3,5592,2019-08-30,79.6,81.9,97.8260869565213,64.4923042717185,57.5067802314666,81.2225,"High",1,"NoTrend",5,26.3,"2019"
"342",95,5,19370894,1581406102,81.15,81.9,81.15,81.85,1.3,5592,2019-08-30,79.6,81.9,97.8260869565213,64.4923042717185,57.5067802314666,81.2225,"High",1,"NoTrend",0,400,"2019"
"343",95,10,19370894,1581406102,81.15,81.9,81.15,81.85,1.3,5592,2019-08-30,79.6,81.9,97.8260869565213,64.4923042717185,57.5067802314666,81.2225,"High",1,"NoTrend",4,88.05,"2019"
"344",95,15,19370894,1581406102,81.15,81.9,81.15,81.85,1.3,5592,2019-08-30,79.6,81.9,97.8260869565213,64.4923042717185,57.5067802314666,81.2225,"High",1,"NoTrend",5,7.69999999999999,"2019"
"345",95,20,19370894,1581406102,81.15,81.9,81.15,81.85,1.3,5592,2019-08-30,79.6,81.9,97.8260869565213,64.4923042717185,57.5067802314666,81.2225,"High",1,"NoTrend",5,5.10000000000001,"2019"
"346",95,25,19370894,1581406102,81.15,81.9,81.15,81.85,1.3,5592,2019-08-30,79.6,81.9,97.8260869565213,64.4923042717185,57.5067802314666,81.2225,"High",1,"NoTrend",5,3.15000000000002,"2019"
"347",95,30,19370894,1581406102,81.15,81.9,81.15,81.85,1.3,5592,2019-08-30,79.6,81.9,97.8260869565213,64.4923042717185,57.5067802314666,81.2225,"High",1,"NoTrend",5,3.15000000000002,"2019"
"348",95,35,19370894,1581406102,81.15,81.9,81.15,81.85,1.3,5592,2019-08-30,79.6,81.9,97.8260869565213,64.4923042717185,57.5067802314666,81.2225,"High",1,"NoTrend",5,9.49999999999997,"2019"
"349",95,40,19370894,1581406102,81.15,81.9,81.15,81.85,1.3,5592,2019-08-30,79.6,81.9,97.8260869565213,64.4923042717185,57.5067802314666,81.2225,"High",1,"NoTrend",5,20.65,"2019"
"350",95,45,19370894,1581406102,81.15,81.9,81.15,81.85,1.3,5592,2019-08-30,79.6,81.9,97.8260869565213,64.4923042717185,57.5067802314666,81.2225,"High",1,"NoTrend",5,29,"2019"
"351",95,50,19370894,1581406102,81.15,81.9,81.15,81.85,1.3,5592,2019-08-30,79.6,81.9,97.8260869565213,64.4923042717185,57.5067802314666,81.2225,"High",1,"NoTrend",5,28.5,"2019"
"352",95,55,19370894,1581406102,81.15,81.9,81.15,81.85,1.3,5592,2019-08-30,79.6,81.9,97.8260869565213,64.4923042717185,57.5067802314666,81.2225,"High",1,"NoTrend",5,28.5,"2019"
"353",60,5,4629875,348222242,75.1,75.5,74.85,75.5,0.450000000000003,2008,2018-12-28,73.3,75.95,83.0188679245282,50.5292659164276,36.2207503290835,76.9808333333334,"Low",62,"Bear",0,400,"2016_2018"
"354",60,10,4629875,348222242,75.1,75.5,74.85,75.5,0.450000000000003,2008,2018-12-28,73.3,75.95,83.0188679245282,50.5292659164276,36.2207503290835,76.9808333333334,"Low",62,"Bear",0,401.65,"2016_2018"
"355",60,15,4629875,348222242,75.1,75.5,74.85,75.5,0.450000000000003,2008,2018-12-28,73.3,75.95,83.0188679245282,50.5292659164276,36.2207503290835,76.9808333333334,"Low",62,"Bear",0,428.8,"2016_2018"
"356",60,20,4629875,348222242,75.1,75.5,74.85,75.5,0.450000000000003,2008,2018-12-28,73.3,75.95,83.0188679245282,50.5292659164276,36.2207503290835,76.9808333333334,"Low",62,"Bear",1,365.2,"2016_2018"
"357",60,25,4629875,348222242,75.1,75.5,74.85,75.5,0.450000000000003,2008,2018-12-28,73.3,75.95,83.0188679245282,50.5292659164276,36.2207503290835,76.9808333333334,"Low",62,"Bear",3,228.3,"2016_2018"
"358",60,30,4629875,348222242,75.1,75.5,74.85,75.5,0.450000000000003,2008,2018-12-28,73.3,75.95,83.0188679245282,50.5292659164276,36.2207503290835,76.9808333333334,"Low",62,"Bear",6,21.5499999999998,"2016_2018"
"359",60,35,4629875,348222242,75.1,75.5,74.85,75.5,0.450000000000003,2008,2018-12-28,73.3,75.95,83.0188679245282,50.5292659164276,36.2207503290835,76.9808333333334,"Low",62,"Bear",5,72.6499999999999,"2016_2018"
"360",60,40,4629875,348222242,75.1,75.5,74.85,75.5,0.450000000000003,2008,2018-12-28,73.3,75.95,83.0188679245282,50.5292659164276,36.2207503290835,76.9808333333334,"Low",62,"Bear",5,66.3,"2016_2018"
"361",60,45,4629875,348222242,75.1,75.5,74.85,75.5,0.450000000000003,2008,2018-12-28,73.3,75.95,83.0188679245282,50.5292659164276,36.2207503290835,76.9808333333334,"Low",62,"Bear",5,42.95,"2016_2018"
"362",60,50,4629875,348222242,75.1,75.5,74.85,75.5,0.450000000000003,2008,2018-12-28,73.3,75.95,83.0188679245282,50.5292659164276,36.2207503290835,76.9808333333334,"Low",62,"Bear",5,42.15,"2016_2018"
"363",60,55,4629875,348222242,75.1,75.5,74.85,75.5,0.450000000000003,2008,2018-12-28,73.3,75.95,83.0188679245282,50.5292659164276,36.2207503290835,76.9808333333334,"Low",62,"Bear",5,44.85,"2016_2018"
"364",65,5,4629875,348222242,75.1,75.5,74.85,75.5,0.450000000000003,2008,2018-12-28,73.3,75.95,83.0188679245282,50.5292659164276,36.2207503290835,76.9808333333334,"Low",62,"Bear",0,400,"2016_2018"
"365",65,10,4629875,348222242,75.1,75.5,74.85,75.5,0.450000000000003,2008,2018-12-28,73.3,75.95,83.0188679245282,50.5292659164276,36.2207503290835,76.9808333333334,"Low",62,"Bear",0,401.65,"2016_2018"
"366",65,15,4629875,348222242,75.1,75.5,74.85,75.5,0.450000000000003,2008,2018-12-28,73.3,75.95,83.0188679245282,50.5292659164276,36.2207503290835,76.9808333333334,"Low",62,"Bear",0,428.8,"2016_2018"
"367",65,20,4629875,348222242,75.1,75.5,74.85,75.5,0.450000000000003,2008,2018-12-28,73.3,75.95,83.0188679245282,50.5292659164276,36.2207503290835,76.9808333333334,"Low",62,"Bear",1,366.8,"2016_2018"
"368",65,25,4629875,348222242,75.1,75.5,74.85,75.5,0.450000000000003,2008,2018-12-28,73.3,75.95,83.0188679245282,50.5292659164276,36.2207503290835,76.9808333333334,"Low",62,"Bear",3,233.45,"2016_2018"
"369",65,30,4629875,348222242,75.1,75.5,74.85,75.5,0.450000000000003,2008,2018-12-28,73.3,75.95,83.0188679245282,50.5292659164276,36.2207503290835,76.9808333333334,"Low",62,"Bear",6,28.9999999999997,"2016_2018"
"370",65,35,4629875,348222242,75.1,75.5,74.85,75.5,0.450000000000003,2008,2018-12-28,73.3,75.95,83.0188679245282,50.5292659164276,36.2207503290835,76.9808333333334,"Low",62,"Bear",5,70.1999999999998,"2016_2018"
"371",65,40,4629875,348222242,75.1,75.5,74.85,75.5,0.450000000000003,2008,2018-12-28,73.3,75.95,83.0188679245282,50.5292659164276,36.2207503290835,76.9808333333334,"Low",62,"Bear",5,61.25,"2016_2018"
"372",65,45,4629875,348222242,75.1,75.5,74.85,75.5,0.450000000000003,2008,2018-12-28,73.3,75.95,83.0188679245282,50.5292659164276,36.2207503290835,76.9808333333334,"Low",62,"Bear",5,42.1999999999998,"2016_2018"
"373",65,50,4629875,348222242,75.1,75.5,74.85,75.5,0.450000000000003,2008,2018-12-28,73.3,75.95,83.0188679245282,50.5292659164276,36.2207503290835,76.9808333333334,"Low",62,"Bear",5,44.4999999999999,"2016_2018"
"374",65,55,4629875,348222242,75.1,75.5,74.85,75.5,0.450000000000003,2008,2018-12-28,73.3,75.95,83.0188679245282,50.5292659164276,36.2207503290835,76.9808333333334,"Low",62,"Bear",5,48.2499999999999,"2016_2018"
"375",70,5,4629875,348222242,75.1,75.5,74.85,75.5,0.450000000000003,2008,2018-12-28,73.3,75.95,83.0188679245282,50.5292659164276,36.2207503290835,76.9808333333334,"Low",62,"Bear",0,400,"2016_2018"
"376",70,10,4629875,348222242,75.1,75.5,74.85,75.5,0.450000000000003,2008,2018-12-28,73.3,75.95,83.0188679245282,50.5292659164276,36.2207503290835,76.9808333333334,"Low",62,"Bear",0,401.65,"2016_2018"
"377",70,15,4629875,348222242,75.1,75.5,74.85,75.5,0.450000000000003,2008,2018-12-28,73.3,75.95,83.0188679245282,50.5292659164276,36.2207503290835,76.9808333333334,"Low",62,"Bear",0,433,"2016_2018"
"378",70,20,4629875,348222242,75.1,75.5,74.85,75.5,0.450000000000003,2008,2018-12-28,73.3,75.95,83.0188679245282,50.5292659164276,36.2207503290835,76.9808333333334,"Low",62,"Bear",1,374.2,"2016_2018"
"379",70,25,4629875,348222242,75.1,75.5,74.85,75.5,0.450000000000003,2008,2018-12-28,73.3,75.95,83.0188679245282,50.5292659164276,36.2207503290835,76.9808333333334,"Low",62,"Bear",4,164.85,"2016_2018"
"380",70,30,4629875,348222242,75.1,75.5,74.85,75.5,0.450000000000003,2008,2018-12-28,73.3,75.95,83.0188679245282,50.5292659164276,36.2207503290835,76.9808333333334,"Low",62,"Bear",6,28.2500000000001,"2016_2018"
"381",70,35,4629875,348222242,75.1,75.5,74.85,75.5,0.450000000000003,2008,2018-12-28,73.3,75.95,83.0188679245282,50.5292659164276,36.2207503290835,76.9808333333334,"Low",62,"Bear",5,67.65,"2016_2018"
"382",70,40,4629875,348222242,75.1,75.5,74.85,75.5,0.450000000000003,2008,2018-12-28,73.3,75.95,83.0188679245282,50.5292659164276,36.2207503290835,76.9808333333334,"Low",62,"Bear",5,65,"2016_2018"
"383",70,45,4629875,348222242,75.1,75.5,74.85,75.5,0.450000000000003,2008,2018-12-28,73.3,75.95,83.0188679245282,50.5292659164276,36.2207503290835,76.9808333333334,"Low",62,"Bear",5,51.7,"2016_2018"
"384",70,50,4629875,348222242,75.1,75.5,74.85,75.5,0.450000000000003,2008,2018-12-28,73.3,75.95,83.0188679245282,50.5292659164276,36.2207503290835,76.9808333333334,"Low",62,"Bear",5,54.0500000000001,"2016_2018"
"385",70,55,4629875,348222242,75.1,75.5,74.85,75.5,0.450000000000003,2008,2018-12-28,73.3,75.95,83.0188679245282,50.5292659164276,36.2207503290835,76.9808333333334,"Low",62,"Bear",5,56.9,"2016_2018"
"386",75,5,4629875,348222242,75.1,75.5,74.85,75.5,0.450000000000003,2008,2018-12-28,73.3,75.95,83.0188679245282,50.5292659164276,36.2207503290835,76.9808333333334,"Low",62,"Bear",0,400,"2016_2018"
"387",75,10,4629875,348222242,75.1,75.5,74.85,75.5,0.450000000000003,2008,2018-12-28,73.3,75.95,83.0188679245282,50.5292659164276,36.2207503290835,76.9808333333334,"Low",62,"Bear",0,402.3,"2016_2018"
"388",75,15,4629875,348222242,75.1,75.5,74.85,75.5,0.450000000000003,2008,2018-12-28,73.3,75.95,83.0188679245282,50.5292659164276,36.2207503290835,76.9808333333334,"Low",62,"Bear",0,436.15,"2016_2018"
"389",75,20,4629875,348222242,75.1,75.5,74.85,75.5,0.450000000000003,2008,2018-12-28,73.3,75.95,83.0188679245282,50.5292659164276,36.2207503290835,76.9808333333334,"Low",62,"Bear",3,224,"2016_2018"
"390",75,25,4629875,348222242,75.1,75.5,74.85,75.5,0.450000000000003,2008,2018-12-28,73.3,75.95,83.0188679245282,50.5292659164276,36.2207503290835,76.9808333333334,"Low",62,"Bear",6,9.39999999999974,"2016_2018"
"391",75,30,4629875,348222242,75.1,75.5,74.85,75.5,0.450000000000003,2008,2018-12-28,73.3,75.95,83.0188679245282,50.5292659164276,36.2207503290835,76.9808333333334,"Low",62,"Bear",6,26.8000000000001,"2016_2018"
"392",75,35,4629875,348222242,75.1,75.5,74.85,75.5,0.450000000000003,2008,2018-12-28,73.3,75.95,83.0188679245282,50.5292659164276,36.2207503290835,76.9808333333334,"Low",62,"Bear",5,65.7999999999998,"2016_2018"
"393",75,40,4629875,348222242,75.1,75.5,74.85,75.5,0.450000000000003,2008,2018-12-28,73.3,75.95,83.0188679245282,50.5292659164276,36.2207503290835,76.9808333333334,"Low",62,"Bear",5,65.2000000000002,"2016_2018"
"394",75,45,4629875,348222242,75.1,75.5,74.85,75.5,0.450000000000003,2008,2018-12-28,73.3,75.95,83.0188679245282,50.5292659164276,36.2207503290835,76.9808333333334,"Low",62,"Bear",5,53.3500000000001,"2016_2018"
"395",75,50,4629875,348222242,75.1,75.5,74.85,75.5,0.450000000000003,2008,2018-12-28,73.3,75.95,83.0188679245282,50.5292659164276,36.2207503290835,76.9808333333334,"Low",62,"Bear",5,57.9499999999999,"2016_2018"
"396",75,55,4629875,348222242,75.1,75.5,74.85,75.5,0.450000000000003,2008,2018-12-28,73.3,75.95,83.0188679245282,50.5292659164276,36.2207503290835,76.9808333333334,"Low",62,"Bear",5,67.1999999999998,"2016_2018"
"397",80,5,4629875,348222242,75.1,75.5,74.85,75.5,0.450000000000003,2008,2018-12-28,73.3,75.95,83.0188679245282,50.5292659164276,36.2207503290835,76.9808333333334,"Low",62,"Bear",0,400,"2016_2018"
"398",80,10,4629875,348222242,75.1,75.5,74.85,75.5,0.450000000000003,2008,2018-12-28,73.3,75.95,83.0188679245282,50.5292659164276,36.2207503290835,76.9808333333334,"Low",62,"Bear",0,402.3,"2016_2018"
"399",80,15,4629875,348222242,75.1,75.5,74.85,75.5,0.450000000000003,2008,2018-12-28,73.3,75.95,83.0188679245282,50.5292659164276,36.2207503290835,76.9808333333334,"Low",62,"Bear",0,439.1,"2016_2018"
"400",80,20,4629875,348222242,75.1,75.5,74.85,75.5,0.450000000000003,2008,2018-12-28,73.3,75.95,83.0188679245282,50.5292659164276,36.2207503290835,76.9808333333334,"Low",62,"Bear",5,80.6999999999999,"2016_2018"
"401",80,25,4629875,348222242,75.1,75.5,74.85,75.5,0.450000000000003,2008,2018-12-28,73.3,75.95,83.0188679245282,50.5292659164276,36.2207503290835,76.9808333333334,"Low",62,"Bear",6,14.0999999999998,"2016_2018"
"402",80,30,4629875,348222242,75.1,75.5,74.85,75.5,0.450000000000003,2008,2018-12-28,73.3,75.95,83.0188679245282,50.5292659164276,36.2207503290835,76.9808333333334,"Low",62,"Bear",6,37.9499999999999,"2016_2018"
"403",80,35,4629875,348222242,75.1,75.5,74.85,75.5,0.450000000000003,2008,2018-12-28,73.3,75.95,83.0188679245282,50.5292659164276,36.2207503290835,76.9808333333334,"Low",62,"Bear",5,69.6999999999998,"2016_2018"
"404",80,40,4629875,348222242,75.1,75.5,74.85,75.5,0.450000000000003,2008,2018-12-28,73.3,75.95,83.0188679245282,50.5292659164276,36.2207503290835,76.9808333333334,"Low",62,"Bear",6,2.14999999999999,"2016_2018"
"405",80,45,4629875,348222242,75.1,75.5,74.85,75.5,0.450000000000003,2008,2018-12-28,73.3,75.95,83.0188679245282,50.5292659164276,36.2207503290835,76.9808333333334,"Low",62,"Bear",5,63.05,"2016_2018"
"406",80,50,4629875,348222242,75.1,75.5,74.85,75.5,0.450000000000003,2008,2018-12-28,73.3,75.95,83.0188679245282,50.5292659164276,36.2207503290835,76.9808333333334,"Low",62,"Bear",5,71.4499999999996,"2016_2018"
"407",80,55,4629875,348222242,75.1,75.5,74.85,75.5,0.450000000000003,2008,2018-12-28,73.3,75.95,83.0188679245282,50.5292659164276,36.2207503290835,76.9808333333334,"Low",62,"Bear",5,73.4999999999999,"2016_2018"
"408",85,5,4629875,348222242,75.1,75.5,74.85,75.5,0.450000000000003,2008,2018-12-28,73.3,75.95,83.0188679245282,50.5292659164276,36.2207503290835,76.9808333333334,"Low",62,"Bear",0,400,"2016_2018"
"409",85,10,4629875,348222242,75.1,75.5,74.85,75.5,0.450000000000003,2008,2018-12-28,73.3,75.95,83.0188679245282,50.5292659164276,36.2207503290835,76.9808333333334,"Low",62,"Bear",0,402.45,"2016_2018"
"410",85,15,4629875,348222242,75.1,75.5,74.85,75.5,0.450000000000003,2008,2018-12-28,73.3,75.95,83.0188679245282,50.5292659164276,36.2207503290835,76.9808333333334,"Low",62,"Bear",0,451.4,"2016_2018"
"411",85,20,4629875,348222242,75.1,75.5,74.85,75.5,0.450000000000003,2008,2018-12-28,73.3,75.95,83.0188679245282,50.5292659164276,36.2207503290835,76.9808333333334,"Low",62,"Bear",6,40.1999999999999,"2016_2018"
"412",85,25,4629875,348222242,75.1,75.5,74.85,75.5,0.450000000000003,2008,2018-12-28,73.3,75.95,83.0188679245282,50.5292659164276,36.2207503290835,76.9808333333334,"Low",62,"Bear",6,28.2000000000001,"2016_2018"
"413",85,30,4629875,348222242,75.1,75.5,74.85,75.5,0.450000000000003,2008,2018-12-28,73.3,75.95,83.0188679245282,50.5292659164276,36.2207503290835,76.9808333333334,"Low",62,"Bear",6,18.5999999999999,"2016_2018"
"414",85,35,4629875,348222242,75.1,75.5,74.85,75.5,0.450000000000003,2008,2018-12-28,73.3,75.95,83.0188679245282,50.5292659164276,36.2207503290835,76.9808333333334,"Low",62,"Bear",5,56.85,"2016_2018"
"415",85,40,4629875,348222242,75.1,75.5,74.85,75.5,0.450000000000003,2008,2018-12-28,73.3,75.95,83.0188679245282,50.5292659164276,36.2207503290835,76.9808333333334,"Low",62,"Bear",5,54.9499999999999,"2016_2018"
"416",85,45,4629875,348222242,75.1,75.5,74.85,75.5,0.450000000000003,2008,2018-12-28,73.3,75.95,83.0188679245282,50.5292659164276,36.2207503290835,76.9808333333334,"Low",62,"Bear",5,55.3499999999999,"2016_2018"
"417",85,50,4629875,348222242,75.1,75.5,74.85,75.5,0.450000000000003,2008,2018-12-28,73.3,75.95,83.0188679245282,50.5292659164276,36.2207503290835,76.9808333333334,"Low",62,"Bear",5,68.5999999999999,"2016_2018"
"418",85,55,4629875,348222242,75.1,75.5,74.85,75.5,0.450000000000003,2008,2018-12-28,73.3,75.95,83.0188679245282,50.5292659164276,36.2207503290835,76.9808333333334,"Low",62,"Bear",5,71.9999999999999,"2016_2018"
"419",90,5,4629875,348222242,75.1,75.5,74.85,75.5,0.450000000000003,2008,2018-12-28,73.3,75.95,83.0188679245282,50.5292659164276,36.2207503290835,76.9808333333334,"Low",62,"Bear",0,400,"2016_2018"
"420",90,10,4629875,348222242,75.1,75.5,74.85,75.5,0.450000000000003,2008,2018-12-28,73.3,75.95,83.0188679245282,50.5292659164276,36.2207503290835,76.9808333333334,"Low",62,"Bear",0,402.9,"2016_2018"
"421",90,15,4629875,348222242,75.1,75.5,74.85,75.5,0.450000000000003,2008,2018-12-28,73.3,75.95,83.0188679245282,50.5292659164276,36.2207503290835,76.9808333333334,"Low",62,"Bear",0,459.65,"2016_2018"
"422",90,20,4629875,348222242,75.1,75.5,74.85,75.5,0.450000000000003,2008,2018-12-28,73.3,75.95,83.0188679245282,50.5292659164276,36.2207503290835,76.9808333333334,"Low",62,"Bear",6,49.05,"2016_2018"
"423",90,25,4629875,348222242,75.1,75.5,74.85,75.5,0.450000000000003,2008,2018-12-28,73.3,75.95,83.0188679245282,50.5292659164276,36.2207503290835,76.9808333333334,"Low",62,"Bear",6,31.3,"2016_2018"
"424",90,30,4629875,348222242,75.1,75.5,74.85,75.5,0.450000000000003,2008,2018-12-28,73.3,75.95,83.0188679245282,50.5292659164276,36.2207503290835,76.9808333333334,"Low",62,"Bear",6,17.35,"2016_2018"
"425",90,35,4629875,348222242,75.1,75.5,74.85,75.5,0.450000000000003,2008,2018-12-28,73.3,75.95,83.0188679245282,50.5292659164276,36.2207503290835,76.9808333333334,"Low",62,"Bear",6,1.45000000000019,"2016_2018"
"426",90,40,4629875,348222242,75.1,75.5,74.85,75.5,0.450000000000003,2008,2018-12-28,73.3,75.95,83.0188679245282,50.5292659164276,36.2207503290835,76.9808333333334,"Low",62,"Bear",6,0.0499999999999119,"2016_2018"
"427",90,45,4629875,348222242,75.1,75.5,74.85,75.5,0.450000000000003,2008,2018-12-28,73.3,75.95,83.0188679245282,50.5292659164276,36.2207503290835,76.9808333333334,"Low",62,"Bear",6,6.19999999999992,"2016_2018"
"428",90,50,4629875,348222242,75.1,75.5,74.85,75.5,0.450000000000003,2008,2018-12-28,73.3,75.95,83.0188679245282,50.5292659164276,36.2207503290835,76.9808333333334,"Low",62,"Bear",6,20.4499999999998,"2016_2018"
"429",90,55,4629875,348222242,75.1,75.5,74.85,75.5,0.450000000000003,2008,2018-12-28,73.3,75.95,83.0188679245282,50.5292659164276,36.2207503290835,76.9808333333334,"Low",62,"Bear",6,26.3499999999997,"2016_2018"
"430",95,5,4629875,348222242,75.1,75.5,74.85,75.5,0.450000000000003,2008,2018-12-28,73.3,75.95,83.0188679245282,50.5292659164276,36.2207503290835,76.9808333333334,"Low",62,"Bear",0,400,"2016_2018"
"431",95,10,4629875,348222242,75.1,75.5,74.85,75.5,0.450000000000003,2008,2018-12-28,73.3,75.95,83.0188679245282,50.5292659164276,36.2207503290835,76.9808333333334,"Low",62,"Bear",0,409.45,"2016_2018"
"432",95,15,4629875,348222242,75.1,75.5,74.85,75.5,0.450000000000003,2008,2018-12-28,73.3,75.95,83.0188679245282,50.5292659164276,36.2207503290835,76.9808333333334,"Low",62,"Bear",6,39.85,"2016_2018"
"433",95,20,4629875,348222242,75.1,75.5,74.85,75.5,0.450000000000003,2008,2018-12-28,73.3,75.95,83.0188679245282,50.5292659164276,36.2207503290835,76.9808333333334,"Low",62,"Bear",6,63.45,"2016_2018"
"434",95,25,4629875,348222242,75.1,75.5,74.85,75.5,0.450000000000003,2008,2018-12-28,73.3,75.95,83.0188679245282,50.5292659164276,36.2207503290835,76.9808333333334,"Low",62,"Bear",6,63.25,"2016_2018"
"435",95,30,4629875,348222242,75.1,75.5,74.85,75.5,0.450000000000003,2008,2018-12-28,73.3,75.95,83.0188679245282,50.5292659164276,36.2207503290835,76.9808333333334,"Low",62,"Bear",6,70.4,"2016_2018"
"436",95,35,4629875,348222242,75.1,75.5,74.85,75.5,0.450000000000003,2008,2018-12-28,73.3,75.95,83.0188679245282,50.5292659164276,36.2207503290835,76.9808333333334,"Low",62,"Bear",6,51.5,"2016_2018"
"437",95,40,4629875,348222242,75.1,75.5,74.85,75.5,0.450000000000003,2008,2018-12-28,73.3,75.95,83.0188679245282,50.5292659164276,36.2207503290835,76.9808333333334,"Low",62,"Bear",6,54.1,"2016_2018"
"438",95,45,4629875,348222242,75.1,75.5,74.85,75.5,0.450000000000003,2008,2018-12-28,73.3,75.95,83.0188679245282,50.5292659164276,36.2207503290835,76.9808333333334,"Low",62,"Bear",6,54.05,"2016_2018"
"439",95,50,4629875,348222242,75.1,75.5,74.85,75.5,0.450000000000003,2008,2018-12-28,73.3,75.95,83.0188679245282,50.5292659164276,36.2207503290835,76.9808333333334,"Low",62,"Bear",6,54.65,"2016_2018"
"440",95,55,4629875,348222242,75.1,75.5,74.85,75.5,0.450000000000003,2008,2018-12-28,73.3,75.95,83.0188679245282,50.5292659164276,36.2207503290835,76.9808333333334,"Low",62,"Bear",6,54.55,"2016_2018"
