"","KSC","KBC","Θユ鸭","Θユ髅B","}L基","程蔼基","程C基","ΜL基","害^基t","Θユ掸计","Date","PL1_N","PH1_N","RSV","K","D","MA60","Long","Cash","YEAR"
"1",60,5,6294000,157407290,24.95,25.15,24.87,25.01,0.310000000000002,1236,2016-12-30,24.16,25.15,85.8585858585861,48.9003443870738,32.3828211546608,24.877,0,400,"2016"
"2",60,10,6294000,157407290,24.95,25.15,24.87,25.01,0.310000000000002,1236,2016-12-30,24.16,25.15,85.8585858585861,48.9003443870738,32.3828211546608,24.877,0,404.98,"2016"
"3",60,15,6294000,157407290,24.95,25.15,24.87,25.01,0.310000000000002,1236,2016-12-30,24.16,25.15,85.8585858585861,48.9003443870738,32.3828211546608,24.877,2,368.41,"2016"
"4",60,20,6294000,157407290,24.95,25.15,24.87,25.01,0.310000000000002,1236,2016-12-30,24.16,25.15,85.8585858585861,48.9003443870738,32.3828211546608,24.877,3,350.16,"2016"
"5",60,25,6294000,157407290,24.95,25.15,24.87,25.01,0.310000000000002,1236,2016-12-30,24.16,25.15,85.8585858585861,48.9003443870738,32.3828211546608,24.877,4,332.8,"2016"
"6",60,30,6294000,157407290,24.95,25.15,24.87,25.01,0.310000000000002,1236,2016-12-30,24.16,25.15,85.8585858585861,48.9003443870738,32.3828211546608,24.877,5,311.62,"2016"
"7",60,35,6294000,157407290,24.95,25.15,24.87,25.01,0.310000000000002,1236,2016-12-30,24.16,25.15,85.8585858585861,48.9003443870738,32.3828211546608,24.877,5,313.43,"2016"
"8",60,40,6294000,157407290,24.95,25.15,24.87,25.01,0.310000000000002,1236,2016-12-30,24.16,25.15,85.8585858585861,48.9003443870738,32.3828211546608,24.877,6,295.29,"2016"
"9",60,45,6294000,157407290,24.95,25.15,24.87,25.01,0.310000000000002,1236,2016-12-30,24.16,25.15,85.8585858585861,48.9003443870738,32.3828211546608,24.877,6,301.32,"2016"
"10",60,50,6294000,157407290,24.95,25.15,24.87,25.01,0.310000000000002,1236,2016-12-30,24.16,25.15,85.8585858585861,48.9003443870738,32.3828211546608,24.877,7,284.33,"2016"
"11",60,55,6294000,157407290,24.95,25.15,24.87,25.01,0.310000000000002,1236,2016-12-30,24.16,25.15,85.8585858585861,48.9003443870738,32.3828211546608,24.877,7,287.58,"2016"
"12",65,5,6294000,157407290,24.95,25.15,24.87,25.01,0.310000000000002,1236,2016-12-30,24.16,25.15,85.8585858585861,48.9003443870738,32.3828211546608,24.877,0,400,"2016"
"13",65,10,6294000,157407290,24.95,25.15,24.87,25.01,0.310000000000002,1236,2016-12-30,24.16,25.15,85.8585858585861,48.9003443870738,32.3828211546608,24.877,0,404.98,"2016"
"14",65,15,6294000,157407290,24.95,25.15,24.87,25.01,0.310000000000002,1236,2016-12-30,24.16,25.15,85.8585858585861,48.9003443870738,32.3828211546608,24.877,2,368.41,"2016"
"15",65,20,6294000,157407290,24.95,25.15,24.87,25.01,0.310000000000002,1236,2016-12-30,24.16,25.15,85.8585858585861,48.9003443870738,32.3828211546608,24.877,3,350.16,"2016"
"16",65,25,6294000,157407290,24.95,25.15,24.87,25.01,0.310000000000002,1236,2016-12-30,24.16,25.15,85.8585858585861,48.9003443870738,32.3828211546608,24.877,4,332.8,"2016"
"17",65,30,6294000,157407290,24.95,25.15,24.87,25.01,0.310000000000002,1236,2016-12-30,24.16,25.15,85.8585858585861,48.9003443870738,32.3828211546608,24.877,5,311.62,"2016"
"18",65,35,6294000,157407290,24.95,25.15,24.87,25.01,0.310000000000002,1236,2016-12-30,24.16,25.15,85.8585858585861,48.9003443870738,32.3828211546608,24.877,5,313.62,"2016"
"19",65,40,6294000,157407290,24.95,25.15,24.87,25.01,0.310000000000002,1236,2016-12-30,24.16,25.15,85.8585858585861,48.9003443870738,32.3828211546608,24.877,6,295.91,"2016"
"20",65,45,6294000,157407290,24.95,25.15,24.87,25.01,0.310000000000002,1236,2016-12-30,24.16,25.15,85.8585858585861,48.9003443870738,32.3828211546608,24.877,6,302.84,"2016"
"21",65,50,6294000,157407290,24.95,25.15,24.87,25.01,0.310000000000002,1236,2016-12-30,24.16,25.15,85.8585858585861,48.9003443870738,32.3828211546608,24.877,7,286.66,"2016"
"22",65,55,6294000,157407290,24.95,25.15,24.87,25.01,0.310000000000002,1236,2016-12-30,24.16,25.15,85.8585858585861,48.9003443870738,32.3828211546608,24.877,7,290.75,"2016"
"23",70,5,6294000,157407290,24.95,25.15,24.87,25.01,0.310000000000002,1236,2016-12-30,24.16,25.15,85.8585858585861,48.9003443870738,32.3828211546608,24.877,0,400,"2016"
"24",70,10,6294000,157407290,24.95,25.15,24.87,25.01,0.310000000000002,1236,2016-12-30,24.16,25.15,85.8585858585861,48.9003443870738,32.3828211546608,24.877,0,404.98,"2016"
"25",70,15,6294000,157407290,24.95,25.15,24.87,25.01,0.310000000000002,1236,2016-12-30,24.16,25.15,85.8585858585861,48.9003443870738,32.3828211546608,24.877,2,369.69,"2016"
"26",70,20,6294000,157407290,24.95,25.15,24.87,25.01,0.310000000000002,1236,2016-12-30,24.16,25.15,85.8585858585861,48.9003443870738,32.3828211546608,24.877,3,351.61,"2016"
"27",70,25,6294000,157407290,24.95,25.15,24.87,25.01,0.310000000000002,1236,2016-12-30,24.16,25.15,85.8585858585861,48.9003443870738,32.3828211546608,24.877,4,334.89,"2016"
"28",70,30,6294000,157407290,24.95,25.15,24.87,25.01,0.310000000000002,1236,2016-12-30,24.16,25.15,85.8585858585861,48.9003443870738,32.3828211546608,24.877,5,315.63,"2016"
"29",70,35,6294000,157407290,24.95,25.15,24.87,25.01,0.310000000000002,1236,2016-12-30,24.16,25.15,85.8585858585861,48.9003443870738,32.3828211546608,24.877,5,318.86,"2016"
"30",70,40,6294000,157407290,24.95,25.15,24.87,25.01,0.310000000000002,1236,2016-12-30,24.16,25.15,85.8585858585861,48.9003443870738,32.3828211546608,24.877,6,302.97,"2016"
"31",70,45,6294000,157407290,24.95,25.15,24.87,25.01,0.310000000000002,1236,2016-12-30,24.16,25.15,85.8585858585861,48.9003443870738,32.3828211546608,24.877,6,312.18,"2016"
"32",70,50,6294000,157407290,24.95,25.15,24.87,25.01,0.310000000000002,1236,2016-12-30,24.16,25.15,85.8585858585861,48.9003443870738,32.3828211546608,24.877,7,291.81,"2016"
"33",70,55,6294000,157407290,24.95,25.15,24.87,25.01,0.310000000000002,1236,2016-12-30,24.16,25.15,85.8585858585861,48.9003443870738,32.3828211546608,24.877,7,297.43,"2016"
"34",75,5,6294000,157407290,24.95,25.15,24.87,25.01,0.310000000000002,1236,2016-12-30,24.16,25.15,85.8585858585861,48.9003443870738,32.3828211546608,24.877,0,400,"2016"
"35",75,10,6294000,157407290,24.95,25.15,24.87,25.01,0.310000000000002,1236,2016-12-30,24.16,25.15,85.8585858585861,48.9003443870738,32.3828211546608,24.877,0,405.43,"2016"
"36",75,15,6294000,157407290,24.95,25.15,24.87,25.01,0.310000000000002,1236,2016-12-30,24.16,25.15,85.8585858585861,48.9003443870738,32.3828211546608,24.877,2,371.48,"2016"
"37",75,20,6294000,157407290,24.95,25.15,24.87,25.01,0.310000000000002,1236,2016-12-30,24.16,25.15,85.8585858585861,48.9003443870738,32.3828211546608,24.877,3,354.55,"2016"
"38",75,25,6294000,157407290,24.95,25.15,24.87,25.01,0.310000000000002,1236,2016-12-30,24.16,25.15,85.8585858585861,48.9003443870738,32.3828211546608,24.877,4,339.47,"2016"
"39",75,30,6294000,157407290,24.95,25.15,24.87,25.01,0.310000000000002,1236,2016-12-30,24.16,25.15,85.8585858585861,48.9003443870738,32.3828211546608,24.877,5,322.49,"2016"
"40",75,35,6294000,157407290,24.95,25.15,24.87,25.01,0.310000000000002,1236,2016-12-30,24.16,25.15,85.8585858585861,48.9003443870738,32.3828211546608,24.877,5,325.4,"2016"
"41",75,40,6294000,157407290,24.95,25.15,24.87,25.01,0.310000000000002,1236,2016-12-30,24.16,25.15,85.8585858585861,48.9003443870738,32.3828211546608,24.877,7,287.24,"2016"
"42",75,45,6294000,157407290,24.95,25.15,24.87,25.01,0.310000000000002,1236,2016-12-30,24.16,25.15,85.8585858585861,48.9003443870738,32.3828211546608,24.877,8,271.86,"2016"
"43",75,50,6294000,157407290,24.95,25.15,24.87,25.01,0.310000000000002,1236,2016-12-30,24.16,25.15,85.8585858585861,48.9003443870738,32.3828211546608,24.877,9,253.85,"2016"
"44",75,55,6294000,157407290,24.95,25.15,24.87,25.01,0.310000000000002,1236,2016-12-30,24.16,25.15,85.8585858585861,48.9003443870738,32.3828211546608,24.877,9,259.59,"2016"
"45",80,5,6294000,157407290,24.95,25.15,24.87,25.01,0.310000000000002,1236,2016-12-30,24.16,25.15,85.8585858585861,48.9003443870738,32.3828211546608,24.877,0,400,"2016"
"46",80,10,6294000,157407290,24.95,25.15,24.87,25.01,0.310000000000002,1236,2016-12-30,24.16,25.15,85.8585858585861,48.9003443870738,32.3828211546608,24.877,0,406.42,"2016"
"47",80,15,6294000,157407290,24.95,25.15,24.87,25.01,0.310000000000002,1236,2016-12-30,24.16,25.15,85.8585858585861,48.9003443870738,32.3828211546608,24.877,2,372.81,"2016"
"48",80,20,6294000,157407290,24.95,25.15,24.87,25.01,0.310000000000002,1236,2016-12-30,24.16,25.15,85.8585858585861,48.9003443870738,32.3828211546608,24.877,3,355.76,"2016"
"49",80,25,6294000,157407290,24.95,25.15,24.87,25.01,0.310000000000002,1236,2016-12-30,24.16,25.15,85.8585858585861,48.9003443870738,32.3828211546608,24.877,4,343.7,"2016"
"50",80,30,6294000,157407290,24.95,25.15,24.87,25.01,0.310000000000002,1236,2016-12-30,24.16,25.15,85.8585858585861,48.9003443870738,32.3828211546608,24.877,5,329.1,"2016"
"51",80,35,6294000,157407290,24.95,25.15,24.87,25.01,0.310000000000002,1236,2016-12-30,24.16,25.15,85.8585858585861,48.9003443870738,32.3828211546608,24.877,5,334.35,"2016"
"52",80,40,6294000,157407290,24.95,25.15,24.87,25.01,0.310000000000002,1236,2016-12-30,24.16,25.15,85.8585858585861,48.9003443870738,32.3828211546608,24.877,8,274.95,"2016"
"53",80,45,6294000,157407290,24.95,25.15,24.87,25.01,0.310000000000002,1236,2016-12-30,24.16,25.15,85.8585858585861,48.9003443870738,32.3828211546608,24.877,13,160.81,"2016"
"54",80,50,6294000,157407290,24.95,25.15,24.87,25.01,0.310000000000002,1236,2016-12-30,24.16,25.15,85.8585858585861,48.9003443870738,32.3828211546608,24.877,15,118.29,"2016"
"55",80,55,6294000,157407290,24.95,25.15,24.87,25.01,0.310000000000002,1236,2016-12-30,24.16,25.15,85.8585858585861,48.9003443870738,32.3828211546608,24.877,16,99.88,"2016"
"56",85,5,6294000,157407290,24.95,25.15,24.87,25.01,0.310000000000002,1236,2016-12-30,24.16,25.15,85.8585858585861,48.9003443870738,32.3828211546608,24.877,0,400,"2016"
"57",85,10,6294000,157407290,24.95,25.15,24.87,25.01,0.310000000000002,1236,2016-12-30,24.16,25.15,85.8585858585861,48.9003443870738,32.3828211546608,24.877,0,406.95,"2016"
"58",85,15,6294000,157407290,24.95,25.15,24.87,25.01,0.310000000000002,1236,2016-12-30,24.16,25.15,85.8585858585861,48.9003443870738,32.3828211546608,24.877,2,375.18,"2016"
"59",85,20,6294000,157407290,24.95,25.15,24.87,25.01,0.310000000000002,1236,2016-12-30,24.16,25.15,85.8585858585861,48.9003443870738,32.3828211546608,24.877,4,335.94,"2016"
"60",85,25,6294000,157407290,24.95,25.15,24.87,25.01,0.310000000000002,1236,2016-12-30,24.16,25.15,85.8585858585861,48.9003443870738,32.3828211546608,24.877,7,276.35,"2016"
"61",85,30,6294000,157407290,24.95,25.15,24.87,25.01,0.310000000000002,1236,2016-12-30,24.16,25.15,85.8585858585861,48.9003443870738,32.3828211546608,24.877,11,187.09,"2016"
"62",85,35,6294000,157407290,24.95,25.15,24.87,25.01,0.310000000000002,1236,2016-12-30,24.16,25.15,85.8585858585861,48.9003443870738,32.3828211546608,24.877,11,193.68,"2016"
"63",85,40,6294000,157407290,24.95,25.15,24.87,25.01,0.310000000000002,1236,2016-12-30,24.16,25.15,85.8585858585861,48.9003443870738,32.3828211546608,24.877,15,110.8,"2016"
"64",85,45,6294000,157407290,24.95,25.15,24.87,25.01,0.310000000000002,1236,2016-12-30,24.16,25.15,85.8585858585861,48.9003443870738,32.3828211546608,24.877,19,22.3600000000001,"2016"
"65",85,50,6294000,157407290,24.95,25.15,24.87,25.01,0.310000000000002,1236,2016-12-30,24.16,25.15,85.8585858585861,48.9003443870738,32.3828211546608,24.877,20,12.9900000000002,"2016"
"66",85,55,6294000,157407290,24.95,25.15,24.87,25.01,0.310000000000002,1236,2016-12-30,24.16,25.15,85.8585858585861,48.9003443870738,32.3828211546608,24.877,20,22.9800000000003,"2016"
"67",90,5,6294000,157407290,24.95,25.15,24.87,25.01,0.310000000000002,1236,2016-12-30,24.16,25.15,85.8585858585861,48.9003443870738,32.3828211546608,24.877,0,400,"2016"
"68",90,10,6294000,157407290,24.95,25.15,24.87,25.01,0.310000000000002,1236,2016-12-30,24.16,25.15,85.8585858585861,48.9003443870738,32.3828211546608,24.877,0,408.28,"2016"
"69",90,15,6294000,157407290,24.95,25.15,24.87,25.01,0.310000000000002,1236,2016-12-30,24.16,25.15,85.8585858585861,48.9003443870738,32.3828211546608,24.877,2,390.75,"2016"
"70",90,20,6294000,157407290,24.95,25.15,24.87,25.01,0.310000000000002,1236,2016-12-30,24.16,25.15,85.8585858585861,48.9003443870738,32.3828211546608,24.877,5,332.3,"2016"
"71",90,25,6294000,157407290,24.95,25.15,24.87,25.01,0.310000000000002,1236,2016-12-30,24.16,25.15,85.8585858585861,48.9003443870738,32.3828211546608,24.877,10,239.7,"2016"
"72",90,30,6294000,157407290,24.95,25.15,24.87,25.01,0.310000000000002,1236,2016-12-30,24.16,25.15,85.8585858585861,48.9003443870738,32.3828211546608,24.877,17,86.6100000000002,"2016"
"73",90,35,6294000,157407290,24.95,25.15,24.87,25.01,0.310000000000002,1236,2016-12-30,24.16,25.15,85.8585858585861,48.9003443870738,32.3828211546608,24.877,19,44.6300000000002,"2016"
"74",90,40,6294000,157407290,24.95,25.15,24.87,25.01,0.310000000000002,1236,2016-12-30,24.16,25.15,85.8585858585861,48.9003443870738,32.3828211546608,24.877,21,21.6200000000002,"2016"
"75",90,45,6294000,157407290,24.95,25.15,24.87,25.01,0.310000000000002,1236,2016-12-30,24.16,25.15,85.8585858585861,48.9003443870738,32.3828211546608,24.877,21,19.57,"2016"
"76",90,50,6294000,157407290,24.95,25.15,24.87,25.01,0.310000000000002,1236,2016-12-30,24.16,25.15,85.8585858585861,48.9003443870738,32.3828211546608,24.877,21,17.8800000000001,"2016"
"77",90,55,6294000,157407290,24.95,25.15,24.87,25.01,0.310000000000002,1236,2016-12-30,24.16,25.15,85.8585858585861,48.9003443870738,32.3828211546608,24.877,22,1.94000000000001,"2016"
"78",95,5,6294000,157407290,24.95,25.15,24.87,25.01,0.310000000000002,1236,2016-12-30,24.16,25.15,85.8585858585861,48.9003443870738,32.3828211546608,24.877,0,400,"2016"
"79",95,10,6294000,157407290,24.95,25.15,24.87,25.01,0.310000000000002,1236,2016-12-30,24.16,25.15,85.8585858585861,48.9003443870738,32.3828211546608,24.877,1,398.76,"2016"
"80",95,15,6294000,157407290,24.95,25.15,24.87,25.01,0.310000000000002,1236,2016-12-30,24.16,25.15,85.8585858585861,48.9003443870738,32.3828211546608,24.877,12,199.22,"2016"
"81",95,20,6294000,157407290,24.95,25.15,24.87,25.01,0.310000000000002,1236,2016-12-30,24.16,25.15,85.8585858585861,48.9003443870738,32.3828211546608,24.877,18,77.93,"2016"
"82",95,25,6294000,157407290,24.95,25.15,24.87,25.01,0.310000000000002,1236,2016-12-30,24.16,25.15,85.8585858585861,48.9003443870738,32.3828211546608,24.877,22,14.54,"2016"
"83",95,30,6294000,157407290,24.95,25.15,24.87,25.01,0.310000000000002,1236,2016-12-30,24.16,25.15,85.8585858585861,48.9003443870738,32.3828211546608,24.877,22,22.1900000000001,"2016"
"84",95,35,6294000,157407290,24.95,25.15,24.87,25.01,0.310000000000002,1236,2016-12-30,24.16,25.15,85.8585858585861,48.9003443870738,32.3828211546608,24.877,22,22.1900000000001,"2016"
"85",95,40,6294000,157407290,24.95,25.15,24.87,25.01,0.310000000000002,1236,2016-12-30,24.16,25.15,85.8585858585861,48.9003443870738,32.3828211546608,24.877,22,13.3400000000001,"2016"
"86",95,45,6294000,157407290,24.95,25.15,24.87,25.01,0.310000000000002,1236,2016-12-30,24.16,25.15,85.8585858585861,48.9003443870738,32.3828211546608,24.877,22,12.7200000000001,"2016"
"87",95,50,6294000,157407290,24.95,25.15,24.87,25.01,0.310000000000002,1236,2016-12-30,24.16,25.15,85.8585858585861,48.9003443870738,32.3828211546608,24.877,22,7.84000000000005,"2016"
"88",95,55,6294000,157407290,24.95,25.15,24.87,25.01,0.310000000000002,1236,2016-12-30,24.16,25.15,85.8585858585861,48.9003443870738,32.3828211546608,24.877,22,9.78000000000005,"2016"
"89",60,5,1868060,65192438,34.68,35.04,34.68,34.97,0.460000000000001,627,2017-12-29,33.51,35.04,95.4248366013072,68.1708396819744,53.4690892270218,35.607,0,400,"2017"
"90",60,10,1868060,65192438,34.68,35.04,34.68,34.97,0.460000000000001,627,2017-12-29,33.51,35.04,95.4248366013072,68.1708396819744,53.4690892270218,35.607,0,400,"2017"
"91",60,15,1868060,65192438,34.68,35.04,34.68,34.97,0.460000000000001,627,2017-12-29,33.51,35.04,95.4248366013072,68.1708396819744,53.4690892270218,35.607,1,368.89,"2017"
"92",60,20,1868060,65192438,34.68,35.04,34.68,34.97,0.460000000000001,627,2017-12-29,33.51,35.04,95.4248366013072,68.1708396819744,53.4690892270218,35.607,4,268.01,"2017"
"93",60,25,1868060,65192438,34.68,35.04,34.68,34.97,0.460000000000001,627,2017-12-29,33.51,35.04,95.4248366013072,68.1708396819744,53.4690892270218,35.607,5,241.23,"2017"
"94",60,30,1868060,65192438,34.68,35.04,34.68,34.97,0.460000000000001,627,2017-12-29,33.51,35.04,95.4248366013072,68.1708396819744,53.4690892270218,35.607,8,142.95,"2017"
"95",60,35,1868060,65192438,34.68,35.04,34.68,34.97,0.460000000000001,627,2017-12-29,33.51,35.04,95.4248366013072,68.1708396819744,53.4690892270218,35.607,11,46.43,"2017"
"96",60,40,1868060,65192438,34.68,35.04,34.68,34.97,0.460000000000001,627,2017-12-29,33.51,35.04,95.4248366013072,68.1708396819744,53.4690892270218,35.607,12,18.33,"2017"
"97",60,45,1868060,65192438,34.68,35.04,34.68,34.97,0.460000000000001,627,2017-12-29,33.51,35.04,95.4248366013072,68.1708396819744,53.4690892270218,35.607,12,23.64,"2017"
"98",60,50,1868060,65192438,34.68,35.04,34.68,34.97,0.460000000000001,627,2017-12-29,33.51,35.04,95.4248366013072,68.1708396819744,53.4690892270218,35.607,12,26.9999999999998,"2017"
"99",60,55,1868060,65192438,34.68,35.04,34.68,34.97,0.460000000000001,627,2017-12-29,33.51,35.04,95.4248366013072,68.1708396819744,53.4690892270218,35.607,13,7.08999999999995,"2017"
"100",65,5,1868060,65192438,34.68,35.04,34.68,34.97,0.460000000000001,627,2017-12-29,33.51,35.04,95.4248366013072,68.1708396819744,53.4690892270218,35.607,0,400,"2017"
"101",65,10,1868060,65192438,34.68,35.04,34.68,34.97,0.460000000000001,627,2017-12-29,33.51,35.04,95.4248366013072,68.1708396819744,53.4690892270218,35.607,0,400,"2017"
"102",65,15,1868060,65192438,34.68,35.04,34.68,34.97,0.460000000000001,627,2017-12-29,33.51,35.04,95.4248366013072,68.1708396819744,53.4690892270218,35.607,1,368.89,"2017"
"103",65,20,1868060,65192438,34.68,35.04,34.68,34.97,0.460000000000001,627,2017-12-29,33.51,35.04,95.4248366013072,68.1708396819744,53.4690892270218,35.607,4,268.88,"2017"
"104",65,25,1868060,65192438,34.68,35.04,34.68,34.97,0.460000000000001,627,2017-12-29,33.51,35.04,95.4248366013072,68.1708396819744,53.4690892270218,35.607,5,243,"2017"
"105",65,30,1868060,65192438,34.68,35.04,34.68,34.97,0.460000000000001,627,2017-12-29,33.51,35.04,95.4248366013072,68.1708396819744,53.4690892270218,35.607,8,144.8,"2017"
"106",65,35,1868060,65192438,34.68,35.04,34.68,34.97,0.460000000000001,627,2017-12-29,33.51,35.04,95.4248366013072,68.1708396819744,53.4690892270218,35.607,12,11.9899999999999,"2017"
"107",65,40,1868060,65192438,34.68,35.04,34.68,34.97,0.460000000000001,627,2017-12-29,33.51,35.04,95.4248366013072,68.1708396819744,53.4690892270218,35.607,12,18.3,"2017"
"108",65,45,1868060,65192438,34.68,35.04,34.68,34.97,0.460000000000001,627,2017-12-29,33.51,35.04,95.4248366013072,68.1708396819744,53.4690892270218,35.607,12,23.5200000000001,"2017"
"109",65,50,1868060,65192438,34.68,35.04,34.68,34.97,0.460000000000001,627,2017-12-29,33.51,35.04,95.4248366013072,68.1708396819744,53.4690892270218,35.607,12,27.0899999999999,"2017"
"110",65,55,1868060,65192438,34.68,35.04,34.68,34.97,0.460000000000001,627,2017-12-29,33.51,35.04,95.4248366013072,68.1708396819744,53.4690892270218,35.607,13,8.83999999999999,"2017"
"111",70,5,1868060,65192438,34.68,35.04,34.68,34.97,0.460000000000001,627,2017-12-29,33.51,35.04,95.4248366013072,68.1708396819744,53.4690892270218,35.607,0,400,"2017"
"112",70,10,1868060,65192438,34.68,35.04,34.68,34.97,0.460000000000001,627,2017-12-29,33.51,35.04,95.4248366013072,68.1708396819744,53.4690892270218,35.607,0,400,"2017"
"113",70,15,1868060,65192438,34.68,35.04,34.68,34.97,0.460000000000001,627,2017-12-29,33.51,35.04,95.4248366013072,68.1708396819744,53.4690892270218,35.607,1,368.89,"2017"
"114",70,20,1868060,65192438,34.68,35.04,34.68,34.97,0.460000000000001,627,2017-12-29,33.51,35.04,95.4248366013072,68.1708396819744,53.4690892270218,35.607,4,268.88,"2017"
"115",70,25,1868060,65192438,34.68,35.04,34.68,34.97,0.460000000000001,627,2017-12-29,33.51,35.04,95.4248366013072,68.1708396819744,53.4690892270218,35.607,5,243.88,"2017"
"116",70,30,1868060,65192438,34.68,35.04,34.68,34.97,0.460000000000001,627,2017-12-29,33.51,35.04,95.4248366013072,68.1708396819744,53.4690892270218,35.607,8,145.79,"2017"
"117",70,35,1868060,65192438,34.68,35.04,34.68,34.97,0.460000000000001,627,2017-12-29,33.51,35.04,95.4248366013072,68.1708396819744,53.4690892270218,35.607,12,12.91,"2017"
"118",70,40,1868060,65192438,34.68,35.04,34.68,34.97,0.460000000000001,627,2017-12-29,33.51,35.04,95.4248366013072,68.1708396819744,53.4690892270218,35.607,12,19.7900000000002,"2017"
"119",70,45,1868060,65192438,34.68,35.04,34.68,34.97,0.460000000000001,627,2017-12-29,33.51,35.04,95.4248366013072,68.1708396819744,53.4690892270218,35.607,12,26.5700000000001,"2017"
"120",70,50,1868060,65192438,34.68,35.04,34.68,34.97,0.460000000000001,627,2017-12-29,33.51,35.04,95.4248366013072,68.1708396819744,53.4690892270218,35.607,12,28.7499999999999,"2017"
"121",70,55,1868060,65192438,34.68,35.04,34.68,34.97,0.460000000000001,627,2017-12-29,33.51,35.04,95.4248366013072,68.1708396819744,53.4690892270218,35.607,13,7.51999999999989,"2017"
"122",75,5,1868060,65192438,34.68,35.04,34.68,34.97,0.460000000000001,627,2017-12-29,33.51,35.04,95.4248366013072,68.1708396819744,53.4690892270218,35.607,0,400,"2017"
"123",75,10,1868060,65192438,34.68,35.04,34.68,34.97,0.460000000000001,627,2017-12-29,33.51,35.04,95.4248366013072,68.1708396819744,53.4690892270218,35.607,0,400,"2017"
"124",75,15,1868060,65192438,34.68,35.04,34.68,34.97,0.460000000000001,627,2017-12-29,33.51,35.04,95.4248366013072,68.1708396819744,53.4690892270218,35.607,1,369.85,"2017"
"125",75,20,1868060,65192438,34.68,35.04,34.68,34.97,0.460000000000001,627,2017-12-29,33.51,35.04,95.4248366013072,68.1708396819744,53.4690892270218,35.607,4,270.39,"2017"
"126",75,25,1868060,65192438,34.68,35.04,34.68,34.97,0.460000000000001,627,2017-12-29,33.51,35.04,95.4248366013072,68.1708396819744,53.4690892270218,35.607,6,209.16,"2017"
"127",75,30,1868060,65192438,34.68,35.04,34.68,34.97,0.460000000000001,627,2017-12-29,33.51,35.04,95.4248366013072,68.1708396819744,53.4690892270218,35.607,9,110.72,"2017"
"128",75,35,1868060,65192438,34.68,35.04,34.68,34.97,0.460000000000001,627,2017-12-29,33.51,35.04,95.4248366013072,68.1708396819744,53.4690892270218,35.607,12,12.35,"2017"
"129",75,40,1868060,65192438,34.68,35.04,34.68,34.97,0.460000000000001,627,2017-12-29,33.51,35.04,95.4248366013072,68.1708396819744,53.4690892270218,35.607,12,21.3200000000001,"2017"
"130",75,45,1868060,65192438,34.68,35.04,34.68,34.97,0.460000000000001,627,2017-12-29,33.51,35.04,95.4248366013072,68.1708396819744,53.4690892270218,35.607,12,25.5399999999999,"2017"
"131",75,50,1868060,65192438,34.68,35.04,34.68,34.97,0.460000000000001,627,2017-12-29,33.51,35.04,95.4248366013072,68.1708396819744,53.4690892270218,35.607,12,28.1199999999999,"2017"
"132",75,55,1868060,65192438,34.68,35.04,34.68,34.97,0.460000000000001,627,2017-12-29,33.51,35.04,95.4248366013072,68.1708396819744,53.4690892270218,35.607,13,5.15999999999984,"2017"
"133",80,5,1868060,65192438,34.68,35.04,34.68,34.97,0.460000000000001,627,2017-12-29,33.51,35.04,95.4248366013072,68.1708396819744,53.4690892270218,35.607,0,400,"2017"
"134",80,10,1868060,65192438,34.68,35.04,34.68,34.97,0.460000000000001,627,2017-12-29,33.51,35.04,95.4248366013072,68.1708396819744,53.4690892270218,35.607,0,400,"2017"
"135",80,15,1868060,65192438,34.68,35.04,34.68,34.97,0.460000000000001,627,2017-12-29,33.51,35.04,95.4248366013072,68.1708396819744,53.4690892270218,35.607,1,370.34,"2017"
"136",80,20,1868060,65192438,34.68,35.04,34.68,34.97,0.460000000000001,627,2017-12-29,33.51,35.04,95.4248366013072,68.1708396819744,53.4690892270218,35.607,4,270.88,"2017"
"137",80,25,1868060,65192438,34.68,35.04,34.68,34.97,0.460000000000001,627,2017-12-29,33.51,35.04,95.4248366013072,68.1708396819744,53.4690892270218,35.607,6,209.55,"2017"
"138",80,30,1868060,65192438,34.68,35.04,34.68,34.97,0.460000000000001,627,2017-12-29,33.51,35.04,95.4248366013072,68.1708396819744,53.4690892270218,35.607,9,112.78,"2017"
"139",80,35,1868060,65192438,34.68,35.04,34.68,34.97,0.460000000000001,627,2017-12-29,33.51,35.04,95.4248366013072,68.1708396819744,53.4690892270218,35.607,12,16.26,"2017"
"140",80,40,1868060,65192438,34.68,35.04,34.68,34.97,0.460000000000001,627,2017-12-29,33.51,35.04,95.4248366013072,68.1708396819744,53.4690892270218,35.607,12,26.89,"2017"
"141",80,45,1868060,65192438,34.68,35.04,34.68,34.97,0.460000000000001,627,2017-12-29,33.51,35.04,95.4248366013072,68.1708396819744,53.4690892270218,35.607,12,29.62,"2017"
"142",80,50,1868060,65192438,34.68,35.04,34.68,34.97,0.460000000000001,627,2017-12-29,33.51,35.04,95.4248366013072,68.1708396819744,53.4690892270218,35.607,13,0.0199999999998326,"2017"
"143",80,55,1868060,65192438,34.68,35.04,34.68,34.97,0.460000000000001,627,2017-12-29,33.51,35.04,95.4248366013072,68.1708396819744,53.4690892270218,35.607,13,9.35999999999986,"2017"
"144",85,5,1868060,65192438,34.68,35.04,34.68,34.97,0.460000000000001,627,2017-12-29,33.51,35.04,95.4248366013072,68.1708396819744,53.4690892270218,35.607,0,400,"2017"
"145",85,10,1868060,65192438,34.68,35.04,34.68,34.97,0.460000000000001,627,2017-12-29,33.51,35.04,95.4248366013072,68.1708396819744,53.4690892270218,35.607,0,400,"2017"
"146",85,15,1868060,65192438,34.68,35.04,34.68,34.97,0.460000000000001,627,2017-12-29,33.51,35.04,95.4248366013072,68.1708396819744,53.4690892270218,35.607,1,371.03,"2017"
"147",85,20,1868060,65192438,34.68,35.04,34.68,34.97,0.460000000000001,627,2017-12-29,33.51,35.04,95.4248366013072,68.1708396819744,53.4690892270218,35.607,4,271.9,"2017"
"148",85,25,1868060,65192438,34.68,35.04,34.68,34.97,0.460000000000001,627,2017-12-29,33.51,35.04,95.4248366013072,68.1708396819744,53.4690892270218,35.607,6,211.04,"2017"
"149",85,30,1868060,65192438,34.68,35.04,34.68,34.97,0.460000000000001,627,2017-12-29,33.51,35.04,95.4248366013072,68.1708396819744,53.4690892270218,35.607,9,121.39,"2017"
"150",85,35,1868060,65192438,34.68,35.04,34.68,34.97,0.460000000000001,627,2017-12-29,33.51,35.04,95.4248366013072,68.1708396819744,53.4690892270218,35.607,12,25.8200000000001,"2017"
"151",85,40,1868060,65192438,34.68,35.04,34.68,34.97,0.460000000000001,627,2017-12-29,33.51,35.04,95.4248366013072,68.1708396819744,53.4690892270218,35.607,13,2.70999999999989,"2017"
"152",85,45,1868060,65192438,34.68,35.04,34.68,34.97,0.460000000000001,627,2017-12-29,33.51,35.04,95.4248366013072,68.1708396819744,53.4690892270218,35.607,13,12.5799999999999,"2017"
"153",85,50,1868060,65192438,34.68,35.04,34.68,34.97,0.460000000000001,627,2017-12-29,33.51,35.04,95.4248366013072,68.1708396819744,53.4690892270218,35.607,13,21.6099999999999,"2017"
"154",85,55,1868060,65192438,34.68,35.04,34.68,34.97,0.460000000000001,627,2017-12-29,33.51,35.04,95.4248366013072,68.1708396819744,53.4690892270218,35.607,13,27.2399999999999,"2017"
"155",90,5,1868060,65192438,34.68,35.04,34.68,34.97,0.460000000000001,627,2017-12-29,33.51,35.04,95.4248366013072,68.1708396819744,53.4690892270218,35.607,0,400,"2017"
"156",90,10,1868060,65192438,34.68,35.04,34.68,34.97,0.460000000000001,627,2017-12-29,33.51,35.04,95.4248366013072,68.1708396819744,53.4690892270218,35.607,0,400,"2017"
"157",90,15,1868060,65192438,34.68,35.04,34.68,34.97,0.460000000000001,627,2017-12-29,33.51,35.04,95.4248366013072,68.1708396819744,53.4690892270218,35.607,1,371.76,"2017"
"158",90,20,1868060,65192438,34.68,35.04,34.68,34.97,0.460000000000001,627,2017-12-29,33.51,35.04,95.4248366013072,68.1708396819744,53.4690892270218,35.607,4,272.63,"2017"
"159",90,25,1868060,65192438,34.68,35.04,34.68,34.97,0.460000000000001,627,2017-12-29,33.51,35.04,95.4248366013072,68.1708396819744,53.4690892270218,35.607,6,221.99,"2017"
"160",90,30,1868060,65192438,34.68,35.04,34.68,34.97,0.460000000000001,627,2017-12-29,33.51,35.04,95.4248366013072,68.1708396819744,53.4690892270218,35.607,13,7.44999999999989,"2017"
"161",90,35,1868060,65192438,34.68,35.04,34.68,34.97,0.460000000000001,627,2017-12-29,33.51,35.04,95.4248366013072,68.1708396819744,53.4690892270218,35.607,13,22.8999999999999,"2017"
"162",90,40,1868060,65192438,34.68,35.04,34.68,34.97,0.460000000000001,627,2017-12-29,33.51,35.04,95.4248366013072,68.1708396819744,53.4690892270218,35.607,14,6.52999999999997,"2017"
"163",90,45,1868060,65192438,34.68,35.04,34.68,34.97,0.460000000000001,627,2017-12-29,33.51,35.04,95.4248366013072,68.1708396819744,53.4690892270218,35.607,14,14.06,"2017"
"164",90,50,1868060,65192438,34.68,35.04,34.68,34.97,0.460000000000001,627,2017-12-29,33.51,35.04,95.4248366013072,68.1708396819744,53.4690892270218,35.607,14,14.5999999999999,"2017"
"165",90,55,1868060,65192438,34.68,35.04,34.68,34.97,0.460000000000001,627,2017-12-29,33.51,35.04,95.4248366013072,68.1708396819744,53.4690892270218,35.607,14,19.7199999999999,"2017"
"166",95,5,1868060,65192438,34.68,35.04,34.68,34.97,0.460000000000001,627,2017-12-29,33.51,35.04,95.4248366013072,68.1708396819744,53.4690892270218,35.607,0,400,"2017"
"167",95,10,1868060,65192438,34.68,35.04,34.68,34.97,0.460000000000001,627,2017-12-29,33.51,35.04,95.4248366013072,68.1708396819744,53.4690892270218,35.607,0,400,"2017"
"168",95,15,1868060,65192438,34.68,35.04,34.68,34.97,0.460000000000001,627,2017-12-29,33.51,35.04,95.4248366013072,68.1708396819744,53.4690892270218,35.607,3,305.94,"2017"
"169",95,20,1868060,65192438,34.68,35.04,34.68,34.97,0.460000000000001,627,2017-12-29,33.51,35.04,95.4248366013072,68.1708396819744,53.4690892270218,35.607,7,170.39,"2017"
"170",95,25,1868060,65192438,34.68,35.04,34.68,34.97,0.460000000000001,627,2017-12-29,33.51,35.04,95.4248366013072,68.1708396819744,53.4690892270218,35.607,12,25.53,"2017"
"171",95,30,1868060,65192438,34.68,35.04,34.68,34.97,0.460000000000001,627,2017-12-29,33.51,35.04,95.4248366013072,68.1708396819744,53.4690892270218,35.607,13,20.55,"2017"
"172",95,35,1868060,65192438,34.68,35.04,34.68,34.97,0.460000000000001,627,2017-12-29,33.51,35.04,95.4248366013072,68.1708396819744,53.4690892270218,35.607,14,3.12999999999991,"2017"
"173",95,40,1868060,65192438,34.68,35.04,34.68,34.97,0.460000000000001,627,2017-12-29,33.51,35.04,95.4248366013072,68.1708396819744,53.4690892270218,35.607,14,17.49,"2017"
"174",95,45,1868060,65192438,34.68,35.04,34.68,34.97,0.460000000000001,627,2017-12-29,33.51,35.04,95.4248366013072,68.1708396819744,53.4690892270218,35.607,14,21.74,"2017"
"175",95,50,1868060,65192438,34.68,35.04,34.68,34.97,0.460000000000001,627,2017-12-29,33.51,35.04,95.4248366013072,68.1708396819744,53.4690892270218,35.607,14,22.4799999999999,"2017"
"176",95,55,1868060,65192438,34.68,35.04,34.68,34.97,0.460000000000001,627,2017-12-29,33.51,35.04,95.4248366013072,68.1708396819744,53.4690892270218,35.607,14,24.8499999999999,"2017"
"177",60,5,3204000,100037770,31.2,31.36,31.04,31.34,0.239999999999998,838,2018-12-28,29.9,31.91,71.6417910447761,44.4368537847261,33.0824111880433,32.1946666666667,0,400,"2018"
"178",60,10,3204000,100037770,31.2,31.36,31.04,31.34,0.239999999999998,838,2018-12-28,29.9,31.91,71.6417910447761,44.4368537847261,33.0824111880433,32.1946666666667,0,400,"2018"
"179",60,15,3204000,100037770,31.2,31.36,31.04,31.34,0.239999999999998,838,2018-12-28,29.9,31.91,71.6417910447761,44.4368537847261,33.0824111880433,32.1946666666667,0,403.08,"2018"
"180",60,20,3204000,100037770,31.2,31.36,31.04,31.34,0.239999999999998,838,2018-12-28,29.9,31.91,71.6417910447761,44.4368537847261,33.0824111880433,32.1946666666667,1,367.05,"2018"
"181",60,25,3204000,100037770,31.2,31.36,31.04,31.34,0.239999999999998,838,2018-12-28,29.9,31.91,71.6417910447761,44.4368537847261,33.0824111880433,32.1946666666667,6,209.29,"2018"
"182",60,30,3204000,100037770,31.2,31.36,31.04,31.34,0.239999999999998,838,2018-12-28,29.9,31.91,71.6417910447761,44.4368537847261,33.0824111880433,32.1946666666667,9,112.86,"2018"
"183",60,35,3204000,100037770,31.2,31.36,31.04,31.34,0.239999999999998,838,2018-12-28,29.9,31.91,71.6417910447761,44.4368537847261,33.0824111880433,32.1946666666667,12,22.18,"2018"
"184",60,40,3204000,100037770,31.2,31.36,31.04,31.34,0.239999999999998,838,2018-12-28,29.9,31.91,71.6417910447761,44.4368537847261,33.0824111880433,32.1946666666667,12,22.6399999999999,"2018"
"185",60,45,3204000,100037770,31.2,31.36,31.04,31.34,0.239999999999998,838,2018-12-28,29.9,31.91,71.6417910447761,44.4368537847261,33.0824111880433,32.1946666666667,12,20.0900000000001,"2018"
"186",60,50,3204000,100037770,31.2,31.36,31.04,31.34,0.239999999999998,838,2018-12-28,29.9,31.91,71.6417910447761,44.4368537847261,33.0824111880433,32.1946666666667,12,14.9000000000001,"2018"
"187",60,55,3204000,100037770,31.2,31.36,31.04,31.34,0.239999999999998,838,2018-12-28,29.9,31.91,71.6417910447761,44.4368537847261,33.0824111880433,32.1946666666667,12,0.630000000000067,"2018"
"188",65,5,3204000,100037770,31.2,31.36,31.04,31.34,0.239999999999998,838,2018-12-28,29.9,31.91,71.6417910447761,44.4368537847261,33.0824111880433,32.1946666666667,0,400,"2018"
"189",65,10,3204000,100037770,31.2,31.36,31.04,31.34,0.239999999999998,838,2018-12-28,29.9,31.91,71.6417910447761,44.4368537847261,33.0824111880433,32.1946666666667,0,400,"2018"
"190",65,15,3204000,100037770,31.2,31.36,31.04,31.34,0.239999999999998,838,2018-12-28,29.9,31.91,71.6417910447761,44.4368537847261,33.0824111880433,32.1946666666667,0,403.08,"2018"
"191",65,20,3204000,100037770,31.2,31.36,31.04,31.34,0.239999999999998,838,2018-12-28,29.9,31.91,71.6417910447761,44.4368537847261,33.0824111880433,32.1946666666667,4,270.41,"2018"
"192",65,25,3204000,100037770,31.2,31.36,31.04,31.34,0.239999999999998,838,2018-12-28,29.9,31.91,71.6417910447761,44.4368537847261,33.0824111880433,32.1946666666667,9,113.98,"2018"
"193",65,30,3204000,100037770,31.2,31.36,31.04,31.34,0.239999999999998,838,2018-12-28,29.9,31.91,71.6417910447761,44.4368537847261,33.0824111880433,32.1946666666667,12,18.8599999999999,"2018"
"194",65,35,3204000,100037770,31.2,31.36,31.04,31.34,0.239999999999998,838,2018-12-28,29.9,31.91,71.6417910447761,44.4368537847261,33.0824111880433,32.1946666666667,12,24.5799999999998,"2018"
"195",65,40,3204000,100037770,31.2,31.36,31.04,31.34,0.239999999999998,838,2018-12-28,29.9,31.91,71.6417910447761,44.4368537847261,33.0824111880433,32.1946666666667,12,29.6899999999999,"2018"
"196",65,45,3204000,100037770,31.2,31.36,31.04,31.34,0.239999999999998,838,2018-12-28,29.9,31.91,71.6417910447761,44.4368537847261,33.0824111880433,32.1946666666667,12,29.4800000000001,"2018"
"197",65,50,3204000,100037770,31.2,31.36,31.04,31.34,0.239999999999998,838,2018-12-28,29.9,31.91,71.6417910447761,44.4368537847261,33.0824111880433,32.1946666666667,12,22.0300000000001,"2018"
"198",65,55,3204000,100037770,31.2,31.36,31.04,31.34,0.239999999999998,838,2018-12-28,29.9,31.91,71.6417910447761,44.4368537847261,33.0824111880433,32.1946666666667,12,7.80000000000023,"2018"
"199",70,5,3204000,100037770,31.2,31.36,31.04,31.34,0.239999999999998,838,2018-12-28,29.9,31.91,71.6417910447761,44.4368537847261,33.0824111880433,32.1946666666667,0,400,"2018"
"200",70,10,3204000,100037770,31.2,31.36,31.04,31.34,0.239999999999998,838,2018-12-28,29.9,31.91,71.6417910447761,44.4368537847261,33.0824111880433,32.1946666666667,0,400,"2018"
"201",70,15,3204000,100037770,31.2,31.36,31.04,31.34,0.239999999999998,838,2018-12-28,29.9,31.91,71.6417910447761,44.4368537847261,33.0824111880433,32.1946666666667,0,403.08,"2018"
"202",70,20,3204000,100037770,31.2,31.36,31.04,31.34,0.239999999999998,838,2018-12-28,29.9,31.91,71.6417910447761,44.4368537847261,33.0824111880433,32.1946666666667,4,270.41,"2018"
"203",70,25,3204000,100037770,31.2,31.36,31.04,31.34,0.239999999999998,838,2018-12-28,29.9,31.91,71.6417910447761,44.4368537847261,33.0824111880433,32.1946666666667,9,114.99,"2018"
"204",70,30,3204000,100037770,31.2,31.36,31.04,31.34,0.239999999999998,838,2018-12-28,29.9,31.91,71.6417910447761,44.4368537847261,33.0824111880433,32.1946666666667,12,21.7699999999999,"2018"
"205",70,35,3204000,100037770,31.2,31.36,31.04,31.34,0.239999999999998,838,2018-12-28,29.9,31.91,71.6417910447761,44.4368537847261,33.0824111880433,32.1946666666667,12,27.4899999999998,"2018"
"206",70,40,3204000,100037770,31.2,31.36,31.04,31.34,0.239999999999998,838,2018-12-28,29.9,31.91,71.6417910447761,44.4368537847261,33.0824111880433,32.1946666666667,12,21.97,"2018"
"207",70,45,3204000,100037770,31.2,31.36,31.04,31.34,0.239999999999998,838,2018-12-28,29.9,31.91,71.6417910447761,44.4368537847261,33.0824111880433,32.1946666666667,12,18.2100000000001,"2018"
"208",70,50,3204000,100037770,31.2,31.36,31.04,31.34,0.239999999999998,838,2018-12-28,29.9,31.91,71.6417910447761,44.4368537847261,33.0824111880433,32.1946666666667,12,5.68000000000022,"2018"
"209",70,55,3204000,100037770,31.2,31.36,31.04,31.34,0.239999999999998,838,2018-12-28,29.9,31.91,71.6417910447761,44.4368537847261,33.0824111880433,32.1946666666667,11,25.5700000000002,"2018"
"210",75,5,3204000,100037770,31.2,31.36,31.04,31.34,0.239999999999998,838,2018-12-28,29.9,31.91,71.6417910447761,44.4368537847261,33.0824111880433,32.1946666666667,0,400,"2018"
"211",75,10,3204000,100037770,31.2,31.36,31.04,31.34,0.239999999999998,838,2018-12-28,29.9,31.91,71.6417910447761,44.4368537847261,33.0824111880433,32.1946666666667,0,400,"2018"
"212",75,15,3204000,100037770,31.2,31.36,31.04,31.34,0.239999999999998,838,2018-12-28,29.9,31.91,71.6417910447761,44.4368537847261,33.0824111880433,32.1946666666667,2,338.53,"2018"
"213",75,20,3204000,100037770,31.2,31.36,31.04,31.34,0.239999999999998,838,2018-12-28,29.9,31.91,71.6417910447761,44.4368537847261,33.0824111880433,32.1946666666667,7,173.64,"2018"
"214",75,25,3204000,100037770,31.2,31.36,31.04,31.34,0.239999999999998,838,2018-12-28,29.9,31.91,71.6417910447761,44.4368537847261,33.0824111880433,32.1946666666667,12,21.8599999999999,"2018"
"215",75,30,3204000,100037770,31.2,31.36,31.04,31.34,0.239999999999998,838,2018-12-28,29.9,31.91,71.6417910447761,44.4368537847261,33.0824111880433,32.1946666666667,12,21.5499999999999,"2018"
"216",75,35,3204000,100037770,31.2,31.36,31.04,31.34,0.239999999999998,838,2018-12-28,29.9,31.91,71.6417910447761,44.4368537847261,33.0824111880433,32.1946666666667,12,29.9699999999999,"2018"
"217",75,40,3204000,100037770,31.2,31.36,31.04,31.34,0.239999999999998,838,2018-12-28,29.9,31.91,71.6417910447761,44.4368537847261,33.0824111880433,32.1946666666667,12,25.69,"2018"
"218",75,45,3204000,100037770,31.2,31.36,31.04,31.34,0.239999999999998,838,2018-12-28,29.9,31.91,71.6417910447761,44.4368537847261,33.0824111880433,32.1946666666667,12,23.8400000000001,"2018"
"219",75,50,3204000,100037770,31.2,31.36,31.04,31.34,0.239999999999998,838,2018-12-28,29.9,31.91,71.6417910447761,44.4368537847261,33.0824111880433,32.1946666666667,12,1.49000000000014,"2018"
"220",75,55,3204000,100037770,31.2,31.36,31.04,31.34,0.239999999999998,838,2018-12-28,29.9,31.91,71.6417910447761,44.4368537847261,33.0824111880433,32.1946666666667,11,23.9000000000003,"2018"
"221",80,5,3204000,100037770,31.2,31.36,31.04,31.34,0.239999999999998,838,2018-12-28,29.9,31.91,71.6417910447761,44.4368537847261,33.0824111880433,32.1946666666667,0,400,"2018"
"222",80,10,3204000,100037770,31.2,31.36,31.04,31.34,0.239999999999998,838,2018-12-28,29.9,31.91,71.6417910447761,44.4368537847261,33.0824111880433,32.1946666666667,0,400,"2018"
"223",80,15,3204000,100037770,31.2,31.36,31.04,31.34,0.239999999999998,838,2018-12-28,29.9,31.91,71.6417910447761,44.4368537847261,33.0824111880433,32.1946666666667,2,338.53,"2018"
"224",80,20,3204000,100037770,31.2,31.36,31.04,31.34,0.239999999999998,838,2018-12-28,29.9,31.91,71.6417910447761,44.4368537847261,33.0824111880433,32.1946666666667,7,174.44,"2018"
"225",80,25,3204000,100037770,31.2,31.36,31.04,31.34,0.239999999999998,838,2018-12-28,29.9,31.91,71.6417910447761,44.4368537847261,33.0824111880433,32.1946666666667,12,26.1099999999999,"2018"
"226",80,30,3204000,100037770,31.2,31.36,31.04,31.34,0.239999999999998,838,2018-12-28,29.9,31.91,71.6417910447761,44.4368537847261,33.0824111880433,32.1946666666667,12,27.5000000000001,"2018"
"227",80,35,3204000,100037770,31.2,31.36,31.04,31.34,0.239999999999998,838,2018-12-28,29.9,31.91,71.6417910447761,44.4368537847261,33.0824111880433,32.1946666666667,13,7.3300000000001,"2018"
"228",80,40,3204000,100037770,31.2,31.36,31.04,31.34,0.239999999999998,838,2018-12-28,29.9,31.91,71.6417910447761,44.4368537847261,33.0824111880433,32.1946666666667,12,11.8500000000002,"2018"
"229",80,45,3204000,100037770,31.2,31.36,31.04,31.34,0.239999999999998,838,2018-12-28,29.9,31.91,71.6417910447761,44.4368537847261,33.0824111880433,32.1946666666667,12,3.82000000000005,"2018"
"230",80,50,3204000,100037770,31.2,31.36,31.04,31.34,0.239999999999998,838,2018-12-28,29.9,31.91,71.6417910447761,44.4368537847261,33.0824111880433,32.1946666666667,11,15.1,"2018"
"231",80,55,3204000,100037770,31.2,31.36,31.04,31.34,0.239999999999998,838,2018-12-28,29.9,31.91,71.6417910447761,44.4368537847261,33.0824111880433,32.1946666666667,11,11.81,"2018"
"232",85,5,3204000,100037770,31.2,31.36,31.04,31.34,0.239999999999998,838,2018-12-28,29.9,31.91,71.6417910447761,44.4368537847261,33.0824111880433,32.1946666666667,0,400,"2018"
"233",85,10,3204000,100037770,31.2,31.36,31.04,31.34,0.239999999999998,838,2018-12-28,29.9,31.91,71.6417910447761,44.4368537847261,33.0824111880433,32.1946666666667,0,400,"2018"
"234",85,15,3204000,100037770,31.2,31.36,31.04,31.34,0.239999999999998,838,2018-12-28,29.9,31.91,71.6417910447761,44.4368537847261,33.0824111880433,32.1946666666667,3,305.71,"2018"
"235",85,20,3204000,100037770,31.2,31.36,31.04,31.34,0.239999999999998,838,2018-12-28,29.9,31.91,71.6417910447761,44.4368537847261,33.0824111880433,32.1946666666667,8,145.6,"2018"
"236",85,25,3204000,100037770,31.2,31.36,31.04,31.34,0.239999999999998,838,2018-12-28,29.9,31.91,71.6417910447761,44.4368537847261,33.0824111880433,32.1946666666667,12,27.61,"2018"
"237",85,30,3204000,100037770,31.2,31.36,31.04,31.34,0.239999999999998,838,2018-12-28,29.9,31.91,71.6417910447761,44.4368537847261,33.0824111880433,32.1946666666667,12,16.8699999999999,"2018"
"238",85,35,3204000,100037770,31.2,31.36,31.04,31.34,0.239999999999998,838,2018-12-28,29.9,31.91,71.6417910447761,44.4368537847261,33.0824111880433,32.1946666666667,12,7.99999999999998,"2018"
"239",85,40,3204000,100037770,31.2,31.36,31.04,31.34,0.239999999999998,838,2018-12-28,29.9,31.91,71.6417910447761,44.4368537847261,33.0824111880433,32.1946666666667,11,23.33,"2018"
"240",85,45,3204000,100037770,31.2,31.36,31.04,31.34,0.239999999999998,838,2018-12-28,29.9,31.91,71.6417910447761,44.4368537847261,33.0824111880433,32.1946666666667,11,10.4299999999999,"2018"
"241",85,50,3204000,100037770,31.2,31.36,31.04,31.34,0.239999999999998,838,2018-12-28,29.9,31.91,71.6417910447761,44.4368537847261,33.0824111880433,32.1946666666667,11,4.68999999999996,"2018"
"242",85,55,3204000,100037770,31.2,31.36,31.04,31.34,0.239999999999998,838,2018-12-28,29.9,31.91,71.6417910447761,44.4368537847261,33.0824111880433,32.1946666666667,11,3.22999999999994,"2018"
"243",90,5,3204000,100037770,31.2,31.36,31.04,31.34,0.239999999999998,838,2018-12-28,29.9,31.91,71.6417910447761,44.4368537847261,33.0824111880433,32.1946666666667,0,400,"2018"
"244",90,10,3204000,100037770,31.2,31.36,31.04,31.34,0.239999999999998,838,2018-12-28,29.9,31.91,71.6417910447761,44.4368537847261,33.0824111880433,32.1946666666667,0,400,"2018"
"245",90,15,3204000,100037770,31.2,31.36,31.04,31.34,0.239999999999998,838,2018-12-28,29.9,31.91,71.6417910447761,44.4368537847261,33.0824111880433,32.1946666666667,3,305.71,"2018"
"246",90,20,3204000,100037770,31.2,31.36,31.04,31.34,0.239999999999998,838,2018-12-28,29.9,31.91,71.6417910447761,44.4368537847261,33.0824111880433,32.1946666666667,8,152.9,"2018"
"247",90,25,3204000,100037770,31.2,31.36,31.04,31.34,0.239999999999998,838,2018-12-28,29.9,31.91,71.6417910447761,44.4368537847261,33.0824111880433,32.1946666666667,12,7.24999999999994,"2018"
"248",90,30,3204000,100037770,31.2,31.36,31.04,31.34,0.239999999999998,838,2018-12-28,29.9,31.91,71.6417910447761,44.4368537847261,33.0824111880433,32.1946666666667,11,22.55,"2018"
"249",90,35,3204000,100037770,31.2,31.36,31.04,31.34,0.239999999999998,838,2018-12-28,29.9,31.91,71.6417910447761,44.4368537847261,33.0824111880433,32.1946666666667,11,22.78,"2018"
"250",90,40,3204000,100037770,31.2,31.36,31.04,31.34,0.239999999999998,838,2018-12-28,29.9,31.91,71.6417910447761,44.4368537847261,33.0824111880433,32.1946666666667,11,18.02,"2018"
"251",90,45,3204000,100037770,31.2,31.36,31.04,31.34,0.239999999999998,838,2018-12-28,29.9,31.91,71.6417910447761,44.4368537847261,33.0824111880433,32.1946666666667,11,7.93999999999995,"2018"
"252",90,50,3204000,100037770,31.2,31.36,31.04,31.34,0.239999999999998,838,2018-12-28,29.9,31.91,71.6417910447761,44.4368537847261,33.0824111880433,32.1946666666667,11,0.0199999999999889,"2018"
"253",90,55,3204000,100037770,31.2,31.36,31.04,31.34,0.239999999999998,838,2018-12-28,29.9,31.91,71.6417910447761,44.4368537847261,33.0824111880433,32.1946666666667,11,2.92,"2018"
"254",95,5,3204000,100037770,31.2,31.36,31.04,31.34,0.239999999999998,838,2018-12-28,29.9,31.91,71.6417910447761,44.4368537847261,33.0824111880433,32.1946666666667,0,400,"2018"
"255",95,10,3204000,100037770,31.2,31.36,31.04,31.34,0.239999999999998,838,2018-12-28,29.9,31.91,71.6417910447761,44.4368537847261,33.0824111880433,32.1946666666667,0,400,"2018"
"256",95,15,3204000,100037770,31.2,31.36,31.04,31.34,0.239999999999998,838,2018-12-28,29.9,31.91,71.6417910447761,44.4368537847261,33.0824111880433,32.1946666666667,3,305.71,"2018"
"257",95,20,3204000,100037770,31.2,31.36,31.04,31.34,0.239999999999998,838,2018-12-28,29.9,31.91,71.6417910447761,44.4368537847261,33.0824111880433,32.1946666666667,10,76.3499999999999,"2018"
"258",95,25,3204000,100037770,31.2,31.36,31.04,31.34,0.239999999999998,838,2018-12-28,29.9,31.91,71.6417910447761,44.4368537847261,33.0824111880433,32.1946666666667,11,15.89,"2018"
"259",95,30,3204000,100037770,31.2,31.36,31.04,31.34,0.239999999999998,838,2018-12-28,29.9,31.91,71.6417910447761,44.4368537847261,33.0824111880433,32.1946666666667,11,15.22,"2018"
"260",95,35,3204000,100037770,31.2,31.36,31.04,31.34,0.239999999999998,838,2018-12-28,29.9,31.91,71.6417910447761,44.4368537847261,33.0824111880433,32.1946666666667,11,19.27,"2018"
"261",95,40,3204000,100037770,31.2,31.36,31.04,31.34,0.239999999999998,838,2018-12-28,29.9,31.91,71.6417910447761,44.4368537847261,33.0824111880433,32.1946666666667,11,16.92,"2018"
"262",95,45,3204000,100037770,31.2,31.36,31.04,31.34,0.239999999999998,838,2018-12-28,29.9,31.91,71.6417910447761,44.4368537847261,33.0824111880433,32.1946666666667,11,6.84000000000001,"2018"
"263",95,50,3204000,100037770,31.2,31.36,31.04,31.34,0.239999999999998,838,2018-12-28,29.9,31.91,71.6417910447761,44.4368537847261,33.0824111880433,32.1946666666667,11,0.0999999999999943,"2018"
"264",95,55,3204000,100037770,31.2,31.36,31.04,31.34,0.239999999999998,838,2018-12-28,29.9,31.91,71.6417910447761,44.4368537847261,33.0824111880433,32.1946666666667,11,1.66999999999997,"2018"
"265",60,5,1024000,40233810,39.26,39.48,39.14,39.35,0.109999999999999,308,2019-08-23,37.56,39.88,77.1551724137931,79.6585887021992,75.0659457815229,39.0456666666666,0,400,"2019"
"266",60,10,1024000,40233810,39.26,39.48,39.14,39.35,0.109999999999999,308,2019-08-23,37.56,39.88,77.1551724137931,79.6585887021992,75.0659457815229,39.0456666666666,0,399.79,"2019"
"267",60,15,1024000,40233810,39.26,39.48,39.14,39.35,0.109999999999999,308,2019-08-23,37.56,39.88,77.1551724137931,79.6585887021992,75.0659457815229,39.0456666666666,0,409.37,"2019"
"268",60,20,1024000,40233810,39.26,39.48,39.14,39.35,0.109999999999999,308,2019-08-23,37.56,39.88,77.1551724137931,79.6585887021992,75.0659457815229,39.0456666666666,0,406.79,"2019"
"269",60,25,1024000,40233810,39.26,39.48,39.14,39.35,0.109999999999999,308,2019-08-23,37.56,39.88,77.1551724137931,79.6585887021992,75.0659457815229,39.0456666666666,0,405.37,"2019"
"270",60,30,1024000,40233810,39.26,39.48,39.14,39.35,0.109999999999999,308,2019-08-23,37.56,39.88,77.1551724137931,79.6585887021992,75.0659457815229,39.0456666666666,0,404.48,"2019"
"271",60,35,1024000,40233810,39.26,39.48,39.14,39.35,0.109999999999999,308,2019-08-23,37.56,39.88,77.1551724137931,79.6585887021992,75.0659457815229,39.0456666666666,0,401.62,"2019"
"272",60,40,1024000,40233810,39.26,39.48,39.14,39.35,0.109999999999999,308,2019-08-23,37.56,39.88,77.1551724137931,79.6585887021992,75.0659457815229,39.0456666666666,1,365.48,"2019"
"273",60,45,1024000,40233810,39.26,39.48,39.14,39.35,0.109999999999999,308,2019-08-23,37.56,39.88,77.1551724137931,79.6585887021992,75.0659457815229,39.0456666666666,4,248.55,"2019"
"274",60,50,1024000,40233810,39.26,39.48,39.14,39.35,0.109999999999999,308,2019-08-23,37.56,39.88,77.1551724137931,79.6585887021992,75.0659457815229,39.0456666666666,4,245.55,"2019"
"275",60,55,1024000,40233810,39.26,39.48,39.14,39.35,0.109999999999999,308,2019-08-23,37.56,39.88,77.1551724137931,79.6585887021992,75.0659457815229,39.0456666666666,4,239.34,"2019"
"276",65,5,1024000,40233810,39.26,39.48,39.14,39.35,0.109999999999999,308,2019-08-23,37.56,39.88,77.1551724137931,79.6585887021992,75.0659457815229,39.0456666666666,0,400,"2019"
"277",65,10,1024000,40233810,39.26,39.48,39.14,39.35,0.109999999999999,308,2019-08-23,37.56,39.88,77.1551724137931,79.6585887021992,75.0659457815229,39.0456666666666,0,400.65,"2019"
"278",65,15,1024000,40233810,39.26,39.48,39.14,39.35,0.109999999999999,308,2019-08-23,37.56,39.88,77.1551724137931,79.6585887021992,75.0659457815229,39.0456666666666,0,414.84,"2019"
"279",65,20,1024000,40233810,39.26,39.48,39.14,39.35,0.109999999999999,308,2019-08-23,37.56,39.88,77.1551724137931,79.6585887021992,75.0659457815229,39.0456666666666,0,412.51,"2019"
"280",65,25,1024000,40233810,39.26,39.48,39.14,39.35,0.109999999999999,308,2019-08-23,37.56,39.88,77.1551724137931,79.6585887021992,75.0659457815229,39.0456666666666,0,411.09,"2019"
"281",65,30,1024000,40233810,39.26,39.48,39.14,39.35,0.109999999999999,308,2019-08-23,37.56,39.88,77.1551724137931,79.6585887021992,75.0659457815229,39.0456666666666,0,410.2,"2019"
"282",65,35,1024000,40233810,39.26,39.48,39.14,39.35,0.109999999999999,308,2019-08-23,37.56,39.88,77.1551724137931,79.6585887021992,75.0659457815229,39.0456666666666,0,407.34,"2019"
"283",65,40,1024000,40233810,39.26,39.48,39.14,39.35,0.109999999999999,308,2019-08-23,37.56,39.88,77.1551724137931,79.6585887021992,75.0659457815229,39.0456666666666,1,371.2,"2019"
"284",65,45,1024000,40233810,39.26,39.48,39.14,39.35,0.109999999999999,308,2019-08-23,37.56,39.88,77.1551724137931,79.6585887021992,75.0659457815229,39.0456666666666,4,254.27,"2019"
"285",65,50,1024000,40233810,39.26,39.48,39.14,39.35,0.109999999999999,308,2019-08-23,37.56,39.88,77.1551724137931,79.6585887021992,75.0659457815229,39.0456666666666,4,251.27,"2019"
"286",65,55,1024000,40233810,39.26,39.48,39.14,39.35,0.109999999999999,308,2019-08-23,37.56,39.88,77.1551724137931,79.6585887021992,75.0659457815229,39.0456666666666,4,245.06,"2019"
"287",70,5,1024000,40233810,39.26,39.48,39.14,39.35,0.109999999999999,308,2019-08-23,37.56,39.88,77.1551724137931,79.6585887021992,75.0659457815229,39.0456666666666,0,400,"2019"
"288",70,10,1024000,40233810,39.26,39.48,39.14,39.35,0.109999999999999,308,2019-08-23,37.56,39.88,77.1551724137931,79.6585887021992,75.0659457815229,39.0456666666666,0,400.65,"2019"
"289",70,15,1024000,40233810,39.26,39.48,39.14,39.35,0.109999999999999,308,2019-08-23,37.56,39.88,77.1551724137931,79.6585887021992,75.0659457815229,39.0456666666666,0,414.84,"2019"
"290",70,20,1024000,40233810,39.26,39.48,39.14,39.35,0.109999999999999,308,2019-08-23,37.56,39.88,77.1551724137931,79.6585887021992,75.0659457815229,39.0456666666666,0,412.51,"2019"
"291",70,25,1024000,40233810,39.26,39.48,39.14,39.35,0.109999999999999,308,2019-08-23,37.56,39.88,77.1551724137931,79.6585887021992,75.0659457815229,39.0456666666666,0,411.28,"2019"
"292",70,30,1024000,40233810,39.26,39.48,39.14,39.35,0.109999999999999,308,2019-08-23,37.56,39.88,77.1551724137931,79.6585887021992,75.0659457815229,39.0456666666666,0,410.79,"2019"
"293",70,35,1024000,40233810,39.26,39.48,39.14,39.35,0.109999999999999,308,2019-08-23,37.56,39.88,77.1551724137931,79.6585887021992,75.0659457815229,39.0456666666666,1,368.54,"2019"
"294",70,40,1024000,40233810,39.26,39.48,39.14,39.35,0.109999999999999,308,2019-08-23,37.56,39.88,77.1551724137931,79.6585887021992,75.0659457815229,39.0456666666666,2,333.25,"2019"
"295",70,45,1024000,40233810,39.26,39.48,39.14,39.35,0.109999999999999,308,2019-08-23,37.56,39.88,77.1551724137931,79.6585887021992,75.0659457815229,39.0456666666666,5,216.32,"2019"
"296",70,50,1024000,40233810,39.26,39.48,39.14,39.35,0.109999999999999,308,2019-08-23,37.56,39.88,77.1551724137931,79.6585887021992,75.0659457815229,39.0456666666666,5,213.72,"2019"
"297",70,55,1024000,40233810,39.26,39.48,39.14,39.35,0.109999999999999,308,2019-08-23,37.56,39.88,77.1551724137931,79.6585887021992,75.0659457815229,39.0456666666666,5,207.71,"2019"
"298",75,5,1024000,40233810,39.26,39.48,39.14,39.35,0.109999999999999,308,2019-08-23,37.56,39.88,77.1551724137931,79.6585887021992,75.0659457815229,39.0456666666666,0,400,"2019"
"299",75,10,1024000,40233810,39.26,39.48,39.14,39.35,0.109999999999999,308,2019-08-23,37.56,39.88,77.1551724137931,79.6585887021992,75.0659457815229,39.0456666666666,0,400.98,"2019"
"300",75,15,1024000,40233810,39.26,39.48,39.14,39.35,0.109999999999999,308,2019-08-23,37.56,39.88,77.1551724137931,79.6585887021992,75.0659457815229,39.0456666666666,0,421.93,"2019"
"301",75,20,1024000,40233810,39.26,39.48,39.14,39.35,0.109999999999999,308,2019-08-23,37.56,39.88,77.1551724137931,79.6585887021992,75.0659457815229,39.0456666666666,0,419.88,"2019"
"302",75,25,1024000,40233810,39.26,39.48,39.14,39.35,0.109999999999999,308,2019-08-23,37.56,39.88,77.1551724137931,79.6585887021992,75.0659457815229,39.0456666666666,0,418.65,"2019"
"303",75,30,1024000,40233810,39.26,39.48,39.14,39.35,0.109999999999999,308,2019-08-23,37.56,39.88,77.1551724137931,79.6585887021992,75.0659457815229,39.0456666666666,0,418.16,"2019"
"304",75,35,1024000,40233810,39.26,39.48,39.14,39.35,0.109999999999999,308,2019-08-23,37.56,39.88,77.1551724137931,79.6585887021992,75.0659457815229,39.0456666666666,1,375.91,"2019"
"305",75,40,1024000,40233810,39.26,39.48,39.14,39.35,0.109999999999999,308,2019-08-23,37.56,39.88,77.1551724137931,79.6585887021992,75.0659457815229,39.0456666666666,2,340.62,"2019"
"306",75,45,1024000,40233810,39.26,39.48,39.14,39.35,0.109999999999999,308,2019-08-23,37.56,39.88,77.1551724137931,79.6585887021992,75.0659457815229,39.0456666666666,5,223.69,"2019"
"307",75,50,1024000,40233810,39.26,39.48,39.14,39.35,0.109999999999999,308,2019-08-23,37.56,39.88,77.1551724137931,79.6585887021992,75.0659457815229,39.0456666666666,5,221.09,"2019"
"308",75,55,1024000,40233810,39.26,39.48,39.14,39.35,0.109999999999999,308,2019-08-23,37.56,39.88,77.1551724137931,79.6585887021992,75.0659457815229,39.0456666666666,5,215.08,"2019"
"309",80,5,1024000,40233810,39.26,39.48,39.14,39.35,0.109999999999999,308,2019-08-23,37.56,39.88,77.1551724137931,79.6585887021992,75.0659457815229,39.0456666666666,0,400,"2019"
"310",80,10,1024000,40233810,39.26,39.48,39.14,39.35,0.109999999999999,308,2019-08-23,37.56,39.88,77.1551724137931,79.6585887021992,75.0659457815229,39.0456666666666,0,400.98,"2019"
"311",80,15,1024000,40233810,39.26,39.48,39.14,39.35,0.109999999999999,308,2019-08-23,37.56,39.88,77.1551724137931,79.6585887021992,75.0659457815229,39.0456666666666,0,427.98,"2019"
"312",80,20,1024000,40233810,39.26,39.48,39.14,39.35,0.109999999999999,308,2019-08-23,37.56,39.88,77.1551724137931,79.6585887021992,75.0659457815229,39.0456666666666,0,427.69,"2019"
"313",80,25,1024000,40233810,39.26,39.48,39.14,39.35,0.109999999999999,308,2019-08-23,37.56,39.88,77.1551724137931,79.6585887021992,75.0659457815229,39.0456666666666,0,426.55,"2019"
"314",80,30,1024000,40233810,39.26,39.48,39.14,39.35,0.109999999999999,308,2019-08-23,37.56,39.88,77.1551724137931,79.6585887021992,75.0659457815229,39.0456666666666,0,426.23,"2019"
"315",80,35,1024000,40233810,39.26,39.48,39.14,39.35,0.109999999999999,308,2019-08-23,37.56,39.88,77.1551724137931,79.6585887021992,75.0659457815229,39.0456666666666,2,344.74,"2019"
"316",80,40,1024000,40233810,39.26,39.48,39.14,39.35,0.109999999999999,308,2019-08-23,37.56,39.88,77.1551724137931,79.6585887021992,75.0659457815229,39.0456666666666,3,310.33,"2019"
"317",80,45,1024000,40233810,39.26,39.48,39.14,39.35,0.109999999999999,308,2019-08-23,37.56,39.88,77.1551724137931,79.6585887021992,75.0659457815229,39.0456666666666,6,193.4,"2019"
"318",80,50,1024000,40233810,39.26,39.48,39.14,39.35,0.109999999999999,308,2019-08-23,37.56,39.88,77.1551724137931,79.6585887021992,75.0659457815229,39.0456666666666,6,191,"2019"
"319",80,55,1024000,40233810,39.26,39.48,39.14,39.35,0.109999999999999,308,2019-08-23,37.56,39.88,77.1551724137931,79.6585887021992,75.0659457815229,39.0456666666666,6,185.04,"2019"
"320",85,5,1024000,40233810,39.26,39.48,39.14,39.35,0.109999999999999,308,2019-08-23,37.56,39.88,77.1551724137931,79.6585887021992,75.0659457815229,39.0456666666666,0,400,"2019"
"321",85,10,1024000,40233810,39.26,39.48,39.14,39.35,0.109999999999999,308,2019-08-23,37.56,39.88,77.1551724137931,79.6585887021992,75.0659457815229,39.0456666666666,0,402.36,"2019"
"322",85,15,1024000,40233810,39.26,39.48,39.14,39.35,0.109999999999999,308,2019-08-23,37.56,39.88,77.1551724137931,79.6585887021992,75.0659457815229,39.0456666666666,0,438.97,"2019"
"323",85,20,1024000,40233810,39.26,39.48,39.14,39.35,0.109999999999999,308,2019-08-23,37.56,39.88,77.1551724137931,79.6585887021992,75.0659457815229,39.0456666666666,1,397.58,"2019"
"324",85,25,1024000,40233810,39.26,39.48,39.14,39.35,0.109999999999999,308,2019-08-23,37.56,39.88,77.1551724137931,79.6585887021992,75.0659457815229,39.0456666666666,2,357.05,"2019"
"325",85,30,1024000,40233810,39.26,39.48,39.14,39.35,0.109999999999999,308,2019-08-23,37.56,39.88,77.1551724137931,79.6585887021992,75.0659457815229,39.0456666666666,3,317.36,"2019"
"326",85,35,1024000,40233810,39.26,39.48,39.14,39.35,0.109999999999999,308,2019-08-23,37.56,39.88,77.1551724137931,79.6585887021992,75.0659457815229,39.0456666666666,5,235.87,"2019"
"327",85,40,1024000,40233810,39.26,39.48,39.14,39.35,0.109999999999999,308,2019-08-23,37.56,39.88,77.1551724137931,79.6585887021992,75.0659457815229,39.0456666666666,6,202.05,"2019"
"328",85,45,1024000,40233810,39.26,39.48,39.14,39.35,0.109999999999999,308,2019-08-23,37.56,39.88,77.1551724137931,79.6585887021992,75.0659457815229,39.0456666666666,9,85.1199999999999,"2019"
"329",85,50,1024000,40233810,39.26,39.48,39.14,39.35,0.109999999999999,308,2019-08-23,37.56,39.88,77.1551724137931,79.6585887021992,75.0659457815229,39.0456666666666,9,82.7699999999999,"2019"
"330",85,55,1024000,40233810,39.26,39.48,39.14,39.35,0.109999999999999,308,2019-08-23,37.56,39.88,77.1551724137931,79.6585887021992,75.0659457815229,39.0456666666666,9,77.4399999999999,"2019"
"331",90,5,1024000,40233810,39.26,39.48,39.14,39.35,0.109999999999999,308,2019-08-23,37.56,39.88,77.1551724137931,79.6585887021992,75.0659457815229,39.0456666666666,0,400,"2019"
"332",90,10,1024000,40233810,39.26,39.48,39.14,39.35,0.109999999999999,308,2019-08-23,37.56,39.88,77.1551724137931,79.6585887021992,75.0659457815229,39.0456666666666,1,363.55,"2019"
"333",90,15,1024000,40233810,39.26,39.48,39.14,39.35,0.109999999999999,308,2019-08-23,37.56,39.88,77.1551724137931,79.6585887021992,75.0659457815229,39.0456666666666,9,76.2,"2019"
"334",90,20,1024000,40233810,39.26,39.48,39.14,39.35,0.109999999999999,308,2019-08-23,37.56,39.88,77.1551724137931,79.6585887021992,75.0659457815229,39.0456666666666,10,34.81,"2019"
"335",90,25,1024000,40233810,39.26,39.48,39.14,39.35,0.109999999999999,308,2019-08-23,37.56,39.88,77.1551724137931,79.6585887021992,75.0659457815229,39.0456666666666,10,32.68,"2019"
"336",90,30,1024000,40233810,39.26,39.48,39.14,39.35,0.109999999999999,308,2019-08-23,37.56,39.88,77.1551724137931,79.6585887021992,75.0659457815229,39.0456666666666,10,34.77,"2019"
"337",90,35,1024000,40233810,39.26,39.48,39.14,39.35,0.109999999999999,308,2019-08-23,37.56,39.88,77.1551724137931,79.6585887021992,75.0659457815229,39.0456666666666,10,31.35,"2019"
"338",90,40,1024000,40233810,39.26,39.48,39.14,39.35,0.109999999999999,308,2019-08-23,37.56,39.88,77.1551724137931,79.6585887021992,75.0659457815229,39.0456666666666,11,8.59999999999995,"2019"
"339",90,45,1024000,40233810,39.26,39.48,39.14,39.35,0.109999999999999,308,2019-08-23,37.56,39.88,77.1551724137931,79.6585887021992,75.0659457815229,39.0456666666666,11,8.59999999999995,"2019"
"340",90,50,1024000,40233810,39.26,39.48,39.14,39.35,0.109999999999999,308,2019-08-23,37.56,39.88,77.1551724137931,79.6585887021992,75.0659457815229,39.0456666666666,11,5.67999999999991,"2019"
"341",90,55,1024000,40233810,39.26,39.48,39.14,39.35,0.109999999999999,308,2019-08-23,37.56,39.88,77.1551724137931,79.6585887021992,75.0659457815229,39.0456666666666,11,2.6399999999999,"2019"
"342",95,5,1024000,40233810,39.26,39.48,39.14,39.35,0.109999999999999,308,2019-08-23,37.56,39.88,77.1551724137931,79.6585887021992,75.0659457815229,39.0456666666666,0,400,"2019"
"343",95,10,1024000,40233810,39.26,39.48,39.14,39.35,0.109999999999999,308,2019-08-23,37.56,39.88,77.1551724137931,79.6585887021992,75.0659457815229,39.0456666666666,1,363.55,"2019"
"344",95,15,1024000,40233810,39.26,39.48,39.14,39.35,0.109999999999999,308,2019-08-23,37.56,39.88,77.1551724137931,79.6585887021992,75.0659457815229,39.0456666666666,9,76.2,"2019"
"345",95,20,1024000,40233810,39.26,39.48,39.14,39.35,0.109999999999999,308,2019-08-23,37.56,39.88,77.1551724137931,79.6585887021992,75.0659457815229,39.0456666666666,10,34.81,"2019"
"346",95,25,1024000,40233810,39.26,39.48,39.14,39.35,0.109999999999999,308,2019-08-23,37.56,39.88,77.1551724137931,79.6585887021992,75.0659457815229,39.0456666666666,10,32.68,"2019"
"347",95,30,1024000,40233810,39.26,39.48,39.14,39.35,0.109999999999999,308,2019-08-23,37.56,39.88,77.1551724137931,79.6585887021992,75.0659457815229,39.0456666666666,11,1.20999999999998,"2019"
"348",95,35,1024000,40233810,39.26,39.48,39.14,39.35,0.109999999999999,308,2019-08-23,37.56,39.88,77.1551724137931,79.6585887021992,75.0659457815229,39.0456666666666,10,33.4,"2019"
"349",95,40,1024000,40233810,39.26,39.48,39.14,39.35,0.109999999999999,308,2019-08-23,37.56,39.88,77.1551724137931,79.6585887021992,75.0659457815229,39.0456666666666,11,11.0499999999999,"2019"
"350",95,45,1024000,40233810,39.26,39.48,39.14,39.35,0.109999999999999,308,2019-08-23,37.56,39.88,77.1551724137931,79.6585887021992,75.0659457815229,39.0456666666666,11,11.0499999999999,"2019"
"351",95,50,1024000,40233810,39.26,39.48,39.14,39.35,0.109999999999999,308,2019-08-23,37.56,39.88,77.1551724137931,79.6585887021992,75.0659457815229,39.0456666666666,11,8.11999999999998,"2019"
"352",95,55,1024000,40233810,39.26,39.48,39.14,39.35,0.109999999999999,308,2019-08-23,37.56,39.88,77.1551724137931,79.6585887021992,75.0659457815229,39.0456666666666,11,4.36999999999988,"2019"
"353",60,5,3204000,100037770,31.2,31.36,31.04,31.34,0.239999999999998,838,2018-12-28,29.9,31.91,71.6417910447761,44.4368537847261,33.0824111880433,32.1946666666667,0,400,"2016_2018"
"354",60,10,3204000,100037770,31.2,31.36,31.04,31.34,0.239999999999998,838,2018-12-28,29.9,31.91,71.6417910447761,44.4368537847261,33.0824111880433,32.1946666666667,0,404.98,"2016_2018"
"355",60,15,3204000,100037770,31.2,31.36,31.04,31.34,0.239999999999998,838,2018-12-28,29.9,31.91,71.6417910447761,44.4368537847261,33.0824111880433,32.1946666666667,0,425.56,"2016_2018"
"356",60,20,3204000,100037770,31.2,31.36,31.04,31.34,0.239999999999998,838,2018-12-28,29.9,31.91,71.6417910447761,44.4368537847261,33.0824111880433,32.1946666666667,1,403.57,"2016_2018"
"357",60,25,3204000,100037770,31.2,31.36,31.04,31.34,0.239999999999998,838,2018-12-28,29.9,31.91,71.6417910447761,44.4368537847261,33.0824111880433,32.1946666666667,7,233.24,"2016_2018"
"358",60,30,3204000,100037770,31.2,31.36,31.04,31.34,0.239999999999998,838,2018-12-28,29.9,31.91,71.6417910447761,44.4368537847261,33.0824111880433,32.1946666666667,11,122.27,"2016_2018"
"359",60,35,3204000,100037770,31.2,31.36,31.04,31.34,0.239999999999998,838,2018-12-28,29.9,31.91,71.6417910447761,44.4368537847261,33.0824111880433,32.1946666666667,15,14.8400000000001,"2016_2018"
"360",60,40,3204000,100037770,31.2,31.36,31.04,31.34,0.239999999999998,838,2018-12-28,29.9,31.91,71.6417910447761,44.4368537847261,33.0824111880433,32.1946666666667,16,4.66000000000004,"2016_2018"
"361",60,45,3204000,100037770,31.2,31.36,31.04,31.34,0.239999999999998,838,2018-12-28,29.9,31.91,71.6417910447761,44.4368537847261,33.0824111880433,32.1946666666667,16,17.5900000000001,"2016_2018"
"362",60,50,3204000,100037770,31.2,31.36,31.04,31.34,0.239999999999998,838,2018-12-28,29.9,31.91,71.6417910447761,44.4368537847261,33.0824111880433,32.1946666666667,16,27.4800000000001,"2016_2018"
"363",60,55,3204000,100037770,31.2,31.36,31.04,31.34,0.239999999999998,838,2018-12-28,29.9,31.91,71.6417910447761,44.4368537847261,33.0824111880433,32.1946666666667,17,8.06000000000044,"2016_2018"
"364",65,5,3204000,100037770,31.2,31.36,31.04,31.34,0.239999999999998,838,2018-12-28,29.9,31.91,71.6417910447761,44.4368537847261,33.0824111880433,32.1946666666667,0,400,"2016_2018"
"365",65,10,3204000,100037770,31.2,31.36,31.04,31.34,0.239999999999998,838,2018-12-28,29.9,31.91,71.6417910447761,44.4368537847261,33.0824111880433,32.1946666666667,0,404.98,"2016_2018"
"366",65,15,3204000,100037770,31.2,31.36,31.04,31.34,0.239999999999998,838,2018-12-28,29.9,31.91,71.6417910447761,44.4368537847261,33.0824111880433,32.1946666666667,0,425.99,"2016_2018"
"367",65,20,3204000,100037770,31.2,31.36,31.04,31.34,0.239999999999998,838,2018-12-28,29.9,31.91,71.6417910447761,44.4368537847261,33.0824111880433,32.1946666666667,4,308.35,"2016_2018"
"368",65,25,3204000,100037770,31.2,31.36,31.04,31.34,0.239999999999998,838,2018-12-28,29.9,31.91,71.6417910447761,44.4368537847261,33.0824111880433,32.1946666666667,10,140.13,"2016_2018"
"369",65,30,3204000,100037770,31.2,31.36,31.04,31.34,0.239999999999998,838,2018-12-28,29.9,31.91,71.6417910447761,44.4368537847261,33.0824111880433,32.1946666666667,14,30.53,"2016_2018"
"370",65,35,3204000,100037770,31.2,31.36,31.04,31.34,0.239999999999998,838,2018-12-28,29.9,31.91,71.6417910447761,44.4368537847261,33.0824111880433,32.1946666666667,15,20.74,"2016_2018"
"371",65,40,3204000,100037770,31.2,31.36,31.04,31.34,0.239999999999998,838,2018-12-28,29.9,31.91,71.6417910447761,44.4368537847261,33.0824111880433,32.1946666666667,16,11.33,"2016_2018"
"372",65,45,3204000,100037770,31.2,31.36,31.04,31.34,0.239999999999998,838,2018-12-28,29.9,31.91,71.6417910447761,44.4368537847261,33.0824111880433,32.1946666666667,16,28.9800000000003,"2016_2018"
"373",65,50,3204000,100037770,31.2,31.36,31.04,31.34,0.239999999999998,838,2018-12-28,29.9,31.91,71.6417910447761,44.4368537847261,33.0824111880433,32.1946666666667,17,19.1100000000003,"2016_2018"
"374",65,55,3204000,100037770,31.2,31.36,31.04,31.34,0.239999999999998,838,2018-12-28,29.9,31.91,71.6417910447761,44.4368537847261,33.0824111880433,32.1946666666667,18,7.71000000000031,"2016_2018"
"375",70,5,3204000,100037770,31.2,31.36,31.04,31.34,0.239999999999998,838,2018-12-28,29.9,31.91,71.6417910447761,44.4368537847261,33.0824111880433,32.1946666666667,0,400,"2016_2018"
"376",70,10,3204000,100037770,31.2,31.36,31.04,31.34,0.239999999999998,838,2018-12-28,29.9,31.91,71.6417910447761,44.4368537847261,33.0824111880433,32.1946666666667,0,404.98,"2016_2018"
"377",70,15,3204000,100037770,31.2,31.36,31.04,31.34,0.239999999999998,838,2018-12-28,29.9,31.91,71.6417910447761,44.4368537847261,33.0824111880433,32.1946666666667,0,427.67,"2016_2018"
"378",70,20,3204000,100037770,31.2,31.36,31.04,31.34,0.239999999999998,838,2018-12-28,29.9,31.91,71.6417910447761,44.4368537847261,33.0824111880433,32.1946666666667,4,311.26,"2016_2018"
"379",70,25,3204000,100037770,31.2,31.36,31.04,31.34,0.239999999999998,838,2018-12-28,29.9,31.91,71.6417910447761,44.4368537847261,33.0824111880433,32.1946666666667,10,145.8,"2016_2018"
"380",70,30,3204000,100037770,31.2,31.36,31.04,31.34,0.239999999999998,838,2018-12-28,29.9,31.91,71.6417910447761,44.4368537847261,33.0824111880433,32.1946666666667,14,39.46,"2016_2018"
"381",70,35,3204000,100037770,31.2,31.36,31.04,31.34,0.239999999999998,838,2018-12-28,29.9,31.91,71.6417910447761,44.4368537847261,33.0824111880433,32.1946666666667,16,1.15000000000007,"2016_2018"
"382",70,40,3204000,100037770,31.2,31.36,31.04,31.34,0.239999999999998,838,2018-12-28,29.9,31.91,71.6417910447761,44.4368537847261,33.0824111880433,32.1946666666667,16,22.57,"2016_2018"
"383",70,45,3204000,100037770,31.2,31.36,31.04,31.34,0.239999999999998,838,2018-12-28,29.9,31.91,71.6417910447761,44.4368537847261,33.0824111880433,32.1946666666667,17,10.8500000000002,"2016_2018"
"384",70,50,3204000,100037770,31.2,31.36,31.04,31.34,0.239999999999998,838,2018-12-28,29.9,31.91,71.6417910447761,44.4368537847261,33.0824111880433,32.1946666666667,17,24.05,"2016_2018"
"385",70,55,3204000,100037770,31.2,31.36,31.04,31.34,0.239999999999998,838,2018-12-28,29.9,31.91,71.6417910447761,44.4368537847261,33.0824111880433,32.1946666666667,18,7.03000000000011,"2016_2018"
"386",75,5,3204000,100037770,31.2,31.36,31.04,31.34,0.239999999999998,838,2018-12-28,29.9,31.91,71.6417910447761,44.4368537847261,33.0824111880433,32.1946666666667,0,400,"2016_2018"
"387",75,10,3204000,100037770,31.2,31.36,31.04,31.34,0.239999999999998,838,2018-12-28,29.9,31.91,71.6417910447761,44.4368537847261,33.0824111880433,32.1946666666667,0,405.43,"2016_2018"
"388",75,15,3204000,100037770,31.2,31.36,31.04,31.34,0.239999999999998,838,2018-12-28,29.9,31.91,71.6417910447761,44.4368537847261,33.0824111880433,32.1946666666667,2,366.33,"2016_2018"
"389",75,20,3204000,100037770,31.2,31.36,31.04,31.34,0.239999999999998,838,2018-12-28,29.9,31.91,71.6417910447761,44.4368537847261,33.0824111880433,32.1946666666667,7,219.28,"2016_2018"
"390",75,25,3204000,100037770,31.2,31.36,31.04,31.34,0.239999999999998,838,2018-12-28,29.9,31.91,71.6417910447761,44.4368537847261,33.0824111880433,32.1946666666667,13,59.5600000000003,"2016_2018"
"391",75,30,3204000,100037770,31.2,31.36,31.04,31.34,0.239999999999998,838,2018-12-28,29.9,31.91,71.6417910447761,44.4368537847261,33.0824111880433,32.1946666666667,15,16.5000000000001,"2016_2018"
"392",75,35,3204000,100037770,31.2,31.36,31.04,31.34,0.239999999999998,838,2018-12-28,29.9,31.91,71.6417910447761,44.4368537847261,33.0824111880433,32.1946666666667,16,13.1400000000001,"2016_2018"
"393",75,40,3204000,100037770,31.2,31.36,31.04,31.34,0.239999999999998,838,2018-12-28,29.9,31.91,71.6417910447761,44.4368537847261,33.0824111880433,32.1946666666667,17,6.8400000000001,"2016_2018"
"394",75,45,3204000,100037770,31.2,31.36,31.04,31.34,0.239999999999998,838,2018-12-28,29.9,31.91,71.6417910447761,44.4368537847261,33.0824111880433,32.1946666666667,18,13.1899999999998,"2016_2018"
"395",75,50,3204000,100037770,31.2,31.36,31.04,31.34,0.239999999999998,838,2018-12-28,29.9,31.91,71.6417910447761,44.4368537847261,33.0824111880433,32.1946666666667,18,0.190000000000037,"2016_2018"
"396",75,55,3204000,100037770,31.2,31.36,31.04,31.34,0.239999999999998,838,2018-12-28,29.9,31.91,71.6417910447761,44.4368537847261,33.0824111880433,32.1946666666667,18,12.4200000000002,"2016_2018"
"397",80,5,3204000,100037770,31.2,31.36,31.04,31.34,0.239999999999998,838,2018-12-28,29.9,31.91,71.6417910447761,44.4368537847261,33.0824111880433,32.1946666666667,0,400,"2016_2018"
"398",80,10,3204000,100037770,31.2,31.36,31.04,31.34,0.239999999999998,838,2018-12-28,29.9,31.91,71.6417910447761,44.4368537847261,33.0824111880433,32.1946666666667,0,406.42,"2016_2018"
"399",80,15,3204000,100037770,31.2,31.36,31.04,31.34,0.239999999999998,838,2018-12-28,29.9,31.91,71.6417910447761,44.4368537847261,33.0824111880433,32.1946666666667,2,368.88,"2016_2018"
"400",80,20,3204000,100037770,31.2,31.36,31.04,31.34,0.239999999999998,838,2018-12-28,29.9,31.91,71.6417910447761,44.4368537847261,33.0824111880433,32.1946666666667,7,223.07,"2016_2018"
"401",80,25,3204000,100037770,31.2,31.36,31.04,31.34,0.239999999999998,838,2018-12-28,29.9,31.91,71.6417910447761,44.4368537847261,33.0824111880433,32.1946666666667,13,69.2900000000002,"2016_2018"
"402",80,30,3204000,100037770,31.2,31.36,31.04,31.34,0.239999999999998,838,2018-12-28,29.9,31.91,71.6417910447761,44.4368537847261,33.0824111880433,32.1946666666667,16,2.55000000000012,"2016_2018"
"403",80,35,3204000,100037770,31.2,31.36,31.04,31.34,0.239999999999998,838,2018-12-28,29.9,31.91,71.6417910447761,44.4368537847261,33.0824111880433,32.1946666666667,17,6.35000000000004,"2016_2018"
"404",80,40,3204000,100037770,31.2,31.36,31.04,31.34,0.239999999999998,838,2018-12-28,29.9,31.91,71.6417910447761,44.4368537847261,33.0824111880433,32.1946666666667,17,22.5600000000001,"2016_2018"
"405",80,45,3204000,100037770,31.2,31.36,31.04,31.34,0.239999999999998,838,2018-12-28,29.9,31.91,71.6417910447761,44.4368537847261,33.0824111880433,32.1946666666667,18,13.3600000000004,"2016_2018"
"406",80,50,3204000,100037770,31.2,31.36,31.04,31.34,0.239999999999998,838,2018-12-28,29.9,31.91,71.6417910447761,44.4368537847261,33.0824111880433,32.1946666666667,19,3.65000000000042,"2016_2018"
"407",80,55,3204000,100037770,31.2,31.36,31.04,31.34,0.239999999999998,838,2018-12-28,29.9,31.91,71.6417910447761,44.4368537847261,33.0824111880433,32.1946666666667,19,5.77999999999997,"2016_2018"
"408",85,5,3204000,100037770,31.2,31.36,31.04,31.34,0.239999999999998,838,2018-12-28,29.9,31.91,71.6417910447761,44.4368537847261,33.0824111880433,32.1946666666667,0,400,"2016_2018"
"409",85,10,3204000,100037770,31.2,31.36,31.04,31.34,0.239999999999998,838,2018-12-28,29.9,31.91,71.6417910447761,44.4368537847261,33.0824111880433,32.1946666666667,0,406.95,"2016_2018"
"410",85,15,3204000,100037770,31.2,31.36,31.04,31.34,0.239999999999998,838,2018-12-28,29.9,31.91,71.6417910447761,44.4368537847261,33.0824111880433,32.1946666666667,3,339.91,"2016_2018"
"411",85,20,3204000,100037770,31.2,31.36,31.04,31.34,0.239999999999998,838,2018-12-28,29.9,31.91,71.6417910447761,44.4368537847261,33.0824111880433,32.1946666666667,8,204.45,"2016_2018"
"412",85,25,3204000,100037770,31.2,31.36,31.04,31.34,0.239999999999998,838,2018-12-28,29.9,31.91,71.6417910447761,44.4368537847261,33.0824111880433,32.1946666666667,15,30.7400000000001,"2016_2018"
"413",85,30,3204000,100037770,31.2,31.36,31.04,31.34,0.239999999999998,838,2018-12-28,29.9,31.91,71.6417910447761,44.4368537847261,33.0824111880433,32.1946666666667,16,26.6000000000002,"2016_2018"
"414",85,35,3204000,100037770,31.2,31.36,31.04,31.34,0.239999999999998,838,2018-12-28,29.9,31.91,71.6417910447761,44.4368537847261,33.0824111880433,32.1946666666667,17,9.04000000000045,"2016_2018"
"415",85,40,3204000,100037770,31.2,31.36,31.04,31.34,0.239999999999998,838,2018-12-28,29.9,31.91,71.6417910447761,44.4368537847261,33.0824111880433,32.1946666666667,18,26,"2016_2018"
"416",85,45,3204000,100037770,31.2,31.36,31.04,31.34,0.239999999999998,838,2018-12-28,29.9,31.91,71.6417910447761,44.4368537847261,33.0824111880433,32.1946666666667,19,19.1700000000001,"2016_2018"
"417",85,50,3204000,100037770,31.2,31.36,31.04,31.34,0.239999999999998,838,2018-12-28,29.9,31.91,71.6417910447761,44.4368537847261,33.0824111880433,32.1946666666667,20,0.460000000000214,"2016_2018"
"418",85,55,3204000,100037770,31.2,31.36,31.04,31.34,0.239999999999998,838,2018-12-28,29.9,31.91,71.6417910447761,44.4368537847261,33.0824111880433,32.1946666666667,20,7.09000000000032,"2016_2018"
"419",90,5,3204000,100037770,31.2,31.36,31.04,31.34,0.239999999999998,838,2018-12-28,29.9,31.91,71.6417910447761,44.4368537847261,33.0824111880433,32.1946666666667,0,400,"2016_2018"
"420",90,10,3204000,100037770,31.2,31.36,31.04,31.34,0.239999999999998,838,2018-12-28,29.9,31.91,71.6417910447761,44.4368537847261,33.0824111880433,32.1946666666667,0,408.28,"2016_2018"
"421",90,15,3204000,100037770,31.2,31.36,31.04,31.34,0.239999999999998,838,2018-12-28,29.9,31.91,71.6417910447761,44.4368537847261,33.0824111880433,32.1946666666667,3,358.37,"2016_2018"
"422",90,20,3204000,100037770,31.2,31.36,31.04,31.34,0.239999999999998,838,2018-12-28,29.9,31.91,71.6417910447761,44.4368537847261,33.0824111880433,32.1946666666667,8,241.3,"2016_2018"
"423",90,25,3204000,100037770,31.2,31.36,31.04,31.34,0.239999999999998,838,2018-12-28,29.9,31.91,71.6417910447761,44.4368537847261,33.0824111880433,32.1946666666667,18,9.63000000000011,"2016_2018"
"424",90,30,3204000,100037770,31.2,31.36,31.04,31.34,0.239999999999998,838,2018-12-28,29.9,31.91,71.6417910447761,44.4368537847261,33.0824111880433,32.1946666666667,20,25.4900000000001,"2016_2018"
"425",90,35,3204000,100037770,31.2,31.36,31.04,31.34,0.239999999999998,838,2018-12-28,29.9,31.91,71.6417910447761,44.4368537847261,33.0824111880433,32.1946666666667,21,0.400000000000141,"2016_2018"
"426",90,40,3204000,100037770,31.2,31.36,31.04,31.34,0.239999999999998,838,2018-12-28,29.9,31.91,71.6417910447761,44.4368537847261,33.0824111880433,32.1946666666667,22,5.46000000000027,"2016_2018"
"427",90,45,3204000,100037770,31.2,31.36,31.04,31.34,0.239999999999998,838,2018-12-28,29.9,31.91,71.6417910447761,44.4368537847261,33.0824111880433,32.1946666666667,22,0.0999999999999801,"2016_2018"
"428",90,50,3204000,100037770,31.2,31.36,31.04,31.34,0.239999999999998,838,2018-12-28,29.9,31.91,71.6417910447761,44.4368537847261,33.0824111880433,32.1946666666667,21,28.3400000000001,"2016_2018"
"429",90,55,3204000,100037770,31.2,31.36,31.04,31.34,0.239999999999998,838,2018-12-28,29.9,31.91,71.6417910447761,44.4368537847261,33.0824111880433,32.1946666666667,22,12.69,"2016_2018"
"430",95,5,3204000,100037770,31.2,31.36,31.04,31.34,0.239999999999998,838,2018-12-28,29.9,31.91,71.6417910447761,44.4368537847261,33.0824111880433,32.1946666666667,0,400,"2016_2018"
"431",95,10,3204000,100037770,31.2,31.36,31.04,31.34,0.239999999999998,838,2018-12-28,29.9,31.91,71.6417910447761,44.4368537847261,33.0824111880433,32.1946666666667,0,426.07,"2016_2018"
"432",95,15,3204000,100037770,31.2,31.36,31.04,31.34,0.239999999999998,838,2018-12-28,29.9,31.91,71.6417910447761,44.4368537847261,33.0824111880433,32.1946666666667,12,223.15,"2016_2018"
"433",95,20,3204000,100037770,31.2,31.36,31.04,31.34,0.239999999999998,838,2018-12-28,29.9,31.91,71.6417910447761,44.4368537847261,33.0824111880433,32.1946666666667,20,18.42,"2016_2018"
"434",95,25,3204000,100037770,31.2,31.36,31.04,31.34,0.239999999999998,838,2018-12-28,29.9,31.91,71.6417910447761,44.4368537847261,33.0824111880433,32.1946666666667,22,24.68,"2016_2018"
"435",95,30,3204000,100037770,31.2,31.36,31.04,31.34,0.239999999999998,838,2018-12-28,29.9,31.91,71.6417910447761,44.4368537847261,33.0824111880433,32.1946666666667,23,1.02000000000008,"2016_2018"
"436",95,35,3204000,100037770,31.2,31.36,31.04,31.34,0.239999999999998,838,2018-12-28,29.9,31.91,71.6417910447761,44.4368537847261,33.0824111880433,32.1946666666667,23,0.200000000000109,"2016_2018"
"437",95,40,3204000,100037770,31.2,31.36,31.04,31.34,0.239999999999998,838,2018-12-28,29.9,31.91,71.6417910447761,44.4368537847261,33.0824111880433,32.1946666666667,22,22.4300000000001,"2016_2018"
"438",95,45,3204000,100037770,31.2,31.36,31.04,31.34,0.239999999999998,838,2018-12-28,29.9,31.91,71.6417910447761,44.4368537847261,33.0824111880433,32.1946666666667,22,21.3700000000001,"2016_2018"
"439",95,50,3204000,100037770,31.2,31.36,31.04,31.34,0.239999999999998,838,2018-12-28,29.9,31.91,71.6417910447761,44.4368537847261,33.0824111880433,32.1946666666667,22,11.8400000000001,"2016_2018"
"440",95,55,3204000,100037770,31.2,31.36,31.04,31.34,0.239999999999998,838,2018-12-28,29.9,31.91,71.6417910447761,44.4368537847261,33.0824111880433,32.1946666666667,22,11.6800000000001,"2016_2018"
